"base_addr";31007800;"addr_bits";8;;
"base_sram_addr";31090800;
parameter;ACK_DLY=0;;;;
;;;;;
;;;;;
"module_name";"CAECStatistic_V60_L";;;;
"sub_addr";"addr";"RW";"bits";"default (hex)";"description"
"0x00";5000;"RW";5;10;;
;;;"[0]";"";"r_fish_eye_en"
;;;"[1]";"";"r_apt_mode_en"
;;;"[2]";"";"r_roi_weight_en"
;;;"[3]";"";"r_extra_roi_en"
;;;"[4]";"";"r_global_stat_y_en"
"0x04";5004;"RW";2;0;;
;;;"[1:0]";"";"r_weight_mode[1:0]"
"0x05";5005;"RW";7;20;;
;;;"[6:0]";"";"r_wthre1[6:0]"
"0x06";5006;"RW";7;60;;
;;;"[6:0]";"";"r_wthre2[6:0]"
"0x07";5007;"RW";8;3e;;
;;;"[7:0]";"";"r_wslope[7:0]"
"0x08";5008;"RW";6;1;;
;;;"[5:0]";"";"r_min_w[5:0]"
"0x09";5009;"RW";6;20;;
;;;"[5:0]";"";"r_max_w[5:0]"
"0x0a";500a;"RW";8;10;;
;;;"[7:0]";"";"r_dark_thre[7:0]"
"0x0b";500b;"RW";8;f0;;
;;;"[7:0]";"";"r_bright_thre[7:0]"
"0x0c";500c;"RW";8;8;;
;;;"[7:0]";"";"r_left[7:0]"
"0x0d";500d;"RW";8;8;;
;;;"[7:0]";"";"r_top[7:0]"
"0x0e";500e;"RW";8;8;;
;;;"[7:0]";"";"r_right[7:0]"
"0x0f";500f;"RW";8;8;;
;;;"[7:0]";"";"r_bottom[7:0]"
"0x10";5010;"RW";8;80;;
;;;"[7:0]";"";"r_apt_xcenter[7:0]"
"0x11";5011;"RW";4;2;;
;;;"[3:0]";"";"r_apt_xcenter[11:8]"
"0x12";5012;"RW";8;e0;;
;;;"[7:0]";"";"r_apt_ycenter[7:0]"
"0x13";5013;"RW";4;1;;
;;;"[3:0]";"";"r_apt_ycenter[11:8]"
"0x14";5014;"RW";8;0;;
;;;"[7:0]";"";"r_apt_max_r[7:0]"
"0x15";5015;"RW";4;3;;
;;;"[3:0]";"";"r_apt_max_r[11:8]"
"0x16";5016;"RW";4;8;;
;;;"[3:0]";"";"r_apt_str[3:0]"
"0x18";5018;"RW";8;80;;
;;;"[7:0]";"";"r_fisheye_xcen[7:0]"
"0x19";5019;"RW";4;2;;
;;;"[3:0]";"";"r_fisheye_xcen[11:8]"
"0x1a";501a;"RW";8;e0;;
;;;"[7:0]";"";"r_fisheye_ycen[7:0]"
"0x1b";501b;"RW";4;1;;
;;;"[3:0]";"";"r_fisheye_ycen[11:8]"
"0x1c";501c;"RW";8;8a;;
;;;"[7:0]";"";"r_fisheye_rad[7:0]"
"0x1d";501d;"RW";4;2;;
;;;"[3:0]";"";"r_fisheye_rad[11:8]"
"0x20";5020;"RW";5;10;;
;;;"[4:0]";"";"r_roi_width[4:0]"
"0x21";5021;"RW";5;9;;
;;;"[4:0]";"";"r_roi_height[4:0]"
"0x22";5022;"RW";8;0;;
;;;"[7:0]";"";"r_ofsh[7:0]"
"0x23";5023;"RW";4;0;;
;;;"[3:0]";"";"r_ofsh[11:8]"
"0x24";5024;"RW";8;0;;
;;;"[7:0]";"";"r_ofsv[7:0]"
"0x25";5025;"RW";4;0;;
;;;"[3:0]";"";"r_ofsv[11:8]"
"0x26";5026;"RW";8;0;;
;;;"[7:0]";"";"r_sclh[7:0]"
"0x27";5027;"RW";4;0;;
;;;"[3:0]";"";"r_sclh[11:8]"
"0x28";5028;"RW";8;0;;
;;;"[7:0]";"";"r_sclv[7:0]"
"0x29";5029;"RW";4;0;;
;;;"[3:0]";"";"r_sclv[11:8]"
"0x30";5030;"RW";8;ff;;
;;;"[1:0]";"";"r_roi_blk_w[0][1:0]"
;;;"[3:2]";"";"r_roi_blk_w[1][1:0]"
;;;"[5:4]";"";"r_roi_blk_w[2][1:0]"
;;;"[7:6]";"";"r_roi_blk_w[3][1:0]"
"0x31";5031;"RW";8;ff;;
;;;"[1:0]";"";"r_roi_blk_w[4][1:0]"
;;;"[3:2]";"";"r_roi_blk_w[5][1:0]"
;;;"[5:4]";"";"r_roi_blk_w[6][1:0]"
;;;"[7:6]";"";"r_roi_blk_w[7][1:0]"
"0x32";5032;"RW";8;ff;;
;;;"[1:0]";"";"r_roi_blk_w[8][1:0]"
;;;"[3:2]";"";"r_roi_blk_w[9][1:0]"
;;;"[5:4]";"";"r_roi_blk_w[10][1:0]"
;;;"[7:6]";"";"r_roi_blk_w[11][1:0]"
"0x33";5033;"RW";8;ff;;
;;;"[1:0]";"";"r_roi_blk_w[12][1:0]"
;;;"[3:2]";"";"r_roi_blk_w[13][1:0]"
;;;"[5:4]";"";"r_roi_blk_w[14][1:0]"
;;;"[7:6]";"";"r_roi_blk_w[15][1:0]"
"0x34";5034;"RW";8;ff;;
;;;"[1:0]";"";"r_roi_blk_w[16][1:0]"
;;;"[3:2]";"";"r_roi_blk_w[17][1:0]"
;;;"[5:4]";"";"r_roi_blk_w[18][1:0]"
;;;"[7:6]";"";"r_roi_blk_w[19][1:0]"
"0x35";5035;"RW";8;ff;;
;;;"[1:0]";"";"r_roi_blk_w[20][1:0]"
;;;"[3:2]";"";"r_roi_blk_w[21][1:0]"
;;;"[5:4]";"";"r_roi_blk_w[22][1:0]"
;;;"[7:6]";"";"r_roi_blk_w[23][1:0]"
"0x36";5036;"RW";8;ff;;
;;;"[1:0]";"";"r_roi_blk_w[24][1:0]"
;;;"[3:2]";"";"r_roi_blk_w[25][1:0]"
;;;"[5:4]";"";"r_roi_blk_w[26][1:0]"
;;;"[7:6]";"";"r_roi_blk_w[27][1:0]"
"0x37";5037;"RW";8;ff;;
;;;"[1:0]";"";"r_roi_blk_w[28][1:0]"
;;;"[3:2]";"";"r_roi_blk_w[29][1:0]"
;;;"[5:4]";"";"r_roi_blk_w[30][1:0]"
;;;"[7:6]";"";"r_roi_blk_w[31][1:0]"
"0x38";5038;"RW";8;ff;;
;;;"[1:0]";"";"r_roi_blk_w[32][1:0]"
;;;"[3:2]";"";"r_roi_blk_w[33][1:0]"
;;;"[5:4]";"";"r_roi_blk_w[34][1:0]"
;;;"[7:6]";"";"r_roi_blk_w[35][1:0]"
"0x39";5039;"RW";8;ff;;
;;;"[1:0]";"";"r_roi_blk_w[36][1:0]"
;;;"[3:2]";"";"r_roi_blk_w[37][1:0]"
;;;"[5:4]";"";"r_roi_blk_w[38][1:0]"
;;;"[7:6]";"";"r_roi_blk_w[39][1:0]"
"0x3a";503a;"RW";8;ff;;
;;;"[1:0]";"";"r_roi_blk_w[40][1:0]"
;;;"[3:2]";"";"r_roi_blk_w[41][1:0]"
;;;"[5:4]";"";"r_roi_blk_w[42][1:0]"
;;;"[7:6]";"";"r_roi_blk_w[43][1:0]"
"0x3b";503b;"RW";8;ff;;
;;;"[1:0]";"";"r_roi_blk_w[44][1:0]"
;;;"[3:2]";"";"r_roi_blk_w[45][1:0]"
;;;"[5:4]";"";"r_roi_blk_w[46][1:0]"
;;;"[7:6]";"";"r_roi_blk_w[47][1:0]"
"0x3c";503c;"RW";8;ff;;
;;;"[1:0]";"";"r_roi_blk_w[48][1:0]"
;;;"[3:2]";"";"r_roi_blk_w[49][1:0]"
;;;"[5:4]";"";"r_roi_blk_w[50][1:0]"
;;;"[7:6]";"";"r_roi_blk_w[51][1:0]"
"0x3d";503d;"RW";8;ff;;
;;;"[1:0]";"";"r_roi_blk_w[52][1:0]"
;;;"[3:2]";"";"r_roi_blk_w[53][1:0]"
;;;"[5:4]";"";"r_roi_blk_w[54][1:0]"
;;;"[7:6]";"";"r_roi_blk_w[55][1:0]"
"0x3e";503e;"RW";8;ff;;
;;;"[1:0]";"";"r_roi_blk_w[56][1:0]"
;;;"[3:2]";"";"r_roi_blk_w[57][1:0]"
;;;"[5:4]";"";"r_roi_blk_w[58][1:0]"
;;;"[7:6]";"";"r_roi_blk_w[59][1:0]"
"0x3f";503f;"RW";8;ff;;
;;;"[1:0]";"";"r_roi_blk_w[60][1:0]"
;;;"[3:2]";"";"r_roi_blk_w[61][1:0]"
;;;"[5:4]";"";"r_roi_blk_w[62][1:0]"
;;;"[7:6]";"";"r_roi_blk_w[63][1:0]"
"0x40";5040;"RW";8;ff;;
;;;"[1:0]";"";"r_roi_blk_w[64][1:0]"
;;;"[3:2]";"";"r_roi_blk_w[65][1:0]"
;;;"[5:4]";"";"r_roi_blk_w[66][1:0]"
;;;"[7:6]";"";"r_roi_blk_w[67][1:0]"
"0x41";5041;"RW";8;ff;;
;;;"[1:0]";"";"r_roi_blk_w[68][1:0]"
;;;"[3:2]";"";"r_roi_blk_w[69][1:0]"
;;;"[5:4]";"";"r_roi_blk_w[70][1:0]"
;;;"[7:6]";"";"r_roi_blk_w[71][1:0]"
"0x42";5042;"RW";8;ff;;
;;;"[1:0]";"";"r_roi_blk_w[72][1:0]"
;;;"[3:2]";"";"r_roi_blk_w[73][1:0]"
;;;"[5:4]";"";"r_roi_blk_w[74][1:0]"
;;;"[7:6]";"";"r_roi_blk_w[75][1:0]"
"0x43";5043;"RW";8;ff;;
;;;"[1:0]";"";"r_roi_blk_w[76][1:0]"
;;;"[3:2]";"";"r_roi_blk_w[77][1:0]"
;;;"[5:4]";"";"r_roi_blk_w[78][1:0]"
;;;"[7:6]";"";"r_roi_blk_w[79][1:0]"
"0x44";5044;"RW";8;ff;;
;;;"[1:0]";"";"r_roi_blk_w[80][1:0]"
;;;"[3:2]";"";"r_roi_blk_w[81][1:0]"
;;;"[5:4]";"";"r_roi_blk_w[82][1:0]"
;;;"[7:6]";"";"r_roi_blk_w[83][1:0]"
"0x45";5045;"RW";8;ff;;
;;;"[1:0]";"";"r_roi_blk_w[84][1:0]"
;;;"[3:2]";"";"r_roi_blk_w[85][1:0]"
;;;"[5:4]";"";"r_roi_blk_w[86][1:0]"
;;;"[7:6]";"";"r_roi_blk_w[87][1:0]"
"0x46";5046;"RW";8;ff;;
;;;"[1:0]";"";"r_roi_blk_w[88][1:0]"
;;;"[3:2]";"";"r_roi_blk_w[89][1:0]"
;;;"[5:4]";"";"r_roi_blk_w[90][1:0]"
;;;"[7:6]";"";"r_roi_blk_w[91][1:0]"
"0x47";5047;"RW";8;ff;;
;;;"[1:0]";"";"r_roi_blk_w[92][1:0]"
;;;"[3:2]";"";"r_roi_blk_w[93][1:0]"
;;;"[5:4]";"";"r_roi_blk_w[94][1:0]"
;;;"[7:6]";"";"r_roi_blk_w[95][1:0]"
"0x48";5048;"RW";8;ff;;
;;;"[1:0]";"";"r_roi_blk_w[96][1:0]"
;;;"[3:2]";"";"r_roi_blk_w[97][1:0]"
;;;"[5:4]";"";"r_roi_blk_w[98][1:0]"
;;;"[7:6]";"";"r_roi_blk_w[99][1:0]"
"0x49";5049;"RW";8;ff;;
;;;"[1:0]";"";"r_roi_blk_w[100][1:0]"
;;;"[3:2]";"";"r_roi_blk_w[101][1:0]"
;;;"[5:4]";"";"r_roi_blk_w[102][1:0]"
;;;"[7:6]";"";"r_roi_blk_w[103][1:0]"
"0x4a";504a;"RW";8;ff;;
;;;"[1:0]";"";"r_roi_blk_w[104][1:0]"
;;;"[3:2]";"";"r_roi_blk_w[105][1:0]"
;;;"[5:4]";"";"r_roi_blk_w[106][1:0]"
;;;"[7:6]";"";"r_roi_blk_w[107][1:0]"
"0x4b";504b;"RW";8;ff;;
;;;"[1:0]";"";"r_roi_blk_w[108][1:0]"
;;;"[3:2]";"";"r_roi_blk_w[109][1:0]"
;;;"[5:4]";"";"r_roi_blk_w[110][1:0]"
;;;"[7:6]";"";"r_roi_blk_w[111][1:0]"
"0x4c";504c;"RW";8;ff;;
;;;"[1:0]";"";"r_roi_blk_w[112][1:0]"
;;;"[3:2]";"";"r_roi_blk_w[113][1:0]"
;;;"[5:4]";"";"r_roi_blk_w[114][1:0]"
;;;"[7:6]";"";"r_roi_blk_w[115][1:0]"
"0x4d";504d;"RW";8;ff;;
;;;"[1:0]";"";"r_roi_blk_w[116][1:0]"
;;;"[3:2]";"";"r_roi_blk_w[117][1:0]"
;;;"[5:4]";"";"r_roi_blk_w[118][1:0]"
;;;"[7:6]";"";"r_roi_blk_w[119][1:0]"
"0x4e";504e;"RW";8;ff;;
;;;"[1:0]";"";"r_roi_blk_w[120][1:0]"
;;;"[3:2]";"";"r_roi_blk_w[121][1:0]"
;;;"[5:4]";"";"r_roi_blk_w[122][1:0]"
;;;"[7:6]";"";"r_roi_blk_w[123][1:0]"
"0x4f";504f;"RW";8;ff;;
;;;"[1:0]";"";"r_roi_blk_w[124][1:0]"
;;;"[3:2]";"";"r_roi_blk_w[125][1:0]"
;;;"[5:4]";"";"r_roi_blk_w[126][1:0]"
;;;"[7:6]";"";"r_roi_blk_w[127][1:0]"
"0x50";5050;"RW";8;ff;;
;;;"[1:0]";"";"r_roi_blk_w[128][1:0]"
;;;"[3:2]";"";"r_roi_blk_w[129][1:0]"
;;;"[5:4]";"";"r_roi_blk_w[130][1:0]"
;;;"[7:6]";"";"r_roi_blk_w[131][1:0]"
"0x51";5051;"RW";8;ff;;
;;;"[1:0]";"";"r_roi_blk_w[132][1:0]"
;;;"[3:2]";"";"r_roi_blk_w[133][1:0]"
;;;"[5:4]";"";"r_roi_blk_w[134][1:0]"
;;;"[7:6]";"";"r_roi_blk_w[135][1:0]"
"0x52";5052;"RW";8;ff;;
;;;"[1:0]";"";"r_roi_blk_w[136][1:0]"
;;;"[3:2]";"";"r_roi_blk_w[137][1:0]"
;;;"[5:4]";"";"r_roi_blk_w[138][1:0]"
;;;"[7:6]";"";"r_roi_blk_w[139][1:0]"
"0x53";5053;"RW";8;ff;;
;;;"[1:0]";"";"r_roi_blk_w[140][1:0]"
;;;"[3:2]";"";"r_roi_blk_w[141][1:0]"
;;;"[5:4]";"";"r_roi_blk_w[142][1:0]"
;;;"[7:6]";"";"r_roi_blk_w[143][1:0]"
"0x54";5054;"RW";8;ff;;
;;;"[1:0]";"";"r_roi_blk_w[144][1:0]"
;;;"[3:2]";"";"r_roi_blk_w[145][1:0]"
;;;"[5:4]";"";"r_roi_blk_w[146][1:0]"
;;;"[7:6]";"";"r_roi_blk_w[147][1:0]"
"0x55";5055;"RW";8;ff;;
;;;"[1:0]";"";"r_roi_blk_w[148][1:0]"
;;;"[3:2]";"";"r_roi_blk_w[149][1:0]"
;;;"[5:4]";"";"r_roi_blk_w[150][1:0]"
;;;"[7:6]";"";"r_roi_blk_w[151][1:0]"
"0x56";5056;"RW";8;ff;;
;;;"[1:0]";"";"r_roi_blk_w[152][1:0]"
;;;"[3:2]";"";"r_roi_blk_w[153][1:0]"
;;;"[5:4]";"";"r_roi_blk_w[154][1:0]"
;;;"[7:6]";"";"r_roi_blk_w[155][1:0]"
"0x57";5057;"RW";8;ff;;
;;;"[1:0]";"";"r_roi_blk_w[156][1:0]"
;;;"[3:2]";"";"r_roi_blk_w[157][1:0]"
;;;"[5:4]";"";"r_roi_blk_w[158][1:0]"
;;;"[7:6]";"";"r_roi_blk_w[159][1:0]"
"0x58";5058;"RW";8;ff;;
;;;"[1:0]";"";"r_roi_blk_w[160][1:0]"
;;;"[3:2]";"";"r_roi_blk_w[161][1:0]"
;;;"[5:4]";"";"r_roi_blk_w[162][1:0]"
;;;"[7:6]";"";"r_roi_blk_w[163][1:0]"
"0x59";5059;"RW";8;ff;;
;;;"[1:0]";"";"r_roi_blk_w[164][1:0]"
;;;"[3:2]";"";"r_roi_blk_w[165][1:0]"
;;;"[5:4]";"";"r_roi_blk_w[166][1:0]"
;;;"[7:6]";"";"r_roi_blk_w[167][1:0]"
"0x5a";505a;"RW";8;ff;;
;;;"[1:0]";"";"r_roi_blk_w[168][1:0]"
;;;"[3:2]";"";"r_roi_blk_w[169][1:0]"
;;;"[5:4]";"";"r_roi_blk_w[170][1:0]"
;;;"[7:6]";"";"r_roi_blk_w[171][1:0]"
"0x5b";505b;"RW";8;ff;;
;;;"[1:0]";"";"r_roi_blk_w[172][1:0]"
;;;"[3:2]";"";"r_roi_blk_w[173][1:0]"
;;;"[5:4]";"";"r_roi_blk_w[174][1:0]"
;;;"[7:6]";"";"r_roi_blk_w[175][1:0]"
"0x5c";505c;"RW";8;ff;;
;;;"[1:0]";"";"r_roi_blk_w[176][1:0]"
;;;"[3:2]";"";"r_roi_blk_w[177][1:0]"
;;;"[5:4]";"";"r_roi_blk_w[178][1:0]"
;;;"[7:6]";"";"r_roi_blk_w[179][1:0]"
"0x5d";505d;"RW";8;ff;;
;;;"[1:0]";"";"r_roi_blk_w[180][1:0]"
;;;"[3:2]";"";"r_roi_blk_w[181][1:0]"
;;;"[5:4]";"";"r_roi_blk_w[182][1:0]"
;;;"[7:6]";"";"r_roi_blk_w[183][1:0]"
"0x5e";505e;"RW";8;ff;;
;;;"[1:0]";"";"r_roi_blk_w[184][1:0]"
;;;"[3:2]";"";"r_roi_blk_w[185][1:0]"
;;;"[5:4]";"";"r_roi_blk_w[186][1:0]"
;;;"[7:6]";"";"r_roi_blk_w[187][1:0]"
"0x5f";505f;"RW";8;ff;;
;;;"[1:0]";"";"r_roi_blk_w[188][1:0]"
;;;"[3:2]";"";"r_roi_blk_w[189][1:0]"
;;;"[5:4]";"";"r_roi_blk_w[190][1:0]"
;;;"[7:6]";"";"r_roi_blk_w[191][1:0]"
"0x60";5060;"RO";8;0;;
;;;"[7:0]";"";"r_black_m[7:0]"
"0x61";5061;"RO";8;0;;
;;;"[7:0]";"";"r_black_m[15:8]"
"0x62";5062;"RO";8;0;;
;;;"[7:0]";"";"r_black_m[23:16]"
"0x63";5063;"RO";8;0;;
;;;"[7:0]";"";"r_black_m[31:24]"
"0x64";5064;"RO";8;0;;
;;;"[7:0]";"";"r_midtone_m[7:0]"
"0x65";5065;"RO";8;0;;
;;;"[7:0]";"";"r_midtone_m[15:8]"
"0x66";5066;"RO";8;0;;
;;;"[7:0]";"";"r_midtone_m[23:16]"
"0x67";5067;"RO";8;0;;
;;;"[7:0]";"";"r_midtone_m[31:24]"
"0x68";5068;"RO";8;0;;
;;;"[7:0]";"";"r_highlight_m[7:0]"
"0x69";5069;"RO";8;0;;
;;;"[7:0]";"";"r_highlight_m[15:8]"
"0x6a";506a;"RO";8;0;;
;;;"[7:0]";"";"r_highlight_m[23:16]"
"0x6b";506b;"RO";8;0;;
;;;"[7:0]";"";"r_highlight_m[31:24]"
"0x6c";506c;"RO";8;0;;
;;;"[7:0]";"";"r_black_w[7:0]"
"0x6d";506d;"RO";8;0;;
;;;"[7:0]";"";"r_black_w[15:8]"
"0x6e";506e;"RO";8;0;;
;;;"[7:0]";"";"r_black_w[23:16]"
"0x70";5070;"RO";8;0;;
;;;"[7:0]";"";"r_midtone_w[7:0]"
"0x71";5071;"RO";8;0;;
;;;"[7:0]";"";"r_midtone_w[15:8]"
"0x72";5072;"RO";8;0;;
;;;"[7:0]";"";"r_midtone_w[23:16]"
"0x74";5074;"RO";8;0;;
;;;"[7:0]";"";"r_highlight_w[7:0]"
"0x75";5075;"RO";8;0;;
;;;"[7:0]";"";"r_highlight_w[15:8]"
"0x76";5076;"RO";8;0;;
;;;"[7:0]";"";"r_highlight_w[23:16]"
"0x90";5090;"RW";8;0;;
;;;"[7:0]";"";"r_ex_roi_pos[0][0][7:0]"
"0x91";5091;"RW";4;0;;
;;;"[3:0]";"";"r_ex_roi_pos[0][0][11:8]"
"0x92";5092;"RW";8;0;;
;;;"[7:0]";"";"r_ex_roi_pos[0][1][7:0]"
"0x93";5093;"RW";4;0;;
;;;"[3:0]";"";"r_ex_roi_pos[0][1][11:8]"
"0x94";5094;"RW";8;0;;
;;;"[7:0]";"";"r_ex_roi_pos[0][2][7:0]"
"0x95";5095;"RW";4;0;;
;;;"[3:0]";"";"r_ex_roi_pos[0][2][11:8]"
"0x96";5096;"RW";8;0;;
;;;"[7:0]";"";"r_ex_roi_pos[0][3][7:0]"
"0x97";5097;"RW";4;0;;
;;;"[3:0]";"";"r_ex_roi_pos[0][3][11:8]"
"0x98";5098;"RW";8;0;;
;;;"[7:0]";"";"r_ex_roi_pos[1][0][7:0]"
"0x99";5099;"RW";4;0;;
;;;"[3:0]";"";"r_ex_roi_pos[1][0][11:8]"
"0x9a";509a;"RW";8;0;;
;;;"[7:0]";"";"r_ex_roi_pos[1][1][7:0]"
"0x9b";509b;"RW";4;0;;
;;;"[3:0]";"";"r_ex_roi_pos[1][1][11:8]"
"0x9c";509c;"RW";8;0;;
;;;"[7:0]";"";"r_ex_roi_pos[1][2][7:0]"
"0x9d";509d;"RW";4;0;;
;;;"[3:0]";"";"r_ex_roi_pos[1][2][11:8]"
"0x9e";509e;"RW";8;0;;
;;;"[7:0]";"";"r_ex_roi_pos[1][3][7:0]"
"0x9f";509f;"RW";4;0;;
;;;"[3:0]";"";"r_ex_roi_pos[1][3][11:8]"
"0xa0";50a0;"RW";8;0;;
;;;"[7:0]";"";"r_ex_roi_pos[2][0][7:0]"
"0xa1";50a1;"RW";4;0;;
;;;"[3:0]";"";"r_ex_roi_pos[2][0][11:8]"
"0xa2";50a2;"RW";8;0;;
;;;"[7:0]";"";"r_ex_roi_pos[2][1][7:0]"
"0xa3";50a3;"RW";4;0;;
;;;"[3:0]";"";"r_ex_roi_pos[2][1][11:8]"
"0xa4";50a4;"RW";8;0;;
;;;"[7:0]";"";"r_ex_roi_pos[2][2][7:0]"
"0xa5";50a5;"RW";4;0;;
;;;"[3:0]";"";"r_ex_roi_pos[2][2][11:8]"
"0xa6";50a6;"RW";8;0;;
;;;"[7:0]";"";"r_ex_roi_pos[2][3][7:0]"
"0xa7";50a7;"RW";4;0;;
;;;"[3:0]";"";"r_ex_roi_pos[2][3][11:8]"
"0xa8";50a8;"RW";8;0;;
;;;"[7:0]";"";"r_ex_roi_pos[3][0][7:0]"
"0xa9";50a9;"RW";4;0;;
;;;"[3:0]";"";"r_ex_roi_pos[3][0][11:8]"
"0xaa";50aa;"RW";8;0;;
;;;"[7:0]";"";"r_ex_roi_pos[3][1][7:0]"
"0xab";50ab;"RW";4;0;;
;;;"[3:0]";"";"r_ex_roi_pos[3][1][11:8]"
"0xac";50ac;"RW";8;0;;
;;;"[7:0]";"";"r_ex_roi_pos[3][2][7:0]"
"0xad";50ad;"RW";4;0;;
;;;"[3:0]";"";"r_ex_roi_pos[3][2][11:8]"
"0xae";50ae;"RW";8;0;;
;;;"[7:0]";"";"r_ex_roi_pos[3][3][7:0]"
"0xaf";50af;"RW";4;0;;
;;;"[3:0]";"";"r_ex_roi_pos[3][3][11:8]"
"0xb0";50b0;"RO";8;0;;
;;;"[7:0]";"";"r_ex_roi_sum[0][7:0]"
"0xb1";50b1;"RO";8;0;;
;;;"[7:0]";"";"r_ex_roi_sum[0][15:8]"
"0xb2";50b2;"RO";8;0;;
;;;"[7:0]";"";"r_ex_roi_sum[0][23:16]"
"0xb3";50b3;"RO";7;0;;
;;;"[6:0]";"";"r_ex_roi_sum[0][30:24]"
"0xb4";50b4;"RO";8;0;;
;;;"[7:0]";"";"r_ex_roi_sum[1][7:0]"
"0xb5";50b5;"RO";8;0;;
;;;"[7:0]";"";"r_ex_roi_sum[1][15:8]"
"0xb6";50b6;"RO";8;0;;
;;;"[7:0]";"";"r_ex_roi_sum[1][23:16]"
"0xb7";50b7;"RO";7;0;;
;;;"[6:0]";"";"r_ex_roi_sum[1][30:24]"
"0xb8";50b8;"RO";8;0;;
;;;"[7:0]";"";"r_ex_roi_sum[2][7:0]"
"0xb9";50b9;"RO";8;0;;
;;;"[7:0]";"";"r_ex_roi_sum[2][15:8]"
"0xba";50ba;"RO";8;0;;
;;;"[7:0]";"";"r_ex_roi_sum[2][23:16]"
"0xbb";50bb;"RO";7;0;;
;;;"[6:0]";"";"r_ex_roi_sum[2][30:24]"
"0xbc";50bc;"RO";8;0;;
;;;"[7:0]";"";"r_ex_roi_sum[3][7:0]"
"0xbd";50bd;"RO";8;0;;
;;;"[7:0]";"";"r_ex_roi_sum[3][15:8]"
"0xbe";50be;"RO";8;0;;
;;;"[7:0]";"";"r_ex_roi_sum[3][23:16]"
"0xbf";50bf;"RO";7;0;;
;;;"[6:0]";"";"r_ex_roi_sum[3][30:24]"
"0xc0";50c0;"RO";8;0;;
;;;"[7:0]";"";"r_ex_roi_cnt[0][7:0]"
"0xc1";50c1;"RO";8;0;;
;;;"[7:0]";"";"r_ex_roi_cnt[0][15:8]"
"0xc2";50c2;"RO";7;0;;
;;;"[6:0]";"";"r_ex_roi_cnt[0][22:16]"
"0xc4";50c4;"RO";8;0;;
;;;"[7:0]";"";"r_ex_roi_cnt[1][7:0]"
"0xc5";50c5;"RO";8;0;;
;;;"[7:0]";"";"r_ex_roi_cnt[1][15:8]"
"0xc6";50c6;"RO";7;0;;
;;;"[6:0]";"";"r_ex_roi_cnt[1][22:16]"
"0xc8";50c8;"RO";8;0;;
;;;"[7:0]";"";"r_ex_roi_cnt[2][7:0]"
"0xc9";50c9;"RO";8;0;;
;;;"[7:0]";"";"r_ex_roi_cnt[2][15:8]"
"0xca";50ca;"RO";7;0;;
;;;"[6:0]";"";"r_ex_roi_cnt[2][22:16]"
"0xcc";50cc;"RO";8;0;;
;;;"[7:0]";"";"r_ex_roi_cnt[3][7:0]"
"0xcd";50cd;"RO";8;0;;
;;;"[7:0]";"";"r_ex_roi_cnt[3][15:8]"
"0xce";50ce;"RO";7;0;;
;;;"[6:0]";"";"r_ex_roi_cnt[3][22:16]"
"0x00";5000;"RO";8;0;;
;;;"[7:0]";"";"s_hist_0[7:0]"
"0x01";5001;"RO";8;0;;
;;;"[7:0]";"";"s_hist_0[15:8]"
"0x02";5002;"RO";8;0;;
;;;"[7:0]";"";"s_hist_1[7:0]"
"0x03";5003;"RO";8;0;;
;;;"[7:0]";"";"s_hist_1[15:8]"
"0x04";5004;"RO";8;0;;
;;;"[7:0]";"";"s_hist_2[7:0]"
"0x05";5005;"RO";8;0;;
;;;"[7:0]";"";"s_hist_2[15:8]"
"0x06";5006;"RO";8;0;;
;;;"[7:0]";"";"s_hist_3[7:0]"
"0x07";5007;"RO";8;0;;
;;;"[7:0]";"";"s_hist_3[15:8]"
"0x08";5008;"RO";8;0;;
;;;"[7:0]";"";"s_hist_4[7:0]"
"0x09";5009;"RO";8;0;;
;;;"[7:0]";"";"s_hist_4[15:8]"
"0x0a";500a;"RO";8;0;;
;;;"[7:0]";"";"s_hist_5[7:0]"
"0x0b";500b;"RO";8;0;;
;;;"[7:0]";"";"s_hist_5[15:8]"
"0x0c";500c;"RO";8;0;;
;;;"[7:0]";"";"s_hist_6[7:0]"
"0x0d";500d;"RO";8;0;;
;;;"[7:0]";"";"s_hist_6[15:8]"
"0x0e";500e;"RO";8;0;;
;;;"[7:0]";"";"s_hist_7[7:0]"
"0x0f";500f;"RO";8;0;;
;;;"[7:0]";"";"s_hist_7[15:8]"
"0x10";5010;"RO";8;0;;
;;;"[7:0]";"";"s_hist_8[7:0]"
"0x11";5011;"RO";8;0;;
;;;"[7:0]";"";"s_hist_8[15:8]"
"0x12";5012;"RO";8;0;;
;;;"[7:0]";"";"s_hist_9[7:0]"
"0x13";5013;"RO";8;0;;
;;;"[7:0]";"";"s_hist_9[15:8]"
"0x14";5014;"RO";8;0;;
;;;"[7:0]";"";"s_hist_10[7:0]"
"0x15";5015;"RO";8;0;;
;;;"[7:0]";"";"s_hist_10[15:8]"
"0x16";5016;"RO";8;0;;
;;;"[7:0]";"";"s_hist_11[7:0]"
"0x17";5017;"RO";8;0;;
;;;"[7:0]";"";"s_hist_11[15:8]"
"0x18";5018;"RO";8;0;;
;;;"[7:0]";"";"s_hist_12[7:0]"
"0x19";5019;"RO";8;0;;
;;;"[7:0]";"";"s_hist_12[15:8]"
"0x1a";501a;"RO";8;0;;
;;;"[7:0]";"";"s_hist_13[7:0]"
"0x1b";501b;"RO";8;0;;
;;;"[7:0]";"";"s_hist_13[15:8]"
"0x1c";501c;"RO";8;0;;
;;;"[7:0]";"";"s_hist_14[7:0]"
"0x1d";501d;"RO";8;0;;
;;;"[7:0]";"";"s_hist_14[15:8]"
"0x1e";501e;"RO";8;0;;
;;;"[7:0]";"";"s_hist_15[7:0]"
"0x1f";501f;"RO";8;0;;
;;;"[7:0]";"";"s_hist_15[15:8]"
"0x20";5020;"RO";8;0;;
;;;"[7:0]";"";"s_hist_16[7:0]"
"0x21";5021;"RO";8;0;;
;;;"[7:0]";"";"s_hist_16[15:8]"
"0x22";5022;"RO";8;0;;
;;;"[7:0]";"";"s_hist_17[7:0]"
"0x23";5023;"RO";8;0;;
;;;"[7:0]";"";"s_hist_17[15:8]"
"0x24";5024;"RO";8;0;;
;;;"[7:0]";"";"s_hist_18[7:0]"
"0x25";5025;"RO";8;0;;
;;;"[7:0]";"";"s_hist_18[15:8]"
"0x26";5026;"RO";8;0;;
;;;"[7:0]";"";"s_hist_19[7:0]"
"0x27";5027;"RO";8;0;;
;;;"[7:0]";"";"s_hist_19[15:8]"
"0x28";5028;"RO";8;0;;
;;;"[7:0]";"";"s_hist_20[7:0]"
"0x29";5029;"RO";8;0;;
;;;"[7:0]";"";"s_hist_20[15:8]"
"0x2a";502a;"RO";8;0;;
;;;"[7:0]";"";"s_hist_21[7:0]"
"0x2b";502b;"RO";8;0;;
;;;"[7:0]";"";"s_hist_21[15:8]"
"0x2c";502c;"RO";8;0;;
;;;"[7:0]";"";"s_hist_22[7:0]"
"0x2d";502d;"RO";8;0;;
;;;"[7:0]";"";"s_hist_22[15:8]"
"0x2e";502e;"RO";8;0;;
;;;"[7:0]";"";"s_hist_23[7:0]"
"0x2f";502f;"RO";8;0;;
;;;"[7:0]";"";"s_hist_23[15:8]"
"0x30";5030;"RO";8;0;;
;;;"[7:0]";"";"s_hist_24[7:0]"
"0x31";5031;"RO";8;0;;
;;;"[7:0]";"";"s_hist_24[15:8]"
"0x32";5032;"RO";8;0;;
;;;"[7:0]";"";"s_hist_25[7:0]"
"0x33";5033;"RO";8;0;;
;;;"[7:0]";"";"s_hist_25[15:8]"
"0x34";5034;"RO";8;0;;
;;;"[7:0]";"";"s_hist_26[7:0]"
"0x35";5035;"RO";8;0;;
;;;"[7:0]";"";"s_hist_26[15:8]"
"0x36";5036;"RO";8;0;;
;;;"[7:0]";"";"s_hist_27[7:0]"
"0x37";5037;"RO";8;0;;
;;;"[7:0]";"";"s_hist_27[15:8]"
"0x38";5038;"RO";8;0;;
;;;"[7:0]";"";"s_hist_28[7:0]"
"0x39";5039;"RO";8;0;;
;;;"[7:0]";"";"s_hist_28[15:8]"
"0x3a";503a;"RO";8;0;;
;;;"[7:0]";"";"s_hist_29[7:0]"
"0x3b";503b;"RO";8;0;;
;;;"[7:0]";"";"s_hist_29[15:8]"
"0x3c";503c;"RO";8;0;;
;;;"[7:0]";"";"s_hist_30[7:0]"
"0x3d";503d;"RO";8;0;;
;;;"[7:0]";"";"s_hist_30[15:8]"
"0x3e";503e;"RO";8;0;;
;;;"[7:0]";"";"s_hist_31[7:0]"
"0x3f";503f;"RO";8;0;;
;;;"[7:0]";"";"s_hist_31[15:8]"
"0x40";5040;"RO";8;0;;
;;;"[7:0]";"";"s_hist_32[7:0]"
"0x41";5041;"RO";8;0;;
;;;"[7:0]";"";"s_hist_32[15:8]"
"0x42";5042;"RO";8;0;;
;;;"[7:0]";"";"s_hist_33[7:0]"
"0x43";5043;"RO";8;0;;
;;;"[7:0]";"";"s_hist_33[15:8]"
"0x44";5044;"RO";8;0;;
;;;"[7:0]";"";"s_hist_34[7:0]"
"0x45";5045;"RO";8;0;;
;;;"[7:0]";"";"s_hist_34[15:8]"
"0x46";5046;"RO";8;0;;
;;;"[7:0]";"";"s_hist_35[7:0]"
"0x47";5047;"RO";8;0;;
;;;"[7:0]";"";"s_hist_35[15:8]"
"0x48";5048;"RO";8;0;;
;;;"[7:0]";"";"s_hist_36[7:0]"
"0x49";5049;"RO";8;0;;
;;;"[7:0]";"";"s_hist_36[15:8]"
"0x4a";504a;"RO";8;0;;
;;;"[7:0]";"";"s_hist_37[7:0]"
"0x4b";504b;"RO";8;0;;
;;;"[7:0]";"";"s_hist_37[15:8]"
"0x4c";504c;"RO";8;0;;
;;;"[7:0]";"";"s_hist_38[7:0]"
"0x4d";504d;"RO";8;0;;
;;;"[7:0]";"";"s_hist_38[15:8]"
"0x4e";504e;"RO";8;0;;
;;;"[7:0]";"";"s_hist_39[7:0]"
"0x4f";504f;"RO";8;0;;
;;;"[7:0]";"";"s_hist_39[15:8]"
"0x50";5050;"RO";8;0;;
;;;"[7:0]";"";"s_hist_40[7:0]"
"0x51";5051;"RO";8;0;;
;;;"[7:0]";"";"s_hist_40[15:8]"
"0x52";5052;"RO";8;0;;
;;;"[7:0]";"";"s_hist_41[7:0]"
"0x53";5053;"RO";8;0;;
;;;"[7:0]";"";"s_hist_41[15:8]"
"0x54";5054;"RO";8;0;;
;;;"[7:0]";"";"s_hist_42[7:0]"
"0x55";5055;"RO";8;0;;
;;;"[7:0]";"";"s_hist_42[15:8]"
"0x56";5056;"RO";8;0;;
;;;"[7:0]";"";"s_hist_43[7:0]"
"0x57";5057;"RO";8;0;;
;;;"[7:0]";"";"s_hist_43[15:8]"
"0x58";5058;"RO";8;0;;
;;;"[7:0]";"";"s_hist_44[7:0]"
"0x59";5059;"RO";8;0;;
;;;"[7:0]";"";"s_hist_44[15:8]"
"0x5a";505a;"RO";8;0;;
;;;"[7:0]";"";"s_hist_45[7:0]"
"0x5b";505b;"RO";8;0;;
;;;"[7:0]";"";"s_hist_45[15:8]"
"0x5c";505c;"RO";8;0;;
;;;"[7:0]";"";"s_hist_46[7:0]"
"0x5d";505d;"RO";8;0;;
;;;"[7:0]";"";"s_hist_46[15:8]"
"0x5e";505e;"RO";8;0;;
;;;"[7:0]";"";"s_hist_47[7:0]"
"0x5f";505f;"RO";8;0;;
;;;"[7:0]";"";"s_hist_47[15:8]"
"0x60";5060;"RO";8;0;;
;;;"[7:0]";"";"s_hist_48[7:0]"
"0x61";5061;"RO";8;0;;
;;;"[7:0]";"";"s_hist_48[15:8]"
"0x62";5062;"RO";8;0;;
;;;"[7:0]";"";"s_hist_49[7:0]"
"0x63";5063;"RO";8;0;;
;;;"[7:0]";"";"s_hist_49[15:8]"
"0x64";5064;"RO";8;0;;
;;;"[7:0]";"";"s_hist_50[7:0]"
"0x65";5065;"RO";8;0;;
;;;"[7:0]";"";"s_hist_50[15:8]"
"0x66";5066;"RO";8;0;;
;;;"[7:0]";"";"s_hist_51[7:0]"
"0x67";5067;"RO";8;0;;
;;;"[7:0]";"";"s_hist_51[15:8]"
"0x68";5068;"RO";8;0;;
;;;"[7:0]";"";"s_hist_52[7:0]"
"0x69";5069;"RO";8;0;;
;;;"[7:0]";"";"s_hist_52[15:8]"
"0x6a";506a;"RO";8;0;;
;;;"[7:0]";"";"s_hist_53[7:0]"
"0x6b";506b;"RO";8;0;;
;;;"[7:0]";"";"s_hist_53[15:8]"
"0x6c";506c;"RO";8;0;;
;;;"[7:0]";"";"s_hist_54[7:0]"
"0x6d";506d;"RO";8;0;;
;;;"[7:0]";"";"s_hist_54[15:8]"
"0x6e";506e;"RO";8;0;;
;;;"[7:0]";"";"s_hist_55[7:0]"
"0x6f";506f;"RO";8;0;;
;;;"[7:0]";"";"s_hist_55[15:8]"
"0x70";5070;"RO";8;0;;
;;;"[7:0]";"";"s_hist_56[7:0]"
"0x71";5071;"RO";8;0;;
;;;"[7:0]";"";"s_hist_56[15:8]"
"0x72";5072;"RO";8;0;;
;;;"[7:0]";"";"s_hist_57[7:0]"
"0x73";5073;"RO";8;0;;
;;;"[7:0]";"";"s_hist_57[15:8]"
"0x74";5074;"RO";8;0;;
;;;"[7:0]";"";"s_hist_58[7:0]"
"0x75";5075;"RO";8;0;;
;;;"[7:0]";"";"s_hist_58[15:8]"
"0x76";5076;"RO";8;0;;
;;;"[7:0]";"";"s_hist_59[7:0]"
"0x77";5077;"RO";8;0;;
;;;"[7:0]";"";"s_hist_59[15:8]"
"0x78";5078;"RO";8;0;;
;;;"[7:0]";"";"s_hist_60[7:0]"
"0x79";5079;"RO";8;0;;
;;;"[7:0]";"";"s_hist_60[15:8]"
"0x7a";507a;"RO";8;0;;
;;;"[7:0]";"";"s_hist_61[7:0]"
"0x7b";507b;"RO";8;0;;
;;;"[7:0]";"";"s_hist_61[15:8]"
"0x7c";507c;"RO";8;0;;
;;;"[7:0]";"";"s_hist_62[7:0]"
"0x7d";507d;"RO";8;0;;
;;;"[7:0]";"";"s_hist_62[15:8]"
"0x7e";507e;"RO";8;0;;
;;;"[7:0]";"";"s_hist_63[7:0]"
"0x7f";507f;"RO";8;0;;
;;;"[7:0]";"";"s_hist_63[15:8]"
"0x80";5080;"RO";8;0;;
;;;"[7:0]";"";"s_hist_64[7:0]"
"0x81";5081;"RO";8;0;;
;;;"[7:0]";"";"s_hist_64[15:8]"
"0x82";5082;"RO";8;0;;
;;;"[7:0]";"";"s_hist_65[7:0]"
"0x83";5083;"RO";8;0;;
;;;"[7:0]";"";"s_hist_65[15:8]"
"0x84";5084;"RO";8;0;;
;;;"[7:0]";"";"s_hist_66[7:0]"
"0x85";5085;"RO";8;0;;
;;;"[7:0]";"";"s_hist_66[15:8]"
"0x86";5086;"RO";8;0;;
;;;"[7:0]";"";"s_hist_67[7:0]"
"0x87";5087;"RO";8;0;;
;;;"[7:0]";"";"s_hist_67[15:8]"
"0x88";5088;"RO";8;0;;
;;;"[7:0]";"";"s_hist_68[7:0]"
"0x89";5089;"RO";8;0;;
;;;"[7:0]";"";"s_hist_68[15:8]"
"0x8a";508a;"RO";8;0;;
;;;"[7:0]";"";"s_hist_69[7:0]"
"0x8b";508b;"RO";8;0;;
;;;"[7:0]";"";"s_hist_69[15:8]"
"0x8c";508c;"RO";8;0;;
;;;"[7:0]";"";"s_hist_70[7:0]"
"0x8d";508d;"RO";8;0;;
;;;"[7:0]";"";"s_hist_70[15:8]"
"0x8e";508e;"RO";8;0;;
;;;"[7:0]";"";"s_hist_71[7:0]"
"0x8f";508f;"RO";8;0;;
;;;"[7:0]";"";"s_hist_71[15:8]"
"0x90";5090;"RO";8;0;;
;;;"[7:0]";"";"s_hist_72[7:0]"
"0x91";5091;"RO";8;0;;
;;;"[7:0]";"";"s_hist_72[15:8]"
"0x92";5092;"RO";8;0;;
;;;"[7:0]";"";"s_hist_73[7:0]"
"0x93";5093;"RO";8;0;;
;;;"[7:0]";"";"s_hist_73[15:8]"
"0x94";5094;"RO";8;0;;
;;;"[7:0]";"";"s_hist_74[7:0]"
"0x95";5095;"RO";8;0;;
;;;"[7:0]";"";"s_hist_74[15:8]"
"0x96";5096;"RO";8;0;;
;;;"[7:0]";"";"s_hist_75[7:0]"
"0x97";5097;"RO";8;0;;
;;;"[7:0]";"";"s_hist_75[15:8]"
"0x98";5098;"RO";8;0;;
;;;"[7:0]";"";"s_hist_76[7:0]"
"0x99";5099;"RO";8;0;;
;;;"[7:0]";"";"s_hist_76[15:8]"
"0x9a";509a;"RO";8;0;;
;;;"[7:0]";"";"s_hist_77[7:0]"
"0x9b";509b;"RO";8;0;;
;;;"[7:0]";"";"s_hist_77[15:8]"
"0x9c";509c;"RO";8;0;;
;;;"[7:0]";"";"s_hist_78[7:0]"
"0x9d";509d;"RO";8;0;;
;;;"[7:0]";"";"s_hist_78[15:8]"
"0x9e";509e;"RO";8;0;;
;;;"[7:0]";"";"s_hist_79[7:0]"
"0x9f";509f;"RO";8;0;;
;;;"[7:0]";"";"s_hist_79[15:8]"
"0xa0";50a0;"RO";8;0;;
;;;"[7:0]";"";"s_hist_80[7:0]"
"0xa1";50a1;"RO";8;0;;
;;;"[7:0]";"";"s_hist_80[15:8]"
"0xa2";50a2;"RO";8;0;;
;;;"[7:0]";"";"s_hist_81[7:0]"
"0xa3";50a3;"RO";8;0;;
;;;"[7:0]";"";"s_hist_81[15:8]"
"0xa4";50a4;"RO";8;0;;
;;;"[7:0]";"";"s_hist_82[7:0]"
"0xa5";50a5;"RO";8;0;;
;;;"[7:0]";"";"s_hist_82[15:8]"
"0xa6";50a6;"RO";8;0;;
;;;"[7:0]";"";"s_hist_83[7:0]"
"0xa7";50a7;"RO";8;0;;
;;;"[7:0]";"";"s_hist_83[15:8]"
"0xa8";50a8;"RO";8;0;;
;;;"[7:0]";"";"s_hist_84[7:0]"
"0xa9";50a9;"RO";8;0;;
;;;"[7:0]";"";"s_hist_84[15:8]"
"0xaa";50aa;"RO";8;0;;
;;;"[7:0]";"";"s_hist_85[7:0]"
"0xab";50ab;"RO";8;0;;
;;;"[7:0]";"";"s_hist_85[15:8]"
"0xac";50ac;"RO";8;0;;
;;;"[7:0]";"";"s_hist_86[7:0]"
"0xad";50ad;"RO";8;0;;
;;;"[7:0]";"";"s_hist_86[15:8]"
"0xae";50ae;"RO";8;0;;
;;;"[7:0]";"";"s_hist_87[7:0]"
"0xaf";50af;"RO";8;0;;
;;;"[7:0]";"";"s_hist_87[15:8]"
"0xb0";50b0;"RO";8;0;;
;;;"[7:0]";"";"s_hist_88[7:0]"
"0xb1";50b1;"RO";8;0;;
;;;"[7:0]";"";"s_hist_88[15:8]"
"0xb2";50b2;"RO";8;0;;
;;;"[7:0]";"";"s_hist_89[7:0]"
"0xb3";50b3;"RO";8;0;;
;;;"[7:0]";"";"s_hist_89[15:8]"
"0xb4";50b4;"RO";8;0;;
;;;"[7:0]";"";"s_hist_90[7:0]"
"0xb5";50b5;"RO";8;0;;
;;;"[7:0]";"";"s_hist_90[15:8]"
"0xb6";50b6;"RO";8;0;;
;;;"[7:0]";"";"s_hist_91[7:0]"
"0xb7";50b7;"RO";8;0;;
;;;"[7:0]";"";"s_hist_91[15:8]"
"0xb8";50b8;"RO";8;0;;
;;;"[7:0]";"";"s_hist_92[7:0]"
"0xb9";50b9;"RO";8;0;;
;;;"[7:0]";"";"s_hist_92[15:8]"
"0xba";50ba;"RO";8;0;;
;;;"[7:0]";"";"s_hist_93[7:0]"
"0xbb";50bb;"RO";8;0;;
;;;"[7:0]";"";"s_hist_93[15:8]"
"0xbc";50bc;"RO";8;0;;
;;;"[7:0]";"";"s_hist_94[7:0]"
"0xbd";50bd;"RO";8;0;;
;;;"[7:0]";"";"s_hist_94[15:8]"
"0xbe";50be;"RO";8;0;;
;;;"[7:0]";"";"s_hist_95[7:0]"
"0xbf";50bf;"RO";8;0;;
;;;"[7:0]";"";"s_hist_95[15:8]"
"0xc0";50c0;"RO";8;0;;
;;;"[7:0]";"";"s_hist_96[7:0]"
"0xc1";50c1;"RO";8;0;;
;;;"[7:0]";"";"s_hist_96[15:8]"
"0xc2";50c2;"RO";8;0;;
;;;"[7:0]";"";"s_hist_97[7:0]"
"0xc3";50c3;"RO";8;0;;
;;;"[7:0]";"";"s_hist_97[15:8]"
"0xc4";50c4;"RO";8;0;;
;;;"[7:0]";"";"s_hist_98[7:0]"
"0xc5";50c5;"RO";8;0;;
;;;"[7:0]";"";"s_hist_98[15:8]"
"0xc6";50c6;"RO";8;0;;
;;;"[7:0]";"";"s_hist_99[7:0]"
"0xc7";50c7;"RO";8;0;;
;;;"[7:0]";"";"s_hist_99[15:8]"
"0xc8";50c8;"RO";8;0;;
;;;"[7:0]";"";"s_hist_100[7:0]"
"0xc9";50c9;"RO";8;0;;
;;;"[7:0]";"";"s_hist_100[15:8]"
"0xca";50ca;"RO";8;0;;
;;;"[7:0]";"";"s_hist_101[7:0]"
"0xcb";50cb;"RO";8;0;;
;;;"[7:0]";"";"s_hist_101[15:8]"
"0xcc";50cc;"RO";8;0;;
;;;"[7:0]";"";"s_hist_102[7:0]"
"0xcd";50cd;"RO";8;0;;
;;;"[7:0]";"";"s_hist_102[15:8]"
"0xce";50ce;"RO";8;0;;
;;;"[7:0]";"";"s_hist_103[7:0]"
"0xcf";50cf;"RO";8;0;;
;;;"[7:0]";"";"s_hist_103[15:8]"
"0xd0";50d0;"RO";8;0;;
;;;"[7:0]";"";"s_hist_104[7:0]"
"0xd1";50d1;"RO";8;0;;
;;;"[7:0]";"";"s_hist_104[15:8]"
"0xd2";50d2;"RO";8;0;;
;;;"[7:0]";"";"s_hist_105[7:0]"
"0xd3";50d3;"RO";8;0;;
;;;"[7:0]";"";"s_hist_105[15:8]"
"0xd4";50d4;"RO";8;0;;
;;;"[7:0]";"";"s_hist_106[7:0]"
"0xd5";50d5;"RO";8;0;;
;;;"[7:0]";"";"s_hist_106[15:8]"
"0xd6";50d6;"RO";8;0;;
;;;"[7:0]";"";"s_hist_107[7:0]"
"0xd7";50d7;"RO";8;0;;
;;;"[7:0]";"";"s_hist_107[15:8]"
"0xd8";50d8;"RO";8;0;;
;;;"[7:0]";"";"s_hist_108[7:0]"
"0xd9";50d9;"RO";8;0;;
;;;"[7:0]";"";"s_hist_108[15:8]"
"0xda";50da;"RO";8;0;;
;;;"[7:0]";"";"s_hist_109[7:0]"
"0xdb";50db;"RO";8;0;;
;;;"[7:0]";"";"s_hist_109[15:8]"
"0xdc";50dc;"RO";8;0;;
;;;"[7:0]";"";"s_hist_110[7:0]"
"0xdd";50dd;"RO";8;0;;
;;;"[7:0]";"";"s_hist_110[15:8]"
"0xde";50de;"RO";8;0;;
;;;"[7:0]";"";"s_hist_111[7:0]"
"0xdf";50df;"RO";8;0;;
;;;"[7:0]";"";"s_hist_111[15:8]"
"0xe0";50e0;"RO";8;0;;
;;;"[7:0]";"";"s_hist_112[7:0]"
"0xe1";50e1;"RO";8;0;;
;;;"[7:0]";"";"s_hist_112[15:8]"
"0xe2";50e2;"RO";8;0;;
;;;"[7:0]";"";"s_hist_113[7:0]"
"0xe3";50e3;"RO";8;0;;
;;;"[7:0]";"";"s_hist_113[15:8]"
"0xe4";50e4;"RO";8;0;;
;;;"[7:0]";"";"s_hist_114[7:0]"
"0xe5";50e5;"RO";8;0;;
;;;"[7:0]";"";"s_hist_114[15:8]"
"0xe6";50e6;"RO";8;0;;
;;;"[7:0]";"";"s_hist_115[7:0]"
"0xe7";50e7;"RO";8;0;;
;;;"[7:0]";"";"s_hist_115[15:8]"
"0xe8";50e8;"RO";8;0;;
;;;"[7:0]";"";"s_hist_116[7:0]"
"0xe9";50e9;"RO";8;0;;
;;;"[7:0]";"";"s_hist_116[15:8]"
"0xea";50ea;"RO";8;0;;
;;;"[7:0]";"";"s_hist_117[7:0]"
"0xeb";50eb;"RO";8;0;;
;;;"[7:0]";"";"s_hist_117[15:8]"
"0xec";50ec;"RO";8;0;;
;;;"[7:0]";"";"s_hist_118[7:0]"
"0xed";50ed;"RO";8;0;;
;;;"[7:0]";"";"s_hist_118[15:8]"
"0xee";50ee;"RO";8;0;;
;;;"[7:0]";"";"s_hist_119[7:0]"
"0xef";50ef;"RO";8;0;;
;;;"[7:0]";"";"s_hist_119[15:8]"
"0xf0";50f0;"RO";8;0;;
;;;"[7:0]";"";"s_hist_120[7:0]"
"0xf1";50f1;"RO";8;0;;
;;;"[7:0]";"";"s_hist_120[15:8]"
"0xf2";50f2;"RO";8;0;;
;;;"[7:0]";"";"s_hist_121[7:0]"
"0xf3";50f3;"RO";8;0;;
;;;"[7:0]";"";"s_hist_121[15:8]"
"0xf4";50f4;"RO";8;0;;
;;;"[7:0]";"";"s_hist_122[7:0]"
"0xf5";50f5;"RO";8;0;;
;;;"[7:0]";"";"s_hist_122[15:8]"
"0xf6";50f6;"RO";8;0;;
;;;"[7:0]";"";"s_hist_123[7:0]"
"0xf7";50f7;"RO";8;0;;
;;;"[7:0]";"";"s_hist_123[15:8]"
"0xf8";50f8;"RO";8;0;;
;;;"[7:0]";"";"s_hist_124[7:0]"
"0xf9";50f9;"RO";8;0;;
;;;"[7:0]";"";"s_hist_124[15:8]"
"0xfa";50fa;"RO";8;0;;
;;;"[7:0]";"";"s_hist_125[7:0]"
"0xfb";50fb;"RO";8;0;;
;;;"[7:0]";"";"s_hist_125[15:8]"
"0xfc";50fc;"RO";8;0;;
;;;"[7:0]";"";"s_hist_126[7:0]"
"0xfd";50fd;"RO";8;0;;
;;;"[7:0]";"";"s_hist_126[15:8]"
"0xfe";50fe;"RO";8;0;;
;;;"[7:0]";"";"s_hist_127[7:0]"
"0xff";50ff;"RO";8;0;;
;;;"[7:0]";"";"s_hist_127[15:8]"
"0x100";5100;"RO";8;0;;
;;;"[7:0]";"";"s_hist_128[7:0]"
"0x101";5101;"RO";8;0;;
;;;"[7:0]";"";"s_hist_128[15:8]"
"0x102";5102;"RO";8;0;;
;;;"[7:0]";"";"s_hist_129[7:0]"
"0x103";5103;"RO";8;0;;
;;;"[7:0]";"";"s_hist_129[15:8]"
"0x104";5104;"RO";8;0;;
;;;"[7:0]";"";"s_hist_130[7:0]"
"0x105";5105;"RO";8;0;;
;;;"[7:0]";"";"s_hist_130[15:8]"
"0x106";5106;"RO";8;0;;
;;;"[7:0]";"";"s_hist_131[7:0]"
"0x107";5107;"RO";8;0;;
;;;"[7:0]";"";"s_hist_131[15:8]"
"0x108";5108;"RO";8;0;;
;;;"[7:0]";"";"s_hist_132[7:0]"
"0x109";5109;"RO";8;0;;
;;;"[7:0]";"";"s_hist_132[15:8]"
"0x10a";510a;"RO";8;0;;
;;;"[7:0]";"";"s_hist_133[7:0]"
"0x10b";510b;"RO";8;0;;
;;;"[7:0]";"";"s_hist_133[15:8]"
"0x10c";510c;"RO";8;0;;
;;;"[7:0]";"";"s_hist_134[7:0]"
"0x10d";510d;"RO";8;0;;
;;;"[7:0]";"";"s_hist_134[15:8]"
"0x10e";510e;"RO";8;0;;
;;;"[7:0]";"";"s_hist_135[7:0]"
"0x10f";510f;"RO";8;0;;
;;;"[7:0]";"";"s_hist_135[15:8]"
"0x110";5110;"RO";8;0;;
;;;"[7:0]";"";"s_hist_136[7:0]"
"0x111";5111;"RO";8;0;;
;;;"[7:0]";"";"s_hist_136[15:8]"
"0x112";5112;"RO";8;0;;
;;;"[7:0]";"";"s_hist_137[7:0]"
"0x113";5113;"RO";8;0;;
;;;"[7:0]";"";"s_hist_137[15:8]"
"0x114";5114;"RO";8;0;;
;;;"[7:0]";"";"s_hist_138[7:0]"
"0x115";5115;"RO";8;0;;
;;;"[7:0]";"";"s_hist_138[15:8]"
"0x116";5116;"RO";8;0;;
;;;"[7:0]";"";"s_hist_139[7:0]"
"0x117";5117;"RO";8;0;;
;;;"[7:0]";"";"s_hist_139[15:8]"
"0x118";5118;"RO";8;0;;
;;;"[7:0]";"";"s_hist_140[7:0]"
"0x119";5119;"RO";8;0;;
;;;"[7:0]";"";"s_hist_140[15:8]"
"0x11a";511a;"RO";8;0;;
;;;"[7:0]";"";"s_hist_141[7:0]"
"0x11b";511b;"RO";8;0;;
;;;"[7:0]";"";"s_hist_141[15:8]"
"0x11c";511c;"RO";8;0;;
;;;"[7:0]";"";"s_hist_142[7:0]"
"0x11d";511d;"RO";8;0;;
;;;"[7:0]";"";"s_hist_142[15:8]"
"0x11e";511e;"RO";8;0;;
;;;"[7:0]";"";"s_hist_143[7:0]"
"0x11f";511f;"RO";8;0;;
;;;"[7:0]";"";"s_hist_143[15:8]"
"0x120";5120;"RO";8;0;;
;;;"[7:0]";"";"s_hist_144[7:0]"
"0x121";5121;"RO";8;0;;
;;;"[7:0]";"";"s_hist_144[15:8]"
"0x122";5122;"RO";8;0;;
;;;"[7:0]";"";"s_hist_145[7:0]"
"0x123";5123;"RO";8;0;;
;;;"[7:0]";"";"s_hist_145[15:8]"
"0x124";5124;"RO";8;0;;
;;;"[7:0]";"";"s_hist_146[7:0]"
"0x125";5125;"RO";8;0;;
;;;"[7:0]";"";"s_hist_146[15:8]"
"0x126";5126;"RO";8;0;;
;;;"[7:0]";"";"s_hist_147[7:0]"
"0x127";5127;"RO";8;0;;
;;;"[7:0]";"";"s_hist_147[15:8]"
"0x128";5128;"RO";8;0;;
;;;"[7:0]";"";"s_hist_148[7:0]"
"0x129";5129;"RO";8;0;;
;;;"[7:0]";"";"s_hist_148[15:8]"
"0x12a";512a;"RO";8;0;;
;;;"[7:0]";"";"s_hist_149[7:0]"
"0x12b";512b;"RO";8;0;;
;;;"[7:0]";"";"s_hist_149[15:8]"
"0x12c";512c;"RO";8;0;;
;;;"[7:0]";"";"s_hist_150[7:0]"
"0x12d";512d;"RO";8;0;;
;;;"[7:0]";"";"s_hist_150[15:8]"
"0x12e";512e;"RO";8;0;;
;;;"[7:0]";"";"s_hist_151[7:0]"
"0x12f";512f;"RO";8;0;;
;;;"[7:0]";"";"s_hist_151[15:8]"
"0x130";5130;"RO";8;0;;
;;;"[7:0]";"";"s_hist_152[7:0]"
"0x131";5131;"RO";8;0;;
;;;"[7:0]";"";"s_hist_152[15:8]"
"0x132";5132;"RO";8;0;;
;;;"[7:0]";"";"s_hist_153[7:0]"
"0x133";5133;"RO";8;0;;
;;;"[7:0]";"";"s_hist_153[15:8]"
"0x134";5134;"RO";8;0;;
;;;"[7:0]";"";"s_hist_154[7:0]"
"0x135";5135;"RO";8;0;;
;;;"[7:0]";"";"s_hist_154[15:8]"
"0x136";5136;"RO";8;0;;
;;;"[7:0]";"";"s_hist_155[7:0]"
"0x137";5137;"RO";8;0;;
;;;"[7:0]";"";"s_hist_155[15:8]"
"0x138";5138;"RO";8;0;;
;;;"[7:0]";"";"s_hist_156[7:0]"
"0x139";5139;"RO";8;0;;
;;;"[7:0]";"";"s_hist_156[15:8]"
"0x13a";513a;"RO";8;0;;
;;;"[7:0]";"";"s_hist_157[7:0]"
"0x13b";513b;"RO";8;0;;
;;;"[7:0]";"";"s_hist_157[15:8]"
"0x13c";513c;"RO";8;0;;
;;;"[7:0]";"";"s_hist_158[7:0]"
"0x13d";513d;"RO";8;0;;
;;;"[7:0]";"";"s_hist_158[15:8]"
"0x13e";513e;"RO";8;0;;
;;;"[7:0]";"";"s_hist_159[7:0]"
"0x13f";513f;"RO";8;0;;
;;;"[7:0]";"";"s_hist_159[15:8]"
"0x140";5140;"RO";8;0;;
;;;"[7:0]";"";"s_hist_160[7:0]"
"0x141";5141;"RO";8;0;;
;;;"[7:0]";"";"s_hist_160[15:8]"
"0x142";5142;"RO";8;0;;
;;;"[7:0]";"";"s_hist_161[7:0]"
"0x143";5143;"RO";8;0;;
;;;"[7:0]";"";"s_hist_161[15:8]"
"0x144";5144;"RO";8;0;;
;;;"[7:0]";"";"s_hist_162[7:0]"
"0x145";5145;"RO";8;0;;
;;;"[7:0]";"";"s_hist_162[15:8]"
"0x146";5146;"RO";8;0;;
;;;"[7:0]";"";"s_hist_163[7:0]"
"0x147";5147;"RO";8;0;;
;;;"[7:0]";"";"s_hist_163[15:8]"
"0x148";5148;"RO";8;0;;
;;;"[7:0]";"";"s_hist_164[7:0]"
"0x149";5149;"RO";8;0;;
;;;"[7:0]";"";"s_hist_164[15:8]"
"0x14a";514a;"RO";8;0;;
;;;"[7:0]";"";"s_hist_165[7:0]"
"0x14b";514b;"RO";8;0;;
;;;"[7:0]";"";"s_hist_165[15:8]"
"0x14c";514c;"RO";8;0;;
;;;"[7:0]";"";"s_hist_166[7:0]"
"0x14d";514d;"RO";8;0;;
;;;"[7:0]";"";"s_hist_166[15:8]"
"0x14e";514e;"RO";8;0;;
;;;"[7:0]";"";"s_hist_167[7:0]"
"0x14f";514f;"RO";8;0;;
;;;"[7:0]";"";"s_hist_167[15:8]"
"0x150";5150;"RO";8;0;;
;;;"[7:0]";"";"s_hist_168[7:0]"
"0x151";5151;"RO";8;0;;
;;;"[7:0]";"";"s_hist_168[15:8]"
"0x152";5152;"RO";8;0;;
;;;"[7:0]";"";"s_hist_169[7:0]"
"0x153";5153;"RO";8;0;;
;;;"[7:0]";"";"s_hist_169[15:8]"
"0x154";5154;"RO";8;0;;
;;;"[7:0]";"";"s_hist_170[7:0]"
"0x155";5155;"RO";8;0;;
;;;"[7:0]";"";"s_hist_170[15:8]"
"0x156";5156;"RO";8;0;;
;;;"[7:0]";"";"s_hist_171[7:0]"
"0x157";5157;"RO";8;0;;
;;;"[7:0]";"";"s_hist_171[15:8]"
"0x158";5158;"RO";8;0;;
;;;"[7:0]";"";"s_hist_172[7:0]"
"0x159";5159;"RO";8;0;;
;;;"[7:0]";"";"s_hist_172[15:8]"
"0x15a";515a;"RO";8;0;;
;;;"[7:0]";"";"s_hist_173[7:0]"
"0x15b";515b;"RO";8;0;;
;;;"[7:0]";"";"s_hist_173[15:8]"
"0x15c";515c;"RO";8;0;;
;;;"[7:0]";"";"s_hist_174[7:0]"
"0x15d";515d;"RO";8;0;;
;;;"[7:0]";"";"s_hist_174[15:8]"
"0x15e";515e;"RO";8;0;;
;;;"[7:0]";"";"s_hist_175[7:0]"
"0x15f";515f;"RO";8;0;;
;;;"[7:0]";"";"s_hist_175[15:8]"
"0x160";5160;"RO";8;0;;
;;;"[7:0]";"";"s_hist_176[7:0]"
"0x161";5161;"RO";8;0;;
;;;"[7:0]";"";"s_hist_176[15:8]"
"0x162";5162;"RO";8;0;;
;;;"[7:0]";"";"s_hist_177[7:0]"
"0x163";5163;"RO";8;0;;
;;;"[7:0]";"";"s_hist_177[15:8]"
"0x164";5164;"RO";8;0;;
;;;"[7:0]";"";"s_hist_178[7:0]"
"0x165";5165;"RO";8;0;;
;;;"[7:0]";"";"s_hist_178[15:8]"
"0x166";5166;"RO";8;0;;
;;;"[7:0]";"";"s_hist_179[7:0]"
"0x167";5167;"RO";8;0;;
;;;"[7:0]";"";"s_hist_179[15:8]"
"0x168";5168;"RO";8;0;;
;;;"[7:0]";"";"s_hist_180[7:0]"
"0x169";5169;"RO";8;0;;
;;;"[7:0]";"";"s_hist_180[15:8]"
"0x16a";516a;"RO";8;0;;
;;;"[7:0]";"";"s_hist_181[7:0]"
"0x16b";516b;"RO";8;0;;
;;;"[7:0]";"";"s_hist_181[15:8]"
"0x16c";516c;"RO";8;0;;
;;;"[7:0]";"";"s_hist_182[7:0]"
"0x16d";516d;"RO";8;0;;
;;;"[7:0]";"";"s_hist_182[15:8]"
"0x16e";516e;"RO";8;0;;
;;;"[7:0]";"";"s_hist_183[7:0]"
"0x16f";516f;"RO";8;0;;
;;;"[7:0]";"";"s_hist_183[15:8]"
"0x170";5170;"RO";8;0;;
;;;"[7:0]";"";"s_hist_184[7:0]"
"0x171";5171;"RO";8;0;;
;;;"[7:0]";"";"s_hist_184[15:8]"
"0x172";5172;"RO";8;0;;
;;;"[7:0]";"";"s_hist_185[7:0]"
"0x173";5173;"RO";8;0;;
;;;"[7:0]";"";"s_hist_185[15:8]"
"0x174";5174;"RO";8;0;;
;;;"[7:0]";"";"s_hist_186[7:0]"
"0x175";5175;"RO";8;0;;
;;;"[7:0]";"";"s_hist_186[15:8]"
"0x176";5176;"RO";8;0;;
;;;"[7:0]";"";"s_hist_187[7:0]"
"0x177";5177;"RO";8;0;;
;;;"[7:0]";"";"s_hist_187[15:8]"
"0x178";5178;"RO";8;0;;
;;;"[7:0]";"";"s_hist_188[7:0]"
"0x179";5179;"RO";8;0;;
;;;"[7:0]";"";"s_hist_188[15:8]"
"0x17a";517a;"RO";8;0;;
;;;"[7:0]";"";"s_hist_189[7:0]"
"0x17b";517b;"RO";8;0;;
;;;"[7:0]";"";"s_hist_189[15:8]"
"0x17c";517c;"RO";8;0;;
;;;"[7:0]";"";"s_hist_190[7:0]"
"0x17d";517d;"RO";8;0;;
;;;"[7:0]";"";"s_hist_190[15:8]"
"0x17e";517e;"RO";8;0;;
;;;"[7:0]";"";"s_hist_191[7:0]"
"0x17f";517f;"RO";8;0;;
;;;"[7:0]";"";"s_hist_191[15:8]"
"0x180";5180;"RO";8;0;;
;;;"[7:0]";"";"s_hist_192[7:0]"
"0x181";5181;"RO";8;0;;
;;;"[7:0]";"";"s_hist_192[15:8]"
"0x182";5182;"RO";8;0;;
;;;"[7:0]";"";"s_hist_193[7:0]"
"0x183";5183;"RO";8;0;;
;;;"[7:0]";"";"s_hist_193[15:8]"
"0x184";5184;"RO";8;0;;
;;;"[7:0]";"";"s_hist_194[7:0]"
"0x185";5185;"RO";8;0;;
;;;"[7:0]";"";"s_hist_194[15:8]"
"0x186";5186;"RO";8;0;;
;;;"[7:0]";"";"s_hist_195[7:0]"
"0x187";5187;"RO";8;0;;
;;;"[7:0]";"";"s_hist_195[15:8]"
"0x188";5188;"RO";8;0;;
;;;"[7:0]";"";"s_hist_196[7:0]"
"0x189";5189;"RO";8;0;;
;;;"[7:0]";"";"s_hist_196[15:8]"
"0x18a";518a;"RO";8;0;;
;;;"[7:0]";"";"s_hist_197[7:0]"
"0x18b";518b;"RO";8;0;;
;;;"[7:0]";"";"s_hist_197[15:8]"
"0x18c";518c;"RO";8;0;;
;;;"[7:0]";"";"s_hist_198[7:0]"
"0x18d";518d;"RO";8;0;;
;;;"[7:0]";"";"s_hist_198[15:8]"
"0x18e";518e;"RO";8;0;;
;;;"[7:0]";"";"s_hist_199[7:0]"
"0x18f";518f;"RO";8;0;;
;;;"[7:0]";"";"s_hist_199[15:8]"
"0x190";5190;"RO";8;0;;
;;;"[7:0]";"";"s_hist_200[7:0]"
"0x191";5191;"RO";8;0;;
;;;"[7:0]";"";"s_hist_200[15:8]"
"0x192";5192;"RO";8;0;;
;;;"[7:0]";"";"s_hist_201[7:0]"
"0x193";5193;"RO";8;0;;
;;;"[7:0]";"";"s_hist_201[15:8]"
"0x194";5194;"RO";8;0;;
;;;"[7:0]";"";"s_hist_202[7:0]"
"0x195";5195;"RO";8;0;;
;;;"[7:0]";"";"s_hist_202[15:8]"
"0x196";5196;"RO";8;0;;
;;;"[7:0]";"";"s_hist_203[7:0]"
"0x197";5197;"RO";8;0;;
;;;"[7:0]";"";"s_hist_203[15:8]"
"0x198";5198;"RO";8;0;;
;;;"[7:0]";"";"s_hist_204[7:0]"
"0x199";5199;"RO";8;0;;
;;;"[7:0]";"";"s_hist_204[15:8]"
"0x19a";519a;"RO";8;0;;
;;;"[7:0]";"";"s_hist_205[7:0]"
"0x19b";519b;"RO";8;0;;
;;;"[7:0]";"";"s_hist_205[15:8]"
"0x19c";519c;"RO";8;0;;
;;;"[7:0]";"";"s_hist_206[7:0]"
"0x19d";519d;"RO";8;0;;
;;;"[7:0]";"";"s_hist_206[15:8]"
"0x19e";519e;"RO";8;0;;
;;;"[7:0]";"";"s_hist_207[7:0]"
"0x19f";519f;"RO";8;0;;
;;;"[7:0]";"";"s_hist_207[15:8]"
"0x1a0";51a0;"RO";8;0;;
;;;"[7:0]";"";"s_hist_208[7:0]"
"0x1a1";51a1;"RO";8;0;;
;;;"[7:0]";"";"s_hist_208[15:8]"
"0x1a2";51a2;"RO";8;0;;
;;;"[7:0]";"";"s_hist_209[7:0]"
"0x1a3";51a3;"RO";8;0;;
;;;"[7:0]";"";"s_hist_209[15:8]"
"0x1a4";51a4;"RO";8;0;;
;;;"[7:0]";"";"s_hist_210[7:0]"
"0x1a5";51a5;"RO";8;0;;
;;;"[7:0]";"";"s_hist_210[15:8]"
"0x1a6";51a6;"RO";8;0;;
;;;"[7:0]";"";"s_hist_211[7:0]"
"0x1a7";51a7;"RO";8;0;;
;;;"[7:0]";"";"s_hist_211[15:8]"
"0x1a8";51a8;"RO";8;0;;
;;;"[7:0]";"";"s_hist_212[7:0]"
"0x1a9";51a9;"RO";8;0;;
;;;"[7:0]";"";"s_hist_212[15:8]"
"0x1aa";51aa;"RO";8;0;;
;;;"[7:0]";"";"s_hist_213[7:0]"
"0x1ab";51ab;"RO";8;0;;
;;;"[7:0]";"";"s_hist_213[15:8]"
"0x1ac";51ac;"RO";8;0;;
;;;"[7:0]";"";"s_hist_214[7:0]"
"0x1ad";51ad;"RO";8;0;;
;;;"[7:0]";"";"s_hist_214[15:8]"
"0x1ae";51ae;"RO";8;0;;
;;;"[7:0]";"";"s_hist_215[7:0]"
"0x1af";51af;"RO";8;0;;
;;;"[7:0]";"";"s_hist_215[15:8]"
"0x1b0";51b0;"RO";8;0;;
;;;"[7:0]";"";"s_hist_216[7:0]"
"0x1b1";51b1;"RO";8;0;;
;;;"[7:0]";"";"s_hist_216[15:8]"
"0x1b2";51b2;"RO";8;0;;
;;;"[7:0]";"";"s_hist_217[7:0]"
"0x1b3";51b3;"RO";8;0;;
;;;"[7:0]";"";"s_hist_217[15:8]"
"0x1b4";51b4;"RO";8;0;;
;;;"[7:0]";"";"s_hist_218[7:0]"
"0x1b5";51b5;"RO";8;0;;
;;;"[7:0]";"";"s_hist_218[15:8]"
"0x1b6";51b6;"RO";8;0;;
;;;"[7:0]";"";"s_hist_219[7:0]"
"0x1b7";51b7;"RO";8;0;;
;;;"[7:0]";"";"s_hist_219[15:8]"
"0x1b8";51b8;"RO";8;0;;
;;;"[7:0]";"";"s_hist_220[7:0]"
"0x1b9";51b9;"RO";8;0;;
;;;"[7:0]";"";"s_hist_220[15:8]"
"0x1ba";51ba;"RO";8;0;;
;;;"[7:0]";"";"s_hist_221[7:0]"
"0x1bb";51bb;"RO";8;0;;
;;;"[7:0]";"";"s_hist_221[15:8]"
"0x1bc";51bc;"RO";8;0;;
;;;"[7:0]";"";"s_hist_222[7:0]"
"0x1bd";51bd;"RO";8;0;;
;;;"[7:0]";"";"s_hist_222[15:8]"
"0x1be";51be;"RO";8;0;;
;;;"[7:0]";"";"s_hist_223[7:0]"
"0x1bf";51bf;"RO";8;0;;
;;;"[7:0]";"";"s_hist_223[15:8]"
"0x1c0";51c0;"RO";8;0;;
;;;"[7:0]";"";"s_hist_224[7:0]"
"0x1c1";51c1;"RO";8;0;;
;;;"[7:0]";"";"s_hist_224[15:8]"
"0x1c2";51c2;"RO";8;0;;
;;;"[7:0]";"";"s_hist_225[7:0]"
"0x1c3";51c3;"RO";8;0;;
;;;"[7:0]";"";"s_hist_225[15:8]"
"0x1c4";51c4;"RO";8;0;;
;;;"[7:0]";"";"s_hist_226[7:0]"
"0x1c5";51c5;"RO";8;0;;
;;;"[7:0]";"";"s_hist_226[15:8]"
"0x1c6";51c6;"RO";8;0;;
;;;"[7:0]";"";"s_hist_227[7:0]"
"0x1c7";51c7;"RO";8;0;;
;;;"[7:0]";"";"s_hist_227[15:8]"
"0x1c8";51c8;"RO";8;0;;
;;;"[7:0]";"";"s_hist_228[7:0]"
"0x1c9";51c9;"RO";8;0;;
;;;"[7:0]";"";"s_hist_228[15:8]"
"0x1ca";51ca;"RO";8;0;;
;;;"[7:0]";"";"s_hist_229[7:0]"
"0x1cb";51cb;"RO";8;0;;
;;;"[7:0]";"";"s_hist_229[15:8]"
"0x1cc";51cc;"RO";8;0;;
;;;"[7:0]";"";"s_hist_230[7:0]"
"0x1cd";51cd;"RO";8;0;;
;;;"[7:0]";"";"s_hist_230[15:8]"
"0x1ce";51ce;"RO";8;0;;
;;;"[7:0]";"";"s_hist_231[7:0]"
"0x1cf";51cf;"RO";8;0;;
;;;"[7:0]";"";"s_hist_231[15:8]"
"0x1d0";51d0;"RO";8;0;;
;;;"[7:0]";"";"s_hist_232[7:0]"
"0x1d1";51d1;"RO";8;0;;
;;;"[7:0]";"";"s_hist_232[15:8]"
"0x1d2";51d2;"RO";8;0;;
;;;"[7:0]";"";"s_hist_233[7:0]"
"0x1d3";51d3;"RO";8;0;;
;;;"[7:0]";"";"s_hist_233[15:8]"
"0x1d4";51d4;"RO";8;0;;
;;;"[7:0]";"";"s_hist_234[7:0]"
"0x1d5";51d5;"RO";8;0;;
;;;"[7:0]";"";"s_hist_234[15:8]"
"0x1d6";51d6;"RO";8;0;;
;;;"[7:0]";"";"s_hist_235[7:0]"
"0x1d7";51d7;"RO";8;0;;
;;;"[7:0]";"";"s_hist_235[15:8]"
"0x1d8";51d8;"RO";8;0;;
;;;"[7:0]";"";"s_hist_236[7:0]"
"0x1d9";51d9;"RO";8;0;;
;;;"[7:0]";"";"s_hist_236[15:8]"
"0x1da";51da;"RO";8;0;;
;;;"[7:0]";"";"s_hist_237[7:0]"
"0x1db";51db;"RO";8;0;;
;;;"[7:0]";"";"s_hist_237[15:8]"
"0x1dc";51dc;"RO";8;0;;
;;;"[7:0]";"";"s_hist_238[7:0]"
"0x1dd";51dd;"RO";8;0;;
;;;"[7:0]";"";"s_hist_238[15:8]"
"0x1de";51de;"RO";8;0;;
;;;"[7:0]";"";"s_hist_239[7:0]"
"0x1df";51df;"RO";8;0;;
;;;"[7:0]";"";"s_hist_239[15:8]"
"0x1e0";51e0;"RO";8;0;;
;;;"[7:0]";"";"s_hist_240[7:0]"
"0x1e1";51e1;"RO";8;0;;
;;;"[7:0]";"";"s_hist_240[15:8]"
"0x1e2";51e2;"RO";8;0;;
;;;"[7:0]";"";"s_hist_241[7:0]"
"0x1e3";51e3;"RO";8;0;;
;;;"[7:0]";"";"s_hist_241[15:8]"
"0x1e4";51e4;"RO";8;0;;
;;;"[7:0]";"";"s_hist_242[7:0]"
"0x1e5";51e5;"RO";8;0;;
;;;"[7:0]";"";"s_hist_242[15:8]"
"0x1e6";51e6;"RO";8;0;;
;;;"[7:0]";"";"s_hist_243[7:0]"
"0x1e7";51e7;"RO";8;0;;
;;;"[7:0]";"";"s_hist_243[15:8]"
"0x1e8";51e8;"RO";8;0;;
;;;"[7:0]";"";"s_hist_244[7:0]"
"0x1e9";51e9;"RO";8;0;;
;;;"[7:0]";"";"s_hist_244[15:8]"
"0x1ea";51ea;"RO";8;0;;
;;;"[7:0]";"";"s_hist_245[7:0]"
"0x1eb";51eb;"RO";8;0;;
;;;"[7:0]";"";"s_hist_245[15:8]"
"0x1ec";51ec;"RO";8;0;;
;;;"[7:0]";"";"s_hist_246[7:0]"
"0x1ed";51ed;"RO";8;0;;
;;;"[7:0]";"";"s_hist_246[15:8]"
"0x1ee";51ee;"RO";8;0;;
;;;"[7:0]";"";"s_hist_247[7:0]"
"0x1ef";51ef;"RO";8;0;;
;;;"[7:0]";"";"s_hist_247[15:8]"
"0x1f0";51f0;"RO";8;0;;
;;;"[7:0]";"";"s_hist_248[7:0]"
"0x1f1";51f1;"RO";8;0;;
;;;"[7:0]";"";"s_hist_248[15:8]"
"0x1f2";51f2;"RO";8;0;;
;;;"[7:0]";"";"s_hist_249[7:0]"
"0x1f3";51f3;"RO";8;0;;
;;;"[7:0]";"";"s_hist_249[15:8]"
"0x1f4";51f4;"RO";8;0;;
;;;"[7:0]";"";"s_hist_250[7:0]"
"0x1f5";51f5;"RO";8;0;;
;;;"[7:0]";"";"s_hist_250[15:8]"
"0x1f6";51f6;"RO";8;0;;
;;;"[7:0]";"";"s_hist_251[7:0]"
"0x1f7";51f7;"RO";8;0;;
;;;"[7:0]";"";"s_hist_251[15:8]"
"0x1f8";51f8;"RO";8;0;;
;;;"[7:0]";"";"s_hist_252[7:0]"
"0x1f9";51f9;"RO";8;0;;
;;;"[7:0]";"";"s_hist_252[15:8]"
"0x1fa";51fa;"RO";8;0;;
;;;"[7:0]";"";"s_hist_253[7:0]"
"0x1fb";51fb;"RO";8;0;;
;;;"[7:0]";"";"s_hist_253[15:8]"
"0x1fc";51fc;"RO";8;0;;
;;;"[7:0]";"";"s_hist_254[7:0]"
"0x1fd";51fd;"RO";8;0;;
;;;"[7:0]";"";"s_hist_254[15:8]"
"0x1fe";51fe;"RO";8;0;;
;;;"[7:0]";"";"s_hist_255[7:0]"
"0x1ff";51ff;"RO";8;0;;
;;;"[7:0]";"";"s_hist_255[15:8]"
"end";;;;;
