"base_addr";31004280;"addr_bits";8;;
"base_sram_addr";31090200;
parameter;ACK_DLY=0;;;;
;;;;;
;;;;;
"module_name";"CLSCFilter_V60_HW";;;;
"sub_addr";"addr";"RW";"bits";"default (hex)";"description"
"0x00";5100;"RW";1;0;;
;;;"[0]";"M";"r_mono_en"
"0x02";5102;"RW";8;44;;
;;;"[7:0]";"M";"r_hscale[7:0]"
"0x03";5103;"RW";4;4;;
;;;"[3:0]";"M";"r_hscale[11:8]"
"0x04";5104;"RW";8;d8;;
;;;"[7:0]";"M";"r_vscale[7:0]"
"0x05";5105;"RW";4;2;;
;;;"[3:0]";"M";"r_vscale[11:8]"
"0x06";5106;"RW";8;0;;
;;;"[7:0]";"M";"r_left[7:0]"
"0x07";5107;"RW";4;0;;
;;;"[3:0]";"M";"r_left[11:8]"
"0x08";5108;"RW";8;0;;
;;;"[7:0]";"M";"r_top[7:0]"
"0x09";5109;"RW";4;0;;
;;;"[3:0]";"M";"r_top[11:8]"
"0x0a";510a;"RW";7;40;;
;;;"[6:0]";"A";"r_q[6:0]"
"0x0b";510b;"RW";4;0;;
;;;"[3:0]";"M";"r_xskip[3:0]"
"0x0c";510c;"RW";4;0;;
;;;"[3:0]";"M";"r_yskip[3:0]"
"0x00";5100;"RW";8;0;;
;;;"[7:0]";"A";"s_pCP[0][7:0]"
"0x01";5101;"RW";8;0;;
;;;"[7:0]";"A";"s_pCP[1][7:0]"
"0x02";5102;"RW";8;0;;
;;;"[7:0]";"A";"s_pCP[2][7:0]"
"0x03";5103;"RW";8;0;;
;;;"[7:0]";"A";"s_pCP[3][7:0]"
"0x04";5104;"RW";8;0;;
;;;"[7:0]";"A";"s_pCP[4][7:0]"
"0x05";5105;"RW";8;0;;
;;;"[7:0]";"A";"s_pCP[5][7:0]"
"0x06";5106;"RW";8;0;;
;;;"[7:0]";"A";"s_pCP[6][7:0]"
"0x07";5107;"RW";8;0;;
;;;"[7:0]";"A";"s_pCP[7][7:0]"
"0x08";5108;"RW";8;0;;
;;;"[7:0]";"A";"s_pCP[8][7:0]"
"0x09";5109;"RW";8;0;;
;;;"[7:0]";"A";"s_pCP[9][7:0]"
"0x0a";510a;"RW";8;0;;
;;;"[7:0]";"A";"s_pCP[10][7:0]"
"0x0b";510b;"RW";8;0;;
;;;"[7:0]";"A";"s_pCP[11][7:0]"
"0x0c";510c;"RW";8;0;;
;;;"[7:0]";"A";"s_pCP[12][7:0]"
"0x0d";510d;"RW";8;0;;
;;;"[7:0]";"A";"s_pCP[13][7:0]"
"0x0e";510e;"RW";8;0;;
;;;"[7:0]";"A";"s_pCP[14][7:0]"
"0x0f";510f;"RW";8;0;;
;;;"[7:0]";"A";"s_pCP[15][7:0]"
"0x10";5110;"RW";8;0;;
;;;"[7:0]";"A";"s_pCP[16][7:0]"
"0x11";5111;"RW";8;0;;
;;;"[7:0]";"A";"s_pCP[17][7:0]"
"0x12";5112;"RW";8;0;;
;;;"[7:0]";"A";"s_pCP[18][7:0]"
"0x13";5113;"RW";8;0;;
;;;"[7:0]";"A";"s_pCP[19][7:0]"
"0x14";5114;"RW";8;0;;
;;;"[7:0]";"A";"s_pCP[20][7:0]"
"0x15";5115;"RW";8;0;;
;;;"[7:0]";"A";"s_pCP[21][7:0]"
"0x16";5116;"RW";8;0;;
;;;"[7:0]";"A";"s_pCP[22][7:0]"
"0x17";5117;"RW";8;0;;
;;;"[7:0]";"A";"s_pCP[23][7:0]"
"0x18";5118;"RW";8;0;;
;;;"[7:0]";"A";"s_pCP[24][7:0]"
"0x19";5119;"RW";8;0;;
;;;"[7:0]";"A";"s_pCP[25][7:0]"
"0x1a";511a;"RW";8;0;;
;;;"[7:0]";"A";"s_pCP[26][7:0]"
"0x1b";511b;"RW";8;0;;
;;;"[7:0]";"A";"s_pCP[27][7:0]"
"0x1c";511c;"RW";8;0;;
;;;"[7:0]";"A";"s_pCP[28][7:0]"
"0x1d";511d;"RW";8;0;;
;;;"[7:0]";"A";"s_pCP[29][7:0]"
"0x1e";511e;"RW";8;0;;
;;;"[7:0]";"A";"s_pCP[30][7:0]"
"0x1f";511f;"RW";8;0;;
;;;"[7:0]";"A";"s_pCP[31][7:0]"
"0x20";5120;"RW";8;0;;
;;;"[7:0]";"A";"s_pCP[32][7:0]"
"0x21";5121;"RW";8;0;;
;;;"[7:0]";"A";"s_pCP[33][7:0]"
"0x22";5122;"RW";8;0;;
;;;"[7:0]";"A";"s_pCP[34][7:0]"
"0x23";5123;"RW";8;0;;
;;;"[7:0]";"A";"s_pCP[35][7:0]"
"0x24";5124;"RW";8;0;;
;;;"[7:0]";"A";"s_pCP[36][7:0]"
"0x25";5125;"RW";8;0;;
;;;"[7:0]";"A";"s_pCP[37][7:0]"
"0x26";5126;"RW";8;0;;
;;;"[7:0]";"A";"s_pCP[38][7:0]"
"0x27";5127;"RW";8;0;;
;;;"[7:0]";"A";"s_pCP[39][7:0]"
"0x28";5128;"RW";8;0;;
;;;"[7:0]";"A";"s_pCP[40][7:0]"
"0x29";5129;"RW";8;0;;
;;;"[7:0]";"A";"s_pCP[41][7:0]"
"0x2a";512a;"RW";8;0;;
;;;"[7:0]";"A";"s_pCP[42][7:0]"
"0x2b";512b;"RW";8;0;;
;;;"[7:0]";"A";"s_pCP[43][7:0]"
"0x2c";512c;"RW";8;0;;
;;;"[7:0]";"A";"s_pCP[44][7:0]"
"0x2d";512d;"RW";8;0;;
;;;"[7:0]";"A";"s_pCP[45][7:0]"
"0x2e";512e;"RW";8;0;;
;;;"[7:0]";"A";"s_pCP[46][7:0]"
"0x2f";512f;"RW";8;0;;
;;;"[7:0]";"A";"s_pCP[47][7:0]"
"0x30";5130;"RW";8;0;;
;;;"[7:0]";"A";"s_pCP[48][7:0]"
"0x31";5131;"RW";8;0;;
;;;"[7:0]";"A";"s_pCP[49][7:0]"
"0x32";5132;"RW";8;0;;
;;;"[7:0]";"A";"s_pCP[50][7:0]"
"0x33";5133;"RW";8;0;;
;;;"[7:0]";"A";"s_pCP[51][7:0]"
"0x34";5134;"RW";8;0;;
;;;"[7:0]";"A";"s_pCP[52][7:0]"
"0x35";5135;"RW";8;0;;
;;;"[7:0]";"A";"s_pCP[53][7:0]"
"0x36";5136;"RW";8;0;;
;;;"[7:0]";"A";"s_pCP[54][7:0]"
"0x37";5137;"RW";8;0;;
;;;"[7:0]";"A";"s_pCP[55][7:0]"
"0x38";5138;"RW";8;0;;
;;;"[7:0]";"A";"s_pCP[56][7:0]"
"0x39";5139;"RW";8;0;;
;;;"[7:0]";"A";"s_pCP[57][7:0]"
"0x3a";513a;"RW";8;0;;
;;;"[7:0]";"A";"s_pCP[58][7:0]"
"0x3b";513b;"RW";8;0;;
;;;"[7:0]";"A";"s_pCP[59][7:0]"
"0x3c";513c;"RW";8;0;;
;;;"[7:0]";"A";"s_pCP[60][7:0]"
"0x3d";513d;"RW";8;0;;
;;;"[7:0]";"A";"s_pCP[61][7:0]"
"0x3e";513e;"RW";8;0;;
;;;"[7:0]";"A";"s_pCP[62][7:0]"
"0x3f";513f;"RW";8;0;;
;;;"[7:0]";"A";"s_pCP[63][7:0]"
"0x40";5140;"RW";8;0;;
;;;"[7:0]";"A";"s_pCP[64][7:0]"
"0x41";5141;"RW";8;0;;
;;;"[7:0]";"A";"s_pCP[65][7:0]"
"0x42";5142;"RW";8;0;;
;;;"[7:0]";"A";"s_pCP[66][7:0]"
"0x43";5143;"RW";8;0;;
;;;"[7:0]";"A";"s_pCP[67][7:0]"
"0x44";5144;"RW";8;0;;
;;;"[7:0]";"A";"s_pCP[68][7:0]"
"0x45";5145;"RW";8;0;;
;;;"[7:0]";"A";"s_pCP[69][7:0]"
"0x46";5146;"RW";8;0;;
;;;"[7:0]";"A";"s_pCP[70][7:0]"
"0x47";5147;"RW";8;0;;
;;;"[7:0]";"A";"s_pCP[71][7:0]"
"0x48";5148;"RW";8;0;;
;;;"[7:0]";"A";"s_pCP[72][7:0]"
"0x49";5149;"RW";8;0;;
;;;"[7:0]";"A";"s_pCP[73][7:0]"
"0x4a";514a;"RW";8;0;;
;;;"[7:0]";"A";"s_pCP[74][7:0]"
"0x4b";514b;"RW";8;0;;
;;;"[7:0]";"A";"s_pCP[75][7:0]"
"0x4c";514c;"RW";8;0;;
;;;"[7:0]";"A";"s_pCP[76][7:0]"
"0x4d";514d;"RW";8;0;;
;;;"[7:0]";"A";"s_pCP[77][7:0]"
"0x4e";514e;"RW";8;0;;
;;;"[7:0]";"A";"s_pCP[78][7:0]"
"0x4f";514f;"RW";8;0;;
;;;"[7:0]";"A";"s_pCP[79][7:0]"
"0x50";5150;"RW";8;0;;
;;;"[7:0]";"A";"s_pCP[80][7:0]"
"0x51";5151;"RW";8;0;;
;;;"[7:0]";"A";"s_pCP[81][7:0]"
"0x52";5152;"RW";8;0;;
;;;"[7:0]";"A";"s_pCP[82][7:0]"
"0x53";5153;"RW";8;0;;
;;;"[7:0]";"A";"s_pCP[83][7:0]"
"0x54";5154;"RW";8;0;;
;;;"[7:0]";"A";"s_pCP[84][7:0]"
"0x55";5155;"RW";8;0;;
;;;"[7:0]";"A";"s_pCP[85][7:0]"
"0x56";5156;"RW";8;0;;
;;;"[7:0]";"A";"s_pCP[86][7:0]"
"0x57";5157;"RW";8;0;;
;;;"[7:0]";"A";"s_pCP[87][7:0]"
"0x58";5158;"RW";8;0;;
;;;"[7:0]";"A";"s_pCP[88][7:0]"
"0x59";5159;"RW";8;0;;
;;;"[7:0]";"A";"s_pCP[89][7:0]"
"0x5a";515a;"RW";8;0;;
;;;"[7:0]";"A";"s_pCP[90][7:0]"
"0x5b";515b;"RW";8;0;;
;;;"[7:0]";"A";"s_pCP[91][7:0]"
"0x5c";515c;"RW";8;0;;
;;;"[7:0]";"A";"s_pCP[92][7:0]"
"0x5d";515d;"RW";8;0;;
;;;"[7:0]";"A";"s_pCP[93][7:0]"
"0x5e";515e;"RW";8;0;;
;;;"[7:0]";"A";"s_pCP[94][7:0]"
"0x5f";515f;"RW";8;0;;
;;;"[7:0]";"A";"s_pCP[95][7:0]"
"0x60";5160;"RW";8;0;;
;;;"[7:0]";"A";"s_pCP[96][7:0]"
"0x61";5161;"RW";8;0;;
;;;"[7:0]";"A";"s_pCP[97][7:0]"
"0x62";5162;"RW";8;0;;
;;;"[7:0]";"A";"s_pCP[98][7:0]"
"0x63";5163;"RW";8;0;;
;;;"[7:0]";"A";"s_pCP[99][7:0]"
"0x64";5164;"RW";8;0;;
;;;"[7:0]";"A";"s_pCP[100][7:0]"
"0x65";5165;"RW";8;0;;
;;;"[7:0]";"A";"s_pCP[101][7:0]"
"0x66";5166;"RW";8;0;;
;;;"[7:0]";"A";"s_pCP[102][7:0]"
"0x67";5167;"RW";8;0;;
;;;"[7:0]";"A";"s_pCP[103][7:0]"
"0x68";5168;"RW";8;0;;
;;;"[7:0]";"A";"s_pCP[104][7:0]"
"0x69";5169;"RW";8;0;;
;;;"[7:0]";"A";"s_pCP[105][7:0]"
"0x6a";516a;"RW";8;0;;
;;;"[7:0]";"A";"s_pCP[106][7:0]"
"0x6b";516b;"RW";8;0;;
;;;"[7:0]";"A";"s_pCP[107][7:0]"
"0x6c";516c;"RW";8;0;;
;;;"[7:0]";"A";"s_pCP[108][7:0]"
"0x6d";516d;"RW";8;0;;
;;;"[7:0]";"A";"s_pCP[109][7:0]"
"0x6e";516e;"RW";8;0;;
;;;"[7:0]";"A";"s_pCP[110][7:0]"
"0x6f";516f;"RW";8;0;;
;;;"[7:0]";"A";"s_pCP[111][7:0]"
"0x70";5170;"RW";8;0;;
;;;"[7:0]";"A";"s_pCP[112][7:0]"
"0x71";5171;"RW";8;0;;
;;;"[7:0]";"A";"s_pCP[113][7:0]"
"0x72";5172;"RW";8;0;;
;;;"[7:0]";"A";"s_pCP[114][7:0]"
"0x73";5173;"RW";8;0;;
;;;"[7:0]";"A";"s_pCP[115][7:0]"
"0x74";5174;"RW";8;0;;
;;;"[7:0]";"A";"s_pCP[116][7:0]"
"0x75";5175;"RW";8;0;;
;;;"[7:0]";"A";"s_pCP[117][7:0]"
"0x76";5176;"RW";8;0;;
;;;"[7:0]";"A";"s_pCP[118][7:0]"
"0x77";5177;"RW";8;0;;
;;;"[7:0]";"A";"s_pCP[119][7:0]"
"0x78";5178;"RW";8;0;;
;;;"[7:0]";"A";"s_pCP[120][7:0]"
"0x79";5179;"RW";8;0;;
;;;"[7:0]";"A";"s_pCP[121][7:0]"
"0x7a";517a;"RW";8;0;;
;;;"[7:0]";"A";"s_pCP[122][7:0]"
"0x7b";517b;"RW";8;0;;
;;;"[7:0]";"A";"s_pCP[123][7:0]"
"0x7c";517c;"RW";8;0;;
;;;"[7:0]";"A";"s_pCP[124][7:0]"
"0x7d";517d;"RW";8;0;;
;;;"[7:0]";"A";"s_pCP[125][7:0]"
"0x7e";517e;"RW";8;0;;
;;;"[7:0]";"A";"s_pCP[126][7:0]"
"0x7f";517f;"RW";8;0;;
;;;"[7:0]";"A";"s_pCP[127][7:0]"
"0x80";5180;"RW";8;0;;
;;;"[7:0]";"A";"s_pCP[128][7:0]"
"0x81";5181;"RW";8;0;;
;;;"[7:0]";"A";"s_pCP[129][7:0]"
"0x82";5182;"RW";8;0;;
;;;"[7:0]";"A";"s_pCP[130][7:0]"
"0x83";5183;"RW";8;0;;
;;;"[7:0]";"A";"s_pCP[131][7:0]"
"0x84";5184;"RW";8;0;;
;;;"[7:0]";"A";"s_pCP[132][7:0]"
"0x85";5185;"RW";8;0;;
;;;"[7:0]";"A";"s_pCP[133][7:0]"
"0x86";5186;"RW";8;0;;
;;;"[7:0]";"A";"s_pCP[134][7:0]"
"0x87";5187;"RW";8;0;;
;;;"[7:0]";"A";"s_pCP[135][7:0]"
"0x88";5188;"RW";8;0;;
;;;"[7:0]";"A";"s_pCP[136][7:0]"
"0x89";5189;"RW";8;0;;
;;;"[7:0]";"A";"s_pCP[137][7:0]"
"0x8a";518a;"RW";8;0;;
;;;"[7:0]";"A";"s_pCP[138][7:0]"
"0x8b";518b;"RW";8;0;;
;;;"[7:0]";"A";"s_pCP[139][7:0]"
"0x8c";518c;"RW";8;0;;
;;;"[7:0]";"A";"s_pCP[140][7:0]"
"0x8d";518d;"RW";8;0;;
;;;"[7:0]";"A";"s_pCP[141][7:0]"
"0x8e";518e;"RW";8;0;;
;;;"[7:0]";"A";"s_pCP[142][7:0]"
"0x8f";518f;"RW";8;0;;
;;;"[7:0]";"A";"s_pCP[143][7:0]"
"0x90";5190;"RW";8;0;;
;;;"[7:0]";"A";"s_pCP[144][7:0]"
"0x91";5191;"RW";8;0;;
;;;"[7:0]";"A";"s_pCP[145][7:0]"
"0x92";5192;"RW";8;0;;
;;;"[7:0]";"A";"s_pCP[146][7:0]"
"0x93";5193;"RW";8;0;;
;;;"[7:0]";"A";"s_pCP[147][7:0]"
"0x94";5194;"RW";8;0;;
;;;"[7:0]";"A";"s_pCP[148][7:0]"
"0x95";5195;"RW";8;0;;
;;;"[7:0]";"A";"s_pCP[149][7:0]"
"0x96";5196;"RW";8;0;;
;;;"[7:0]";"A";"s_pCP[150][7:0]"
"0x97";5197;"RW";8;0;;
;;;"[7:0]";"A";"s_pCP[151][7:0]"
"0x98";5198;"RW";8;0;;
;;;"[7:0]";"A";"s_pCP[152][7:0]"
"0x99";5199;"RW";8;0;;
;;;"[7:0]";"A";"s_pCP[153][7:0]"
"0x9a";519a;"RW";8;0;;
;;;"[7:0]";"A";"s_pCP[154][7:0]"
"0x9b";519b;"RW";8;0;;
;;;"[7:0]";"A";"s_pCP[155][7:0]"
"0x9c";519c;"RW";8;0;;
;;;"[7:0]";"A";"s_pCP[156][7:0]"
"0x9d";519d;"RW";8;0;;
;;;"[7:0]";"A";"s_pCP[157][7:0]"
"0x9e";519e;"RW";8;0;;
;;;"[7:0]";"A";"s_pCP[158][7:0]"
"0x9f";519f;"RW";8;0;;
;;;"[7:0]";"A";"s_pCP[159][7:0]"
"0xa0";51a0;"RW";8;0;;
;;;"[7:0]";"A";"s_pCP[160][7:0]"
"0xa1";51a1;"RW";8;0;;
;;;"[7:0]";"A";"s_pCP[161][7:0]"
"0xa2";51a2;"RW";8;0;;
;;;"[7:0]";"A";"s_pCP[162][7:0]"
"0xa3";51a3;"RW";8;0;;
;;;"[7:0]";"A";"s_pCP[163][7:0]"
"0xa4";51a4;"RW";8;0;;
;;;"[7:0]";"A";"s_pCP[164][7:0]"
"0xa5";51a5;"RW";8;0;;
;;;"[7:0]";"A";"s_pCP[165][7:0]"
"0xa6";51a6;"RW";8;0;;
;;;"[7:0]";"A";"s_pCP[166][7:0]"
"0xa7";51a7;"RW";8;0;;
;;;"[7:0]";"A";"s_pCP[167][7:0]"
"0xa8";51a8;"RW";8;0;;
;;;"[7:0]";"A";"s_pCP[168][7:0]"
"0xa9";51a9;"RW";8;0;;
;;;"[7:0]";"A";"s_pCP[169][7:0]"
"0xaa";51aa;"RW";8;0;;
;;;"[7:0]";"A";"s_pCP[170][7:0]"
"0xab";51ab;"RW";8;0;;
;;;"[7:0]";"A";"s_pCP[171][7:0]"
"0xac";51ac;"RW";8;0;;
;;;"[7:0]";"A";"s_pCP[172][7:0]"
"0xad";51ad;"RW";8;0;;
;;;"[7:0]";"A";"s_pCP[173][7:0]"
"0xae";51ae;"RW";8;0;;
;;;"[7:0]";"A";"s_pCP[174][7:0]"
"0xaf";51af;"RW";8;0;;
;;;"[7:0]";"A";"s_pCP[175][7:0]"
"0xb0";51b0;"RW";8;0;;
;;;"[7:0]";"A";"s_pCP[176][7:0]"
"0xb1";51b1;"RW";8;0;;
;;;"[7:0]";"A";"s_pCP[177][7:0]"
"0xb2";51b2;"RW";8;0;;
;;;"[7:0]";"A";"s_pCP[178][7:0]"
"0xb3";51b3;"RW";8;0;;
;;;"[7:0]";"A";"s_pCP[179][7:0]"
"0xb4";51b4;"RW";8;0;;
;;;"[7:0]";"A";"s_pCP[180][7:0]"
"0xb5";51b5;"RW";8;0;;
;;;"[7:0]";"A";"s_pCP[181][7:0]"
"0xb6";51b6;"RW";8;0;;
;;;"[7:0]";"A";"s_pCP[182][7:0]"
"0xb7";51b7;"RW";8;0;;
;;;"[7:0]";"A";"s_pCP[183][7:0]"
"0xb8";51b8;"RW";8;0;;
;;;"[7:0]";"A";"s_pCP[184][7:0]"
"0xb9";51b9;"RW";8;0;;
;;;"[7:0]";"A";"s_pCP[185][7:0]"
"0xba";51ba;"RW";8;0;;
;;;"[7:0]";"A";"s_pCP[186][7:0]"
"0xbb";51bb;"RW";8;0;;
;;;"[7:0]";"A";"s_pCP[187][7:0]"
"0xbc";51bc;"RW";8;0;;
;;;"[7:0]";"A";"s_pCP[188][7:0]"
"0xbd";51bd;"RW";8;0;;
;;;"[7:0]";"A";"s_pCP[189][7:0]"
"0xbe";51be;"RW";8;0;;
;;;"[7:0]";"A";"s_pCP[190][7:0]"
"0xbf";51bf;"RW";8;0;;
;;;"[7:0]";"A";"s_pCP[191][7:0]"
"0xc0";51c0;"RW";8;0;;
;;;"[7:0]";"A";"s_pCP[192][7:0]"
"0xc1";51c1;"RW";8;0;;
;;;"[7:0]";"A";"s_pCP[193][7:0]"
"0xc2";51c2;"RW";8;0;;
;;;"[7:0]";"A";"s_pCP[194][7:0]"
"0xc3";51c3;"RW";8;0;;
;;;"[7:0]";"A";"s_pCP[195][7:0]"
"0xc4";51c4;"RW";8;0;;
;;;"[7:0]";"A";"s_pCP[196][7:0]"
"0xc5";51c5;"RW";8;0;;
;;;"[7:0]";"A";"s_pCP[197][7:0]"
"0xc6";51c6;"RW";8;0;;
;;;"[7:0]";"A";"s_pCP[198][7:0]"
"0xc7";51c7;"RW";8;0;;
;;;"[7:0]";"A";"s_pCP[199][7:0]"
"0xc8";51c8;"RW";8;0;;
;;;"[7:0]";"A";"s_pCP[200][7:0]"
"0xc9";51c9;"RW";8;0;;
;;;"[7:0]";"A";"s_pCP[201][7:0]"
"0xca";51ca;"RW";8;0;;
;;;"[7:0]";"A";"s_pCP[202][7:0]"
"0xcb";51cb;"RW";8;0;;
;;;"[7:0]";"A";"s_pCP[203][7:0]"
"0xcc";51cc;"RW";8;0;;
;;;"[7:0]";"A";"s_pCP[204][7:0]"
"0xcd";51cd;"RW";8;0;;
;;;"[7:0]";"A";"s_pCP[205][7:0]"
"0xce";51ce;"RW";8;0;;
;;;"[7:0]";"A";"s_pCP[206][7:0]"
"0xcf";51cf;"RW";8;0;;
;;;"[7:0]";"A";"s_pCP[207][7:0]"
"0xd0";51d0;"RW";8;0;;
;;;"[7:0]";"A";"s_pCP[208][7:0]"
"0xd1";51d1;"RW";8;0;;
;;;"[7:0]";"A";"s_pCP[209][7:0]"
"0xd2";51d2;"RW";8;0;;
;;;"[7:0]";"A";"s_pCP[210][7:0]"
"0xd3";51d3;"RW";8;0;;
;;;"[7:0]";"A";"s_pCP[211][7:0]"
"0xd4";51d4;"RW";8;0;;
;;;"[7:0]";"A";"s_pCP[212][7:0]"
"0xd5";51d5;"RW";8;0;;
;;;"[7:0]";"A";"s_pCP[213][7:0]"
"0xd6";51d6;"RW";8;0;;
;;;"[7:0]";"A";"s_pCP[214][7:0]"
"0xd7";51d7;"RW";8;0;;
;;;"[7:0]";"A";"s_pCP[215][7:0]"
"0xd8";51d8;"RW";8;0;;
;;;"[7:0]";"A";"s_pCP[216][7:0]"
"0xd9";51d9;"RW";8;0;;
;;;"[7:0]";"A";"s_pCP[217][7:0]"
"0xda";51da;"RW";8;0;;
;;;"[7:0]";"A";"s_pCP[218][7:0]"
"0xdb";51db;"RW";8;0;;
;;;"[7:0]";"A";"s_pCP[219][7:0]"
"0xdc";51dc;"RW";8;0;;
;;;"[7:0]";"A";"s_pCP[220][7:0]"
"0xdd";51dd;"RW";8;0;;
;;;"[7:0]";"A";"s_pCP[221][7:0]"
"0xde";51de;"RW";8;0;;
;;;"[7:0]";"A";"s_pCP[222][7:0]"
"0xdf";51df;"RW";8;0;;
;;;"[7:0]";"A";"s_pCP[223][7:0]"
"0xe0";51e0;"RW";8;0;;
;;;"[7:0]";"A";"s_pCP[224][7:0]"
"0xe1";51e1;"RW";8;0;;
;;;"[7:0]";"A";"s_pCP[225][7:0]"
"0xe2";51e2;"RW";8;0;;
;;;"[7:0]";"A";"s_pCP[226][7:0]"
"0xe3";51e3;"RW";8;0;;
;;;"[7:0]";"A";"s_pCP[227][7:0]"
"0xe4";51e4;"RW";8;0;;
;;;"[7:0]";"A";"s_pCP[228][7:0]"
"0xe5";51e5;"RW";8;0;;
;;;"[7:0]";"A";"s_pCP[229][7:0]"
"0xe6";51e6;"RW";8;0;;
;;;"[7:0]";"A";"s_pCP[230][7:0]"
"0xe7";51e7;"RW";8;0;;
;;;"[7:0]";"A";"s_pCP[231][7:0]"
"0xe8";51e8;"RW";8;0;;
;;;"[7:0]";"A";"s_pCP[232][7:0]"
"0xe9";51e9;"RW";8;0;;
;;;"[7:0]";"A";"s_pCP[233][7:0]"
"0xea";51ea;"RW";8;0;;
;;;"[7:0]";"A";"s_pCP[234][7:0]"
"0xeb";51eb;"RW";8;0;;
;;;"[7:0]";"A";"s_pCP[235][7:0]"
"0xec";51ec;"RW";8;0;;
;;;"[7:0]";"A";"s_pCP[236][7:0]"
"0xed";51ed;"RW";8;0;;
;;;"[7:0]";"A";"s_pCP[237][7:0]"
"0xee";51ee;"RW";8;0;;
;;;"[7:0]";"A";"s_pCP[238][7:0]"
"0xef";51ef;"RW";8;0;;
;;;"[7:0]";"A";"s_pCP[239][7:0]"
"end";;;;;
