"base_addr";31005b40;"addr_bits";8;;
parameter;ACK_DLY=0;;;;
;;;;;
;;;;;
"module_name";"KPC_V60_HW";;;;
"sub_addr";"addr";"RW";"bits";"default (hex)";"description"
"0x00";5100;"RW";2;1;;
;;;"[1:0]";"";"r_kpc_mode[1:0]"
"0x01";5101;"RW";3;0;;
;;;"[3:1]";"";"r_cali_shift[2:0]"
"0x02";5102;"RW";8;0;;
;;;"[7:0]";"";"r_offset[7:0]"
"0x04";5104;"RW";8;0;;
;;;"[7:0]";"";"r_start_point[7:0]"
"0x05";5105;"RW";4;0;;
;;;"[3:0]";"";"r_start_point[11:8]"
"0x06";5106;"RW";8;0;;
;;;"[7:0]";"";"r_last_ponit[7:0]"
"0x07";5107;"RW";4;0;;
;;;"[3:0]";"";"r_last_ponit[11:8]"
"0x08";5108;"RW";6;11;;
;;;"[5:0]";"";"r_ratio[5:0]"
"0x10";5110;"RW";6;0;;
;;;"[5:0]";"";"r_border_0[5:0]"
"0x11";5111;"RW";6;0;;
;;;"[5:0]";"";"r_border_1[5:0]"
"0x12";5112;"RW";6;0;;
;;;"[5:0]";"";"r_border_2[5:0]"
"0x13";5113;"RW";6;0;;
;;;"[5:0]";"";"r_border_3[5:0]"
"0x14";5114;"RW";8;0;;
;;;"[7:0]";"";"r_margin_0[7:0]"
"0x15";5115;"RW";2;0;;
;;;"[1:0]";"";"r_margin_0[9:8]"
"0x16";5116;"RW";8;0;;
;;;"[7:0]";"";"r_margin_1[7:0]"
"0x17";5117;"RW";2;0;;
;;;"[1:0]";"";"r_margin_1[9:8]"
"end";;;;;
