"base_addr";5100;"addr_bits";8;;
parameter;ACK_DLY=0;;;;
;;;;;
;;;;;
"module_name";"CRGBIRCIP_HW_V60_M";;;;
"sub_addr";"addr";"RW";"bits";"default (hex)";"description"
"0x00";5100;"RW";7;f;;
;;;"[0]";"";"r_dpc_en"
;;;"[1]";"";"r_decolor_en"
;;;"[2]";"";"r_gray_pat_en"
;;;"[3]";"";"r_nir_wb_en"
;;;"[4]";"";"r_mirr_en"
;;;"[5]";"";"r_flip_en"
;;;"[6]";"";"r_crop_en"
"0x04";5104;"RO";8;f0;;
;;;"[7:0]";"M";"r_global_n[7:0]"
"0x05";5105;"RO";8;49;;
;;;"[7:0]";"M";"r_global_n[15:8]"
"0x06";5106;"RO";8;2;;
;;;"[7:0]";"M";"r_global_n[23:16]"
"0x07";5107;"RO";6;0;;
;;;"[5:0]";"M";"r_global_n[29:24]"
"0x08";5108;"RO";8;e0;;
;;;"[7:0]";"M";"r_global_bcoir[7:0]"
"0x09";5109;"RO";8;93;;
;;;"[7:0]";"M";"r_global_bcoir[15:8]"
"0x0a";510a;"RO";8;4;;
;;;"[7:0]";"M";"r_global_bcoir[23:16]"
"0x0b";510b;"RO";6;0;;
;;;"[5:0]";"M";"r_global_bcoir[29:24]"
"0x0c";510c;"RO";8;80;;
;;;"[7:0]";"M";"r_global_gcoir[7:0]"
"0x0d";510d;"RO";8;4f;;
;;;"[7:0]";"M";"r_global_gcoir[15:8]"
"0x0e";510e;"RO";8;12;;
;;;"[7:0]";"M";"r_global_gcoir[23:16]"
"0x0f";510f;"RO";6;0;;
;;;"[5:0]";"M";"r_global_gcoir[29:24]"
"0x10";5110;"RO";8;e0;;
;;;"[7:0]";"M";"r_global_rcoir[7:0]"
"0x11";5111;"RO";8;93;;
;;;"[7:0]";"M";"r_global_rcoir[15:8]"
"0x12";5112;"RO";8;4;;
;;;"[7:0]";"M";"r_global_rcoir[23:16]"
"0x13";5113;"RO";6;0;;
;;;"[5:0]";"M";"r_global_rcoir[29:24]"
"0x14";5114;"RO";8;f0;;
;;;"[7:0]";"M";"r_global_bdeir[7:0]"
"0x15";5115;"RO";8;49;;
;;;"[7:0]";"M";"r_global_bdeir[15:8]"
"0x16";5116;"RO";8;2;;
;;;"[7:0]";"M";"r_global_bdeir[23:16]"
"0x17";5117;"RO";6;0;;
;;;"[5:0]";"M";"r_global_bdeir[29:24]"
"0x18";5118;"RO";8;90;;
;;;"[7:0]";"M";"r_global_gdeir[7:0]"
"0x19";5119;"RO";8;5;;
;;;"[7:0]";"M";"r_global_gdeir[15:8]"
"0x1a";511a;"RO";8;10;;
;;;"[7:0]";"M";"r_global_gdeir[23:16]"
"0x1b";511b;"RO";6;0;;
;;;"[5:0]";"M";"r_global_gdeir[29:24]"
"0x1c";511c;"RO";8;f0;;
;;;"[7:0]";"M";"r_global_rdeir[7:0]"
"0x1d";511d;"RO";8;49;;
;;;"[7:0]";"M";"r_global_rdeir[15:8]"
"0x1e";511e;"RO";8;2;;
;;;"[7:0]";"M";"r_global_rdeir[23:16]"
"0x1f";511f;"RO";6;0;;
;;;"[5:0]";"M";"r_global_rdeir[29:24]"
"0x20";5120;"RW";8;0;;
;;;"[7:0]";"A";"r_hp_boost[7:0]"
"0x21";5121;"RW";2;1;;
;;;"[1:0]";"A";"r_hp_boost[9:8]"
"0x22";5122;"RW";8;0;;
;;;"[7:0]";"A";"r_luma_boost[7:0]"
"0x23";5123;"RW";2;1;;
;;;"[1:0]";"A";"r_luma_boost[9:8]"
"0x30";5130;"RW";8;0;;
;;;"[7:0]";"A";"r_bgain[7:0]"
"0x31";5131;"RW";3;1;;
;;;"[2:0]";"A";"r_bgain[10:8]"
"0x32";5132;"RW";8;0;;
;;;"[7:0]";"A";"r_ggain[7:0]"
"0x33";5133;"RW";3;1;;
;;;"[2:0]";"A";"r_ggain[10:8]"
"0x34";5134;"RW";8;0;;
;;;"[7:0]";"A";"r_rgain[7:0]"
"0x35";5135;"RW";3;1;;
;;;"[2:0]";"A";"r_rgain[10:8]"
"0x36";5136;"RW";8;80;;
;;;"[7:0]";"A";"r_bgain_inv[7:0]"
"0x37";5137;"RW";8;80;;
;;;"[7:0]";"A";"r_ggain_inv[7:0]"
"0x38";5138;"RW";8;80;;
;;;"[7:0]";"A";"r_rgain_inv[7:0]"
"0x40";5140;"RW";8;bf;;
;;;"[7:0]";"A";"r_deir_matrix[0][0][7:0]"
"0x41";5141;"RW";3;1;;
;;;"[2:0]";"A";"r_deir_matrix[0][0][10:8]"
"0x42";5142;"RW";8;53;;
;;;"[7:0]";"A";"r_deir_matrix[0][1][7:0]"
"0x43";5143;"RW";3;0;;
;;;"[2:0]";"A";"r_deir_matrix[0][1][10:8]"
"0x44";5144;"RW";8;42;;
;;;"[7:0]";"A";"r_deir_matrix[0][2][7:0]"
"0x45";5145;"RW";3;0;;
;;;"[2:0]";"A";"r_deir_matrix[0][2][10:8]"
"0x46";5146;"RW";8;c8;;
;;;"[7:0]";"A";"r_deir_matrix[0][3][7:0]"
"0x47";5147;"RW";3;5;;
;;;"[2:0]";"A";"r_deir_matrix[0][3][10:8]"
"0x48";5148;"RW";8;f1;;
;;;"[7:0]";"A";"r_deir_matrix[1][0][7:0]"
"0x49";5149;"RW";3;7;;
;;;"[2:0]";"A";"r_deir_matrix[1][0][10:8]"
"0x4a";514a;"RW";8;41;;
;;;"[7:0]";"A";"r_deir_matrix[1][1][7:0]"
"0x4b";514b;"RW";3;2;;
;;;"[2:0]";"A";"r_deir_matrix[1][1][10:8]"
"0x4c";514c;"RW";8;44;;
;;;"[7:0]";"A";"r_deir_matrix[1][2][7:0]"
"0x4d";514d;"RW";3;0;;
;;;"[2:0]";"A";"r_deir_matrix[1][2][10:8]"
"0x4e";514e;"RW";8;a8;;
;;;"[7:0]";"A";"r_deir_matrix[1][3][7:0]"
"0x4f";514f;"RW";3;5;;
;;;"[2:0]";"A";"r_deir_matrix[1][3][10:8]"
"0x50";5150;"RW";8;f3;;
;;;"[7:0]";"A";"r_deir_matrix[2][0][7:0]"
"0x51";5151;"RW";3;7;;
;;;"[2:0]";"A";"r_deir_matrix[2][0][10:8]"
"0x52";5152;"RW";8;4f;;
;;;"[7:0]";"A";"r_deir_matrix[2][1][7:0]"
"0x53";5153;"RW";3;0;;
;;;"[2:0]";"A";"r_deir_matrix[2][1][10:8]"
"0x54";5154;"RW";8;31;;
;;;"[7:0]";"A";"r_deir_matrix[2][2][7:0]"
"0x55";5155;"RW";3;2;;
;;;"[2:0]";"A";"r_deir_matrix[2][2][10:8]"
"0x56";5156;"RW";8;98;;
;;;"[7:0]";"A";"r_deir_matrix[2][3][7:0]"
"0x57";5157;"RW";3;5;;
;;;"[2:0]";"A";"r_deir_matrix[2][3][10:8]"
"0x61";5161;"RW";6;5;;
;;;"[5:0]";"A";"r_bpblkg_coe1[5:0]"
"0x62";5162;"RW";6;14;;
;;;"[5:0]";"A";"r_bpblkg_coe2[5:0]"
"0x63";5163;"RW";6;a;;
;;;"[5:0]";"A";"r_bpblkg_int[5:0]"
"0x64";5164;"RW";6;5;;
;;;"[5:0]";"A";"r_bpwhtg_coe1[5:0]"
"0x65";5165;"RW";6;14;;
;;;"[5:0]";"A";"r_bpwhtg_coe2[5:0]"
"0x66";5166;"RW";6;19;;
;;;"[5:0]";"A";"r_bpwhtg_int[5:0]"
"0x67";5167;"RW";6;5;;
;;;"[5:0]";"A";"r_bpblkn_coe1[5:0]"
"0x68";5168;"RW";6;14;;
;;;"[5:0]";"A";"r_bpblkn_coe2[5:0]"
"0x69";5169;"RW";6;a;;
;;;"[5:0]";"A";"r_bpblkn_int[5:0]"
"0x6a";516a;"RW";6;5;;
;;;"[5:0]";"A";"r_bpwhtn_coe1[5:0]"
"0x6b";516b;"RW";6;14;;
;;;"[5:0]";"A";"r_bpwhtn_coe2[5:0]"
"0x6c";516c;"RW";6;19;;
;;;"[5:0]";"A";"r_bpwhtn_int[5:0]"
"0x70";5170;"RW";6;14;;
;;;"[5:0]";"M";"r_cdwei_int[5:0]"
"0x71";5171;"RW";3;2;;
;;;"[2:0]";"M";"r_cdwei_rat[2:0]"
"0x74";5174;"RW";8;78;;
;;;"[7:0]";"M";"r_overexp_ir_thr[7:0]"
"0x75";5175;"RW";4;7;;
;;;"[3:0]";"M";"r_overexp_ir_rat[3:0]"
"0x76";5176;"RW";8;20;;
;;;"[7:0]";"M";"r_overexp_bp_thr[7:0]"
"0x77";5177;"RW";8;f2;;
;;;"[7:0]";"M";"r_decolor_thr[7:0]"
"0x78";5178;"RW";3;2;;
;;;"[2:0]";"M";"r_decolor_rat[2:0]"
"0x79";5179;"RW";7;3c;;
;;;"[6:0]";"M";"r_defc_coe[6:0]"
"0x7a";517a;"RW";7;50;;
;;;"[6:0]";"M";"r_defc_int[6:0]"
"0x7b";517b;"RW";3;3;;
;;;"[2:0]";"M";"r_defc_rat[2:0]"
"0x80";5180;"RW";8;64;;
;;;"[7:0]";"M";"r_hpr_thr[7:0]"
"0x81";5181;"RW";3;3;;
;;;"[2:0]";"M";"r_hpr_rat[2:0]"
"0x82";5182;"RW";8;2d;;
;;;"[7:0]";"M";"r_hpr_amp[7:0]"
"0x83";5183;"RW";8;78;;
;;;"[7:0]";"M";"r_hpb_thr[7:0]"
"0x84";5184;"RW";3;3;;
;;;"[2:0]";"M";"r_hpb_rat[2:0]"
"0x85";5185;"RW";8;c8;;
;;;"[7:0]";"M";"r_hpb_amp[7:0]"
"0x86";5186;"RW";5;10;;
;;;"[4:0]";"M";"r_hpy_amp[4:0]"
"0x87";5187;"RW";2;0;;
;;;"[1:0]";"M";"r_bayer_opt[1:0]"
"end";;;;;
