"base_addr";31004980;"addr_bits";8;;
parameter;ACK_DLY=0;;;;
;;;;;
;;;;;
"module_name";"CDPC_V60_HW";;;;
"sub_addr";"addr";"RW";"bits";"default (hex)";"description"
"0x00";5100;"RW";8;6d;;
;;;"[0]";"";"r_pd_type3_en"
;;;"[1]";"";"r_pd_ml_mode"
;;;"[2]";"";"r_step_edge_en"
;;;"[3]";"";"r_bvbuf_en"
;;;"[4]";"";"r_b2x2_mode_en"
;;;"[5]";"";"r_rev_option"
;;;"[6]";"";"r_smth_area_op"
;;;"[7]";"";"r_bvbuf_op"
"0x01";5101;"RW";8;61;;
;;;"[0]";"";"r_sat_op"
;;;"[5]";"";"r_w_bp_en"
;;;"[6]";"";"r_b_bp_en"
;;;"[7]";"";"r_mono_en"
"0x02";5102;"RW";3;7;;
;;;"[0]";"";"r_sg_wp_en[0]"
;;;"[1]";"";"r_sg_wp_en[1]"
;;;"[2]";"";"r_sg_wp_en[2]"
"0x03";5103;"RW";3;7;;
;;;"[0]";"";"r_cp_wp_en[0]"
;;;"[1]";"";"r_cp_wp_en[1]"
;;;"[2]";"";"r_cp_wp_en[2]"
"0x04";5104;"RW";3;7;;
;;;"[0]";"";"r_sg_bp_en[0]"
;;;"[1]";"";"r_sg_bp_en[1]"
;;;"[2]";"";"r_sg_bp_en[2]"
"0x05";5105;"RW";3;7;;
;;;"[0]";"";"r_cp_bp_en[0]"
;;;"[1]";"";"r_cp_bp_en[1]"
;;;"[2]";"";"r_cp_bp_en[2]"
"0x06";5106;"RW";8;a5;;
;;;"[0]";"";"r_pd_ptn_man[0]"
;;;"[1]";"";"r_pd_ptn_man[1]"
;;;"[2]";"";"r_pd_ptn_man[2]"
;;;"[3]";"";"r_pd_ptn_man[3]"
;;;"[4]";"";"r_pd_ptn_man[4]"
;;;"[5]";"";"r_pd_ptn_man[5]"
;;;"[6]";"";"r_pd_ptn_man[6]"
;;;"[7]";"";"r_pd_ptn_man[7]"
"0x07";5107;"RW";8;a5;;
;;;"[0]";"";"r_pd_ptn_man[8]"
;;;"[1]";"";"r_pd_ptn_man[9]"
;;;"[2]";"";"r_pd_ptn_man[10]"
;;;"[3]";"";"r_pd_ptn_man[11]"
;;;"[4]";"";"r_pd_ptn_man[12]"
;;;"[5]";"";"r_pd_ptn_man[13]"
;;;"[6]";"";"r_pd_ptn_man[14]"
;;;"[7]";"";"r_pd_ptn_man[15]"
"0x08";5108;"RW";8;4;;
;;;"[7:0]";"";"r_x_pd_l_border[7:0]"
"0x09";5109;"RW";8;4;;
;;;"[7:0]";"";"r_x_pd_r_border[7:0]"
"0x0a";510a;"RW";8;4;;
;;;"[7:0]";"";"r_y_pd_t_border[7:0]"
"0x0b";510b;"RW";8;4;;
;;;"[7:0]";"";"r_y_pd_b_border[7:0]"
"0x10";5110;"RW";4;0;;
;;;"[3:0]";"";"r_adv_rev[3:0]"
"0x11";5111;"RW";8;ff;;
;;;"[7:0]";"";"r_dpc_adv_wthre[7:0]"
"0x12";5112;"RW";8;0;;
;;;"[7:0]";"";"r_dpc_adv_bthre[7:0]"
"0x13";5113;"RW";2;2;;
;;;"[1:0]";"";"r_edge_op[1:0]"
"0x14";5114;"RW";2;0;;
;;;"[1:0]";"";"r_n2x2_pattern[1:0]"
"0x15";5115;"RW";2;0;;
;;;"[1:0]";"";"r_n2x2_adv_op[1:0]"
"0x16";5116;"RW";4;4;;
;;;"[3:0]";"";"r_smth_area_thre[3:0]"
"0x17";5117;"RW";4;8;;
;;;"[3:0]";"";"r_sat_thre[3:0]"
"0x20";5120;"RO";8;1;;
;;;"[7:0]";"";"r_bgr_sum[0][7:0]"
"0x21";5121;"RO";8;0;;
;;;"[7:0]";"";"r_bgr_sum[0][15:8]"
"0x22";5122;"RO";8;0;;
;;;"[7:0]";"";"r_bgr_sum[0][23:16]"
"0x23";5123;"RO";7;0;;
;;;"[6:0]";"";"r_bgr_sum[0][30:24]"
"0x24";5124;"RO";8;1;;
;;;"[7:0]";"";"r_bgr_sum[1][7:0]"
"0x25";5125;"RO";8;0;;
;;;"[7:0]";"";"r_bgr_sum[1][15:8]"
"0x26";5126;"RO";8;0;;
;;;"[7:0]";"";"r_bgr_sum[1][23:16]"
"0x27";5127;"RO";7;0;;
;;;"[6:0]";"";"r_bgr_sum[1][30:24]"
"0x28";5128;"RO";8;1;;
;;;"[7:0]";"";"r_bgr_sum[2][7:0]"
"0x29";5129;"RO";8;0;;
;;;"[7:0]";"";"r_bgr_sum[2][15:8]"
"0x2a";512a;"RO";8;0;;
;;;"[7:0]";"";"r_bgr_sum[2][23:16]"
"0x2b";512b;"RO";7;0;;
;;;"[6:0]";"";"r_bgr_sum[2][30:24]"
"0x30";5130;"RW";2;1;;
;;;"[1:0]";"";"r_cd_option_use[1:0]"
"0x31";5131;"RW";6;8;;
;;;"[5:0]";"A";"r_wit_thre_use[5:0]"
"0x32";5132;"RW";6;8;;
;;;"[5:0]";"A";"r_blc_thre_use[5:0]"
"0x33";5133;"RW";6;0;;
;;;"[5:0]";"A";"r_w_slope_use[5:0]"
"0x34";5134;"RW";6;0;;
;;;"[5:0]";"A";"r_b_slope_use[5:0]"
"0x35";5135;"RW";2;0;;
;;;"[1:0]";"A";"r_level_use[1:0]"
"0x36";5136;"RW";1;0;;
;;;"[0]";"A";"r_debug_enable_use"
"0x37";5137;"RW";8;fe;;
;;;"[0]";"A";"r_pvbuf_ctrl_use[0]"
;;;"[1]";"A";"r_pvbuf_ctrl_use[1]"
;;;"[2]";"A";"r_pvbuf_ctrl_use[2]"
;;;"[3]";"A";"r_pvbuf_ctrl_use[3]"
;;;"[4]";"A";"r_pvbuf_ctrl_use[4]"
;;;"[5]";"A";"r_pvbuf_ctrl_use[5]"
;;;"[6]";"A";"r_pvbuf_ctrl_use[6]"
;;;"[7]";"A";"r_pvbuf_ctrl_use[7]"
"0x38";5138;"RW";7;0;;
;;;"[6:0]";"A";"r_pvbuf_thre_use[0][6:0]"
"0x39";5139;"RW";7;0;;
;;;"[6:0]";"A";"r_pvbuf_thre_use[1][6:0]"
"0x3a";513a;"RW";8;80;;
;;;"[7:0]";"A";"r_apply_gain_use[0][7:0]"
"0x3b";513b;"RW";8;80;;
;;;"[7:0]";"A";"r_apply_gain_use[1][7:0]"
"0x3c";513c;"RW";8;0;;
;;;"[7:0]";"A";"r_apply_offset_use[0][7:0]"
"0x3d";513d;"RW";8;0;;
;;;"[7:0]";"A";"r_apply_offset_use[1][7:0]"
"0x3e";513e;"RW";8;80;;
;;;"[7:0]";"A";"r_apply_rev_gain_use[0][7:0]"
"0x3f";513f;"RW";8;80;;
;;;"[7:0]";"A";"r_apply_rev_gain_use[1][7:0]"
"end";;;;;
