base_addr;0x30031b48;addr_bits;8;;
parameter;ACK_DLY=0;;;;
;;;;;
;;;;;
module_name;cam0_RAWDNS_LM_IR_AB;;;;
sub_addr;addr;RW;bits;default (hex);description
0x00;1b48;RW;8;10;0~1;
;;;[7:0];;r_pGainNodeHcg[0][7:0]
0x01;1b49;RW;8;0;;
;;;[7:0];;r_pGainNodeHcg[0][15:8]
0x02;1b4a;RW;8;40;0~1;
;;;[7:0];;r_pGainNodeHcg[1][7:0]
0x03;1b4b;RW;8;0;;
;;;[7:0];;r_pGainNodeHcg[1][15:8]
0x04;1b4c;RW;8;0;0~1;
;;;[7:0];;r_pGainNodeHcg[2][7:0]
0x05;1b4d;RW;8;1;;
;;;[7:0];;r_pGainNodeHcg[2][15:8]
0x06;1b4e;RW;8;0;0~1;
;;;[7:0];;r_pGainNodeHcg[3][7:0]
0x07;1b4f;RW;8;4;;
;;;[7:0];;r_pGainNodeHcg[3][15:8]
0x0c;1b54;RW;8;a;0~15;
;;;[7:0];;r_pNoiseAddBackHcg[0][7:0]
0x0d;1b55;RW;8;a;0~15;
;;;[7:0];;r_pNoiseAddBackHcg[1][7:0]
0x0e;1b56;RW;8;c;0~15;
;;;[7:0];;r_pNoiseAddBackHcg[2][7:0]
0x0f;1b57;RW;8;c;0~15;
;;;[7:0];;r_pNoiseAddBackHcg[3][7:0]
0x2c;1b74;RW;8;5;0~255;
;;;[7:0];;r_pNoiseSlopeHcg[0][7:0]
0x2d;1b75;RW;8;14;0~255;
;;;[7:0];;r_pNoiseSlopeHcg[1][7:0]
0x2e;1b76;RW;8;3c;0~255;
;;;[7:0];;r_pNoiseSlopeHcg[2][7:0]
0x2f;1b77;RW;8;82;0~255;
;;;[7:0];;r_pNoiseSlopeHcg[3][7:0]
0x34;1b7c;RW;8;2;0~255;
;;;[7:0];;r_pNoiseInterceptHcg[0][7:0]
0x35;1b7d;RW;8;8;0~255;
;;;[7:0];;r_pNoiseInterceptHcg[1][7:0]
0x36;1b7e;RW;8;a;0~255;
;;;[7:0];;r_pNoiseInterceptHcg[2][7:0]
0x37;1b7f;RW;8;19;0~255;
;;;[7:0];;r_pNoiseInterceptHcg[3][7:0]
0x14;1b5c;RW;8;10;0~15;
;;;[7:0];;r_pPatternWeightEdgeHcg[0][7:0]
0x15;1b5d;RW;8;10;0~15;
;;;[7:0];;r_pPatternWeightEdgeHcg[1][7:0]
0x16;1b5e;RW;8;10;0~15;
;;;[7:0];;r_pPatternWeightEdgeHcg[2][7:0]
0x17;1b5f;RW;8;10;0~15;
;;;[7:0];;r_pPatternWeightEdgeHcg[3][7:0]
0x1c;1b64;RW;8;10;0~15;
;;;[7:0];;r_pPatternWeightTextHcg[0][7:0]
0x1d;1b65;RW;8;10;0~15;
;;;[7:0];;r_pPatternWeightTextHcg[1][7:0]
0x1e;1b66;RW;8;10;0~15;
;;;[7:0];;r_pPatternWeightTextHcg[2][7:0]
0x1f;1b67;RW;8;10;0~15;
;;;[7:0];;r_pPatternWeightTextHcg[3][7:0]
0x24;1b6c;RW;8;10;0~15;
;;;[7:0];;r_pPatternWeightFlatHcg[0][7:0]
0x25;1b6d;RW;8;10;0~15;
;;;[7:0];;r_pPatternWeightFlatHcg[1][7:0]
0x26;1b6e;RW;8;10;0~15;
;;;[7:0];;r_pPatternWeightFlatHcg[2][7:0]
0x27;1b6f;RW;8;10;0~15;
;;;[7:0];;r_pPatternWeightFlatHcg[3][7:0]
end;;;;;
