"base_addr";0x30080410;"addr_bits";8;;
parameter;ACK_DLY=0;;;;
;;;;;
;;;;;
"module_name";"cam0_LSC_F";;;;
"sub_addr";"addr";"RW";"bits";"default (hex)";"description"
"0x00";0410;"RW";8;0;"0~1";
;;;"[7:0]";;"r_nSramAddrSel[0][7:0]"
"0x01";0411;"RW";8;0;"0~1";
;;;"[7:0]";;"r_nSramAddrSel[1][7:0]"
"0x02";0412;"RW";8;0;"0~1";
;;;"[7:0]";;"r_nSramAddrSel[2][7:0]"
"0x03";0413;"RW";8;0;"0~1";
;;;"[7:0]";;"r_nSramAddrSel[3][7:0]"
"0x04";0414;"RW";8;0;"0~3";
;;;"[7:0]";;"r_nGainSel[7:0]"
"0x05";0415;"RW";8;20;"0~255";
;;;"[7:0]";;"r_nSensorGain1[7:0]"
"0x06";0416;"RW";8;60;"0~255";
;;;"[7:0]";;"r_nSensorGain2[7:0]"
"0x07";0417;"RW";8;40;"0~127";
;;;"[7:0]";;"r_nMaxQ[7:0]"
"0x08";0418;"RW";8;18;"0~127";
;;;"[7:0]";;"r_nMinQ[7:0]"
"0x09";0419;"RW";8;0;"0~3";
;;;"[7:0]";;"r_nManCTOption[7:0]"
"0x0a";041a;"RW";8;64;"0~2047";
;;;"[7:0]";;"r_nCTD[7:0]"
"0x0b";041b;"RW";8;0;;
;;;"[7:0]";;"r_nCTD[15:8]"
"0x0c";041c;"RW";8;b4;"0~2047";
;;;"[7:0]";;"r_nCTM1[7:0]"
"0x0d";041d;"RW";8;0;;
;;;"[7:0]";;"r_nCTM1[15:8]"
"0x0e";041e;"RW";8;dc;"0~2047";
;;;"[7:0]";;"r_nCTM2[7:0]"
"0x0f";041f;"RW";8;0;;
;;;"[7:0]";;"r_nCTM2[15:8]"
"0x10";0420;"RW";8;2c;"0~2047";
;;;"[7:0]";;"r_nCTA[7:0]"
"0x11";0421;"RW";8;1;;
;;;"[7:0]";;"r_nCTA[15:8]"
"0x12";0422;"RW";8;0;"0~255";
;;;"[7:0]";;"r_pCPA[0][7:0]"
"0x13";0423;"RW";8;0;"0~255";
;;;"[7:0]";;"r_pCPA[1][7:0]"
"0x14";0424;"RW";8;0;"0~255";
;;;"[7:0]";;"r_pCPA[2][7:0]"
"0x15";0425;"RW";8;0;"0~255";
;;;"[7:0]";;"r_pCPA[3][7:0]"
"0x16";0426;"RW";8;0;"0~255";
;;;"[7:0]";;"r_pCPA[4][7:0]"
"0x17";0427;"RW";8;0;"0~255";
;;;"[7:0]";;"r_pCPA[5][7:0]"
"0x18";0428;"RW";8;0;"0~255";
;;;"[7:0]";;"r_pCPA[6][7:0]"
"0x19";0429;"RW";8;0;"0~255";
;;;"[7:0]";;"r_pCPA[7][7:0]"
"0x1a";042a;"RW";8;0;"0~255";
;;;"[7:0]";;"r_pCPA[8][7:0]"
"0x1b";042b;"RW";8;0;"0~255";
;;;"[7:0]";;"r_pCPA[9][7:0]"
"0x1c";042c;"RW";8;0;"0~255";
;;;"[7:0]";;"r_pCPA[10][7:0]"
"0x1d";042d;"RW";8;0;"0~255";
;;;"[7:0]";;"r_pCPA[11][7:0]"
"0x1e";042e;"RW";8;0;"0~255";
;;;"[7:0]";;"r_pCPA[12][7:0]"
"0x1f";042f;"RW";8;0;"0~255";
;;;"[7:0]";;"r_pCPA[13][7:0]"
"0x20";0430;"RW";8;0;"0~255";
;;;"[7:0]";;"r_pCPA[14][7:0]"
"0x21";0431;"RW";8;0;"0~255";
;;;"[7:0]";;"r_pCPA[15][7:0]"
"0x22";0432;"RW";8;0;"0~255";
;;;"[7:0]";;"r_pCPA[16][7:0]"
"0x23";0433;"RW";8;0;"0~255";
;;;"[7:0]";;"r_pCPA[17][7:0]"
"0x24";0434;"RW";8;0;"0~255";
;;;"[7:0]";;"r_pCPA[18][7:0]"
"0x25";0435;"RW";8;0;"0~255";
;;;"[7:0]";;"r_pCPA[19][7:0]"
"0x26";0436;"RW";8;0;"0~255";
;;;"[7:0]";;"r_pCPA[20][7:0]"
"0x27";0437;"RW";8;0;"0~255";
;;;"[7:0]";;"r_pCPA[21][7:0]"
"0x28";0438;"RW";8;0;"0~255";
;;;"[7:0]";;"r_pCPA[22][7:0]"
"0x29";0439;"RW";8;0;"0~255";
;;;"[7:0]";;"r_pCPA[23][7:0]"
"0x2a";043a;"RW";8;0;"0~255";
;;;"[7:0]";;"r_pCPA[24][7:0]"
"0x2b";043b;"RW";8;0;"0~255";
;;;"[7:0]";;"r_pCPA[25][7:0]"
"0x2c";043c;"RW";8;0;"0~255";
;;;"[7:0]";;"r_pCPA[26][7:0]"
"0x2d";043d;"RW";8;0;"0~255";
;;;"[7:0]";;"r_pCPA[27][7:0]"
"0x2e";043e;"RW";8;0;"0~255";
;;;"[7:0]";;"r_pCPA[28][7:0]"
"0x2f";043f;"RW";8;0;"0~255";
;;;"[7:0]";;"r_pCPA[29][7:0]"
"0x30";0440;"RW";8;0;"0~255";
;;;"[7:0]";;"r_pCPA[30][7:0]"
"0x31";0441;"RW";8;0;"0~255";
;;;"[7:0]";;"r_pCPA[31][7:0]"
"0x32";0442;"RW";8;0;"0~255";
;;;"[7:0]";;"r_pCPA[32][7:0]"
"0x33";0443;"RW";8;0;"0~255";
;;;"[7:0]";;"r_pCPA[33][7:0]"
"0x34";0444;"RW";8;0;"0~255";
;;;"[7:0]";;"r_pCPA[34][7:0]"
"0x35";0445;"RW";8;0;"0~255";
;;;"[7:0]";;"r_pCPA[35][7:0]"
"0x36";0446;"RW";8;0;"0~255";
;;;"[7:0]";;"r_pCPA[36][7:0]"
"0x37";0447;"RW";8;0;"0~255";
;;;"[7:0]";;"r_pCPA[37][7:0]"
"0x38";0448;"RW";8;0;"0~255";
;;;"[7:0]";;"r_pCPA[38][7:0]"
"0x39";0449;"RW";8;0;"0~255";
;;;"[7:0]";;"r_pCPA[39][7:0]"
"0x3a";044a;"RW";8;0;"0~255";
;;;"[7:0]";;"r_pCPA[40][7:0]"
"0x3b";044b;"RW";8;0;"0~255";
;;;"[7:0]";;"r_pCPA[41][7:0]"
"0x3c";044c;"RW";8;0;"0~255";
;;;"[7:0]";;"r_pCPA[42][7:0]"
"0x3d";044d;"RW";8;0;"0~255";
;;;"[7:0]";;"r_pCPA[43][7:0]"
"0x3e";044e;"RW";8;0;"0~255";
;;;"[7:0]";;"r_pCPA[44][7:0]"
"0x3f";044f;"RW";8;0;"0~255";
;;;"[7:0]";;"r_pCPA[45][7:0]"
"0x40";0450;"RW";8;0;"0~255";
;;;"[7:0]";;"r_pCPA[46][7:0]"
"0x41";0451;"RW";8;0;"0~255";
;;;"[7:0]";;"r_pCPA[47][7:0]"
"0x42";0452;"RW";8;0;"0~255";
;;;"[7:0]";;"r_pCPA[48][7:0]"
"0x43";0453;"RW";8;0;"0~255";
;;;"[7:0]";;"r_pCPA[49][7:0]"
"0x44";0454;"RW";8;0;"0~255";
;;;"[7:0]";;"r_pCPA[50][7:0]"
"0x45";0455;"RW";8;0;"0~255";
;;;"[7:0]";;"r_pCPA[51][7:0]"
"0x46";0456;"RW";8;0;"0~255";
;;;"[7:0]";;"r_pCPA[52][7:0]"
"0x47";0457;"RW";8;0;"0~255";
;;;"[7:0]";;"r_pCPA[53][7:0]"
"0x48";0458;"RW";8;0;"0~255";
;;;"[7:0]";;"r_pCPA[54][7:0]"
"0x49";0459;"RW";8;0;"0~255";
;;;"[7:0]";;"r_pCPA[55][7:0]"
"0x4a";045a;"RW";8;0;"0~255";
;;;"[7:0]";;"r_pCPA[56][7:0]"
"0x4b";045b;"RW";8;0;"0~255";
;;;"[7:0]";;"r_pCPA[57][7:0]"
"0x4c";045c;"RW";8;0;"0~255";
;;;"[7:0]";;"r_pCPA[58][7:0]"
"0x4d";045d;"RW";8;0;"0~255";
;;;"[7:0]";;"r_pCPA[59][7:0]"
"0x4e";045e;"RW";8;0;"0~255";
;;;"[7:0]";;"r_pCPA[60][7:0]"
"0x4f";045f;"RW";8;0;"0~255";
;;;"[7:0]";;"r_pCPA[61][7:0]"
"0x50";0460;"RW";8;0;"0~255";
;;;"[7:0]";;"r_pCPA[62][7:0]"
"0x51";0461;"RW";8;0;"0~255";
;;;"[7:0]";;"r_pCPA[63][7:0]"
"0x52";0462;"RW";8;0;"0~255";
;;;"[7:0]";;"r_pCPA[64][7:0]"
"0x53";0463;"RW";8;0;"0~255";
;;;"[7:0]";;"r_pCPA[65][7:0]"
"0x54";0464;"RW";8;0;"0~255";
;;;"[7:0]";;"r_pCPA[66][7:0]"
"0x55";0465;"RW";8;0;"0~255";
;;;"[7:0]";;"r_pCPA[67][7:0]"
"0x56";0466;"RW";8;0;"0~255";
;;;"[7:0]";;"r_pCPA[68][7:0]"
"0x57";0467;"RW";8;0;"0~255";
;;;"[7:0]";;"r_pCPA[69][7:0]"
"0x58";0468;"RW";8;0;"0~255";
;;;"[7:0]";;"r_pCPA[70][7:0]"
"0x59";0469;"RW";8;0;"0~255";
;;;"[7:0]";;"r_pCPA[71][7:0]"
"0x5a";046a;"RW";8;0;"0~255";
;;;"[7:0]";;"r_pCPA[72][7:0]"
"0x5b";046b;"RW";8;0;"0~255";
;;;"[7:0]";;"r_pCPA[73][7:0]"
"0x5c";046c;"RW";8;0;"0~255";
;;;"[7:0]";;"r_pCPA[74][7:0]"
"0x5d";046d;"RW";8;0;"0~255";
;;;"[7:0]";;"r_pCPA[75][7:0]"
"0x5e";046e;"RW";8;0;"0~255";
;;;"[7:0]";;"r_pCPA[76][7:0]"
"0x5f";046f;"RW";8;0;"0~255";
;;;"[7:0]";;"r_pCPA[77][7:0]"
"0x60";0470;"RW";8;0;"0~255";
;;;"[7:0]";;"r_pCPA[78][7:0]"
"0x61";0471;"RW";8;0;"0~255";
;;;"[7:0]";;"r_pCPA[79][7:0]"
"0x62";0472;"RW";8;80;"0~255";
;;;"[7:0]";;"r_pCPA[80][7:0]"
"0x63";0473;"RW";8;80;"0~255";
;;;"[7:0]";;"r_pCPA[81][7:0]"
"0x64";0474;"RW";8;80;"0~255";
;;;"[7:0]";;"r_pCPA[82][7:0]"
"0x65";0475;"RW";8;80;"0~255";
;;;"[7:0]";;"r_pCPA[83][7:0]"
"0x66";0476;"RW";8;80;"0~255";
;;;"[7:0]";;"r_pCPA[84][7:0]"
"0x67";0477;"RW";8;80;"0~255";
;;;"[7:0]";;"r_pCPA[85][7:0]"
"0x68";0478;"RW";8;80;"0~255";
;;;"[7:0]";;"r_pCPA[86][7:0]"
"0x69";0479;"RW";8;80;"0~255";
;;;"[7:0]";;"r_pCPA[87][7:0]"
"0x6a";047a;"RW";8;80;"0~255";
;;;"[7:0]";;"r_pCPA[88][7:0]"
"0x6b";047b;"RW";8;80;"0~255";
;;;"[7:0]";;"r_pCPA[89][7:0]"
"0x6c";047c;"RW";8;80;"0~255";
;;;"[7:0]";;"r_pCPA[90][7:0]"
"0x6d";047d;"RW";8;80;"0~255";
;;;"[7:0]";;"r_pCPA[91][7:0]"
"0x6e";047e;"RW";8;80;"0~255";
;;;"[7:0]";;"r_pCPA[92][7:0]"
"0x6f";047f;"RW";8;80;"0~255";
;;;"[7:0]";;"r_pCPA[93][7:0]"
"0x70";0480;"RW";8;80;"0~255";
;;;"[7:0]";;"r_pCPA[94][7:0]"
"0x71";0481;"RW";8;80;"0~255";
;;;"[7:0]";;"r_pCPA[95][7:0]"
"0x72";0482;"RW";8;80;"0~255";
;;;"[7:0]";;"r_pCPA[96][7:0]"
"0x73";0483;"RW";8;80;"0~255";
;;;"[7:0]";;"r_pCPA[97][7:0]"
"0x74";0484;"RW";8;80;"0~255";
;;;"[7:0]";;"r_pCPA[98][7:0]"
"0x75";0485;"RW";8;80;"0~255";
;;;"[7:0]";;"r_pCPA[99][7:0]"
"0x76";0486;"RW";8;80;"0~255";
;;;"[7:0]";;"r_pCPA[100][7:0]"
"0x77";0487;"RW";8;80;"0~255";
;;;"[7:0]";;"r_pCPA[101][7:0]"
"0x78";0488;"RW";8;80;"0~255";
;;;"[7:0]";;"r_pCPA[102][7:0]"
"0x79";0489;"RW";8;80;"0~255";
;;;"[7:0]";;"r_pCPA[103][7:0]"
"0x7a";048a;"RW";8;80;"0~255";
;;;"[7:0]";;"r_pCPA[104][7:0]"
"0x7b";048b;"RW";8;80;"0~255";
;;;"[7:0]";;"r_pCPA[105][7:0]"
"0x7c";048c;"RW";8;80;"0~255";
;;;"[7:0]";;"r_pCPA[106][7:0]"
"0x7d";048d;"RW";8;80;"0~255";
;;;"[7:0]";;"r_pCPA[107][7:0]"
"0x7e";048e;"RW";8;80;"0~255";
;;;"[7:0]";;"r_pCPA[108][7:0]"
"0x7f";048f;"RW";8;80;"0~255";
;;;"[7:0]";;"r_pCPA[109][7:0]"
"0x80";0490;"RW";8;80;"0~255";
;;;"[7:0]";;"r_pCPA[110][7:0]"
"0x81";0491;"RW";8;80;"0~255";
;;;"[7:0]";;"r_pCPA[111][7:0]"
"0x82";0492;"RW";8;80;"0~255";
;;;"[7:0]";;"r_pCPA[112][7:0]"
"0x83";0493;"RW";8;80;"0~255";
;;;"[7:0]";;"r_pCPA[113][7:0]"
"0x84";0494;"RW";8;80;"0~255";
;;;"[7:0]";;"r_pCPA[114][7:0]"
"0x85";0495;"RW";8;80;"0~255";
;;;"[7:0]";;"r_pCPA[115][7:0]"
"0x86";0496;"RW";8;80;"0~255";
;;;"[7:0]";;"r_pCPA[116][7:0]"
"0x87";0497;"RW";8;80;"0~255";
;;;"[7:0]";;"r_pCPA[117][7:0]"
"0x88";0498;"RW";8;80;"0~255";
;;;"[7:0]";;"r_pCPA[118][7:0]"
"0x89";0499;"RW";8;80;"0~255";
;;;"[7:0]";;"r_pCPA[119][7:0]"
"0x8a";049a;"RW";8;80;"0~255";
;;;"[7:0]";;"r_pCPA[120][7:0]"
"0x8b";049b;"RW";8;80;"0~255";
;;;"[7:0]";;"r_pCPA[121][7:0]"
"0x8c";049c;"RW";8;80;"0~255";
;;;"[7:0]";;"r_pCPA[122][7:0]"
"0x8d";049d;"RW";8;80;"0~255";
;;;"[7:0]";;"r_pCPA[123][7:0]"
"0x8e";049e;"RW";8;80;"0~255";
;;;"[7:0]";;"r_pCPA[124][7:0]"
"0x8f";049f;"RW";8;80;"0~255";
;;;"[7:0]";;"r_pCPA[125][7:0]"
"0x90";04a0;"RW";8;80;"0~255";
;;;"[7:0]";;"r_pCPA[126][7:0]"
"0x91";04a1;"RW";8;80;"0~255";
;;;"[7:0]";;"r_pCPA[127][7:0]"
"0x92";04a2;"RW";8;80;"0~255";
;;;"[7:0]";;"r_pCPA[128][7:0]"
"0x93";04a3;"RW";8;80;"0~255";
;;;"[7:0]";;"r_pCPA[129][7:0]"
"0x94";04a4;"RW";8;80;"0~255";
;;;"[7:0]";;"r_pCPA[130][7:0]"
"0x95";04a5;"RW";8;80;"0~255";
;;;"[7:0]";;"r_pCPA[131][7:0]"
"0x96";04a6;"RW";8;80;"0~255";
;;;"[7:0]";;"r_pCPA[132][7:0]"
"0x97";04a7;"RW";8;80;"0~255";
;;;"[7:0]";;"r_pCPA[133][7:0]"
"0x98";04a8;"RW";8;80;"0~255";
;;;"[7:0]";;"r_pCPA[134][7:0]"
"0x99";04a9;"RW";8;80;"0~255";
;;;"[7:0]";;"r_pCPA[135][7:0]"
"0x9a";04aa;"RW";8;80;"0~255";
;;;"[7:0]";;"r_pCPA[136][7:0]"
"0x9b";04ab;"RW";8;80;"0~255";
;;;"[7:0]";;"r_pCPA[137][7:0]"
"0x9c";04ac;"RW";8;80;"0~255";
;;;"[7:0]";;"r_pCPA[138][7:0]"
"0x9d";04ad;"RW";8;80;"0~255";
;;;"[7:0]";;"r_pCPA[139][7:0]"
"0x9e";04ae;"RW";8;80;"0~255";
;;;"[7:0]";;"r_pCPA[140][7:0]"
"0x9f";04af;"RW";8;80;"0~255";
;;;"[7:0]";;"r_pCPA[141][7:0]"
"0xa0";04b0;"RW";8;80;"0~255";
;;;"[7:0]";;"r_pCPA[142][7:0]"
"0xa1";04b1;"RW";8;80;"0~255";
;;;"[7:0]";;"r_pCPA[143][7:0]"
"0xa2";04b2;"RW";8;80;"0~255";
;;;"[7:0]";;"r_pCPA[144][7:0]"
"0xa3";04b3;"RW";8;80;"0~255";
;;;"[7:0]";;"r_pCPA[145][7:0]"
"0xa4";04b4;"RW";8;80;"0~255";
;;;"[7:0]";;"r_pCPA[146][7:0]"
"0xa5";04b5;"RW";8;80;"0~255";
;;;"[7:0]";;"r_pCPA[147][7:0]"
"0xa6";04b6;"RW";8;80;"0~255";
;;;"[7:0]";;"r_pCPA[148][7:0]"
"0xa7";04b7;"RW";8;80;"0~255";
;;;"[7:0]";;"r_pCPA[149][7:0]"
"0xa8";04b8;"RW";8;80;"0~255";
;;;"[7:0]";;"r_pCPA[150][7:0]"
"0xa9";04b9;"RW";8;80;"0~255";
;;;"[7:0]";;"r_pCPA[151][7:0]"
"0xaa";04ba;"RW";8;80;"0~255";
;;;"[7:0]";;"r_pCPA[152][7:0]"
"0xab";04bb;"RW";8;80;"0~255";
;;;"[7:0]";;"r_pCPA[153][7:0]"
"0xac";04bc;"RW";8;80;"0~255";
;;;"[7:0]";;"r_pCPA[154][7:0]"
"0xad";04bd;"RW";8;80;"0~255";
;;;"[7:0]";;"r_pCPA[155][7:0]"
"0xae";04be;"RW";8;80;"0~255";
;;;"[7:0]";;"r_pCPA[156][7:0]"
"0xaf";04bf;"RW";8;80;"0~255";
;;;"[7:0]";;"r_pCPA[157][7:0]"
"0xb0";04c0;"RW";8;80;"0~255";
;;;"[7:0]";;"r_pCPA[158][7:0]"
"0xb1";04c1;"RW";8;80;"0~255";
;;;"[7:0]";;"r_pCPA[159][7:0]"
"0xb2";04c2;"RW";8;80;"0~255";
;;;"[7:0]";;"r_pCPA[160][7:0]"
"0xb3";04c3;"RW";8;80;"0~255";
;;;"[7:0]";;"r_pCPA[161][7:0]"
"0xb4";04c4;"RW";8;80;"0~255";
;;;"[7:0]";;"r_pCPA[162][7:0]"
"0xb5";04c5;"RW";8;80;"0~255";
;;;"[7:0]";;"r_pCPA[163][7:0]"
"0xb6";04c6;"RW";8;80;"0~255";
;;;"[7:0]";;"r_pCPA[164][7:0]"
"0xb7";04c7;"RW";8;80;"0~255";
;;;"[7:0]";;"r_pCPA[165][7:0]"
"0xb8";04c8;"RW";8;80;"0~255";
;;;"[7:0]";;"r_pCPA[166][7:0]"
"0xb9";04c9;"RW";8;80;"0~255";
;;;"[7:0]";;"r_pCPA[167][7:0]"
"0xba";04ca;"RW";8;80;"0~255";
;;;"[7:0]";;"r_pCPA[168][7:0]"
"0xbb";04cb;"RW";8;80;"0~255";
;;;"[7:0]";;"r_pCPA[169][7:0]"
"0xbc";04cc;"RW";8;80;"0~255";
;;;"[7:0]";;"r_pCPA[170][7:0]"
"0xbd";04cd;"RW";8;80;"0~255";
;;;"[7:0]";;"r_pCPA[171][7:0]"
"0xbe";04ce;"RW";8;80;"0~255";
;;;"[7:0]";;"r_pCPA[172][7:0]"
"0xbf";04cf;"RW";8;80;"0~255";
;;;"[7:0]";;"r_pCPA[173][7:0]"
"0xc0";04d0;"RW";8;80;"0~255";
;;;"[7:0]";;"r_pCPA[174][7:0]"
"0xc1";04d1;"RW";8;80;"0~255";
;;;"[7:0]";;"r_pCPA[175][7:0]"
"0xc2";04d2;"RW";8;80;"0~255";
;;;"[7:0]";;"r_pCPA[176][7:0]"
"0xc3";04d3;"RW";8;80;"0~255";
;;;"[7:0]";;"r_pCPA[177][7:0]"
"0xc4";04d4;"RW";8;80;"0~255";
;;;"[7:0]";;"r_pCPA[178][7:0]"
"0xc5";04d5;"RW";8;80;"0~255";
;;;"[7:0]";;"r_pCPA[179][7:0]"
"0xc6";04d6;"RW";8;80;"0~255";
;;;"[7:0]";;"r_pCPA[180][7:0]"
"0xc7";04d7;"RW";8;80;"0~255";
;;;"[7:0]";;"r_pCPA[181][7:0]"
"0xc8";04d8;"RW";8;80;"0~255";
;;;"[7:0]";;"r_pCPA[182][7:0]"
"0xc9";04d9;"RW";8;80;"0~255";
;;;"[7:0]";;"r_pCPA[183][7:0]"
"0xca";04da;"RW";8;80;"0~255";
;;;"[7:0]";;"r_pCPA[184][7:0]"
"0xcb";04db;"RW";8;80;"0~255";
;;;"[7:0]";;"r_pCPA[185][7:0]"
"0xcc";04dc;"RW";8;80;"0~255";
;;;"[7:0]";;"r_pCPA[186][7:0]"
"0xcd";04dd;"RW";8;80;"0~255";
;;;"[7:0]";;"r_pCPA[187][7:0]"
"0xce";04de;"RW";8;80;"0~255";
;;;"[7:0]";;"r_pCPA[188][7:0]"
"0xcf";04df;"RW";8;80;"0~255";
;;;"[7:0]";;"r_pCPA[189][7:0]"
"0xd0";04e0;"RW";8;80;"0~255";
;;;"[7:0]";;"r_pCPA[190][7:0]"
"0xd1";04e1;"RW";8;80;"0~255";
;;;"[7:0]";;"r_pCPA[191][7:0]"
"0xd2";04e2;"RW";8;80;"0~255";
;;;"[7:0]";;"r_pCPA[192][7:0]"
"0xd3";04e3;"RW";8;80;"0~255";
;;;"[7:0]";;"r_pCPA[193][7:0]"
"0xd4";04e4;"RW";8;80;"0~255";
;;;"[7:0]";;"r_pCPA[194][7:0]"
"0xd5";04e5;"RW";8;80;"0~255";
;;;"[7:0]";;"r_pCPA[195][7:0]"
"0xd6";04e6;"RW";8;80;"0~255";
;;;"[7:0]";;"r_pCPA[196][7:0]"
"0xd7";04e7;"RW";8;80;"0~255";
;;;"[7:0]";;"r_pCPA[197][7:0]"
"0xd8";04e8;"RW";8;80;"0~255";
;;;"[7:0]";;"r_pCPA[198][7:0]"
"0xd9";04e9;"RW";8;80;"0~255";
;;;"[7:0]";;"r_pCPA[199][7:0]"
"0xda";04ea;"RW";8;80;"0~255";
;;;"[7:0]";;"r_pCPA[200][7:0]"
"0xdb";04eb;"RW";8;80;"0~255";
;;;"[7:0]";;"r_pCPA[201][7:0]"
"0xdc";04ec;"RW";8;80;"0~255";
;;;"[7:0]";;"r_pCPA[202][7:0]"
"0xdd";04ed;"RW";8;80;"0~255";
;;;"[7:0]";;"r_pCPA[203][7:0]"
"0xde";04ee;"RW";8;80;"0~255";
;;;"[7:0]";;"r_pCPA[204][7:0]"
"0xdf";04ef;"RW";8;80;"0~255";
;;;"[7:0]";;"r_pCPA[205][7:0]"
"0xe0";04f0;"RW";8;80;"0~255";
;;;"[7:0]";;"r_pCPA[206][7:0]"
"0xe1";04f1;"RW";8;80;"0~255";
;;;"[7:0]";;"r_pCPA[207][7:0]"
"0xe2";04f2;"RW";8;80;"0~255";
;;;"[7:0]";;"r_pCPA[208][7:0]"
"0xe3";04f3;"RW";8;80;"0~255";
;;;"[7:0]";;"r_pCPA[209][7:0]"
"0xe4";04f4;"RW";8;80;"0~255";
;;;"[7:0]";;"r_pCPA[210][7:0]"
"0xe5";04f5;"RW";8;80;"0~255";
;;;"[7:0]";;"r_pCPA[211][7:0]"
"0xe6";04f6;"RW";8;80;"0~255";
;;;"[7:0]";;"r_pCPA[212][7:0]"
"0xe7";04f7;"RW";8;80;"0~255";
;;;"[7:0]";;"r_pCPA[213][7:0]"
"0xe8";04f8;"RW";8;80;"0~255";
;;;"[7:0]";;"r_pCPA[214][7:0]"
"0xe9";04f9;"RW";8;80;"0~255";
;;;"[7:0]";;"r_pCPA[215][7:0]"
"0xea";04fa;"RW";8;80;"0~255";
;;;"[7:0]";;"r_pCPA[216][7:0]"
"0xeb";04fb;"RW";8;80;"0~255";
;;;"[7:0]";;"r_pCPA[217][7:0]"
"0xec";04fc;"RW";8;80;"0~255";
;;;"[7:0]";;"r_pCPA[218][7:0]"
"0xed";04fd;"RW";8;80;"0~255";
;;;"[7:0]";;"r_pCPA[219][7:0]"
"0xee";04fe;"RW";8;80;"0~255";
;;;"[7:0]";;"r_pCPA[220][7:0]"
"0xef";04ff;"RW";8;80;"0~255";
;;;"[7:0]";;"r_pCPA[221][7:0]"
"0xf0";0500;"RW";8;80;"0~255";
;;;"[7:0]";;"r_pCPA[222][7:0]"
"0xf1";0501;"RW";8;80;"0~255";
;;;"[7:0]";;"r_pCPA[223][7:0]"
"0xf2";0502;"RW";8;80;"0~255";
;;;"[7:0]";;"r_pCPA[224][7:0]"
"0xf3";0503;"RW";8;80;"0~255";
;;;"[7:0]";;"r_pCPA[225][7:0]"
"0xf4";0504;"RW";8;80;"0~255";
;;;"[7:0]";;"r_pCPA[226][7:0]"
"0xf5";0505;"RW";8;80;"0~255";
;;;"[7:0]";;"r_pCPA[227][7:0]"
"0xf6";0506;"RW";8;80;"0~255";
;;;"[7:0]";;"r_pCPA[228][7:0]"
"0xf7";0507;"RW";8;80;"0~255";
;;;"[7:0]";;"r_pCPA[229][7:0]"
"0xf8";0508;"RW";8;80;"0~255";
;;;"[7:0]";;"r_pCPA[230][7:0]"
"0xf9";0509;"RW";8;80;"0~255";
;;;"[7:0]";;"r_pCPA[231][7:0]"
"0xfa";050a;"RW";8;80;"0~255";
;;;"[7:0]";;"r_pCPA[232][7:0]"
"0xfb";050b;"RW";8;80;"0~255";
;;;"[7:0]";;"r_pCPA[233][7:0]"
"0xfc";050c;"RW";8;80;"0~255";
;;;"[7:0]";;"r_pCPA[234][7:0]"
"0xfd";050d;"RW";8;80;"0~255";
;;;"[7:0]";;"r_pCPA[235][7:0]"
"0xfe";050e;"RW";8;80;"0~255";
;;;"[7:0]";;"r_pCPA[236][7:0]"
"0xff";050f;"RW";8;80;"0~255";
;;;"[7:0]";;"r_pCPA[237][7:0]"
"0x100";0510;"RW";8;80;"0~255";
;;;"[7:0]";;"r_pCPA[238][7:0]"
"0x101";0511;"RW";8;80;"0~255";
;;;"[7:0]";;"r_pCPA[239][7:0]"
"0x102";0512;"RW";8;0;"0~255";
;;;"[7:0]";;"r_pCPM[0][7:0]"
"0x103";0513;"RW";8;0;"0~255";
;;;"[7:0]";;"r_pCPM[1][7:0]"
"0x104";0514;"RW";8;0;"0~255";
;;;"[7:0]";;"r_pCPM[2][7:0]"
"0x105";0515;"RW";8;0;"0~255";
;;;"[7:0]";;"r_pCPM[3][7:0]"
"0x106";0516;"RW";8;0;"0~255";
;;;"[7:0]";;"r_pCPM[4][7:0]"
"0x107";0517;"RW";8;0;"0~255";
;;;"[7:0]";;"r_pCPM[5][7:0]"
"0x108";0518;"RW";8;0;"0~255";
;;;"[7:0]";;"r_pCPM[6][7:0]"
"0x109";0519;"RW";8;0;"0~255";
;;;"[7:0]";;"r_pCPM[7][7:0]"
"0x10a";051a;"RW";8;0;"0~255";
;;;"[7:0]";;"r_pCPM[8][7:0]"
"0x10b";051b;"RW";8;0;"0~255";
;;;"[7:0]";;"r_pCPM[9][7:0]"
"0x10c";051c;"RW";8;0;"0~255";
;;;"[7:0]";;"r_pCPM[10][7:0]"
"0x10d";051d;"RW";8;0;"0~255";
;;;"[7:0]";;"r_pCPM[11][7:0]"
"0x10e";051e;"RW";8;0;"0~255";
;;;"[7:0]";;"r_pCPM[12][7:0]"
"0x10f";051f;"RW";8;0;"0~255";
;;;"[7:0]";;"r_pCPM[13][7:0]"
"0x110";0520;"RW";8;0;"0~255";
;;;"[7:0]";;"r_pCPM[14][7:0]"
"0x111";0521;"RW";8;0;"0~255";
;;;"[7:0]";;"r_pCPM[15][7:0]"
"0x112";0522;"RW";8;0;"0~255";
;;;"[7:0]";;"r_pCPM[16][7:0]"
"0x113";0523;"RW";8;0;"0~255";
;;;"[7:0]";;"r_pCPM[17][7:0]"
"0x114";0524;"RW";8;0;"0~255";
;;;"[7:0]";;"r_pCPM[18][7:0]"
"0x115";0525;"RW";8;0;"0~255";
;;;"[7:0]";;"r_pCPM[19][7:0]"
"0x116";0526;"RW";8;0;"0~255";
;;;"[7:0]";;"r_pCPM[20][7:0]"
"0x117";0527;"RW";8;0;"0~255";
;;;"[7:0]";;"r_pCPM[21][7:0]"
"0x118";0528;"RW";8;0;"0~255";
;;;"[7:0]";;"r_pCPM[22][7:0]"
"0x119";0529;"RW";8;0;"0~255";
;;;"[7:0]";;"r_pCPM[23][7:0]"
"0x11a";052a;"RW";8;0;"0~255";
;;;"[7:0]";;"r_pCPM[24][7:0]"
"0x11b";052b;"RW";8;0;"0~255";
;;;"[7:0]";;"r_pCPM[25][7:0]"
"0x11c";052c;"RW";8;0;"0~255";
;;;"[7:0]";;"r_pCPM[26][7:0]"
"0x11d";052d;"RW";8;0;"0~255";
;;;"[7:0]";;"r_pCPM[27][7:0]"
"0x11e";052e;"RW";8;0;"0~255";
;;;"[7:0]";;"r_pCPM[28][7:0]"
"0x11f";052f;"RW";8;0;"0~255";
;;;"[7:0]";;"r_pCPM[29][7:0]"
"0x120";0530;"RW";8;0;"0~255";
;;;"[7:0]";;"r_pCPM[30][7:0]"
"0x121";0531;"RW";8;0;"0~255";
;;;"[7:0]";;"r_pCPM[31][7:0]"
"0x122";0532;"RW";8;0;"0~255";
;;;"[7:0]";;"r_pCPM[32][7:0]"
"0x123";0533;"RW";8;0;"0~255";
;;;"[7:0]";;"r_pCPM[33][7:0]"
"0x124";0534;"RW";8;0;"0~255";
;;;"[7:0]";;"r_pCPM[34][7:0]"
"0x125";0535;"RW";8;0;"0~255";
;;;"[7:0]";;"r_pCPM[35][7:0]"
"0x126";0536;"RW";8;0;"0~255";
;;;"[7:0]";;"r_pCPM[36][7:0]"
"0x127";0537;"RW";8;0;"0~255";
;;;"[7:0]";;"r_pCPM[37][7:0]"
"0x128";0538;"RW";8;0;"0~255";
;;;"[7:0]";;"r_pCPM[38][7:0]"
"0x129";0539;"RW";8;0;"0~255";
;;;"[7:0]";;"r_pCPM[39][7:0]"
"0x12a";053a;"RW";8;0;"0~255";
;;;"[7:0]";;"r_pCPM[40][7:0]"
"0x12b";053b;"RW";8;0;"0~255";
;;;"[7:0]";;"r_pCPM[41][7:0]"
"0x12c";053c;"RW";8;0;"0~255";
;;;"[7:0]";;"r_pCPM[42][7:0]"
"0x12d";053d;"RW";8;0;"0~255";
;;;"[7:0]";;"r_pCPM[43][7:0]"
"0x12e";053e;"RW";8;0;"0~255";
;;;"[7:0]";;"r_pCPM[44][7:0]"
"0x12f";053f;"RW";8;0;"0~255";
;;;"[7:0]";;"r_pCPM[45][7:0]"
"0x130";0540;"RW";8;0;"0~255";
;;;"[7:0]";;"r_pCPM[46][7:0]"
"0x131";0541;"RW";8;0;"0~255";
;;;"[7:0]";;"r_pCPM[47][7:0]"
"0x132";0542;"RW";8;0;"0~255";
;;;"[7:0]";;"r_pCPM[48][7:0]"
"0x133";0543;"RW";8;0;"0~255";
;;;"[7:0]";;"r_pCPM[49][7:0]"
"0x134";0544;"RW";8;0;"0~255";
;;;"[7:0]";;"r_pCPM[50][7:0]"
"0x135";0545;"RW";8;0;"0~255";
;;;"[7:0]";;"r_pCPM[51][7:0]"
"0x136";0546;"RW";8;0;"0~255";
;;;"[7:0]";;"r_pCPM[52][7:0]"
"0x137";0547;"RW";8;0;"0~255";
;;;"[7:0]";;"r_pCPM[53][7:0]"
"0x138";0548;"RW";8;0;"0~255";
;;;"[7:0]";;"r_pCPM[54][7:0]"
"0x139";0549;"RW";8;0;"0~255";
;;;"[7:0]";;"r_pCPM[55][7:0]"
"0x13a";054a;"RW";8;0;"0~255";
;;;"[7:0]";;"r_pCPM[56][7:0]"
"0x13b";054b;"RW";8;0;"0~255";
;;;"[7:0]";;"r_pCPM[57][7:0]"
"0x13c";054c;"RW";8;0;"0~255";
;;;"[7:0]";;"r_pCPM[58][7:0]"
"0x13d";054d;"RW";8;0;"0~255";
;;;"[7:0]";;"r_pCPM[59][7:0]"
"0x13e";054e;"RW";8;0;"0~255";
;;;"[7:0]";;"r_pCPM[60][7:0]"
"0x13f";054f;"RW";8;0;"0~255";
;;;"[7:0]";;"r_pCPM[61][7:0]"
"0x140";0550;"RW";8;0;"0~255";
;;;"[7:0]";;"r_pCPM[62][7:0]"
"0x141";0551;"RW";8;0;"0~255";
;;;"[7:0]";;"r_pCPM[63][7:0]"
"0x142";0552;"RW";8;0;"0~255";
;;;"[7:0]";;"r_pCPM[64][7:0]"
"0x143";0553;"RW";8;0;"0~255";
;;;"[7:0]";;"r_pCPM[65][7:0]"
"0x144";0554;"RW";8;0;"0~255";
;;;"[7:0]";;"r_pCPM[66][7:0]"
"0x145";0555;"RW";8;0;"0~255";
;;;"[7:0]";;"r_pCPM[67][7:0]"
"0x146";0556;"RW";8;0;"0~255";
;;;"[7:0]";;"r_pCPM[68][7:0]"
"0x147";0557;"RW";8;0;"0~255";
;;;"[7:0]";;"r_pCPM[69][7:0]"
"0x148";0558;"RW";8;0;"0~255";
;;;"[7:0]";;"r_pCPM[70][7:0]"
"0x149";0559;"RW";8;0;"0~255";
;;;"[7:0]";;"r_pCPM[71][7:0]"
"0x14a";055a;"RW";8;0;"0~255";
;;;"[7:0]";;"r_pCPM[72][7:0]"
"0x14b";055b;"RW";8;0;"0~255";
;;;"[7:0]";;"r_pCPM[73][7:0]"
"0x14c";055c;"RW";8;0;"0~255";
;;;"[7:0]";;"r_pCPM[74][7:0]"
"0x14d";055d;"RW";8;0;"0~255";
;;;"[7:0]";;"r_pCPM[75][7:0]"
"0x14e";055e;"RW";8;0;"0~255";
;;;"[7:0]";;"r_pCPM[76][7:0]"
"0x14f";055f;"RW";8;0;"0~255";
;;;"[7:0]";;"r_pCPM[77][7:0]"
"0x150";0560;"RW";8;0;"0~255";
;;;"[7:0]";;"r_pCPM[78][7:0]"
"0x151";0561;"RW";8;0;"0~255";
;;;"[7:0]";;"r_pCPM[79][7:0]"
"0x152";0562;"RW";8;80;"0~255";
;;;"[7:0]";;"r_pCPM[80][7:0]"
"0x153";0563;"RW";8;80;"0~255";
;;;"[7:0]";;"r_pCPM[81][7:0]"
"0x154";0564;"RW";8;80;"0~255";
;;;"[7:0]";;"r_pCPM[82][7:0]"
"0x155";0565;"RW";8;80;"0~255";
;;;"[7:0]";;"r_pCPM[83][7:0]"
"0x156";0566;"RW";8;80;"0~255";
;;;"[7:0]";;"r_pCPM[84][7:0]"
"0x157";0567;"RW";8;80;"0~255";
;;;"[7:0]";;"r_pCPM[85][7:0]"
"0x158";0568;"RW";8;80;"0~255";
;;;"[7:0]";;"r_pCPM[86][7:0]"
"0x159";0569;"RW";8;80;"0~255";
;;;"[7:0]";;"r_pCPM[87][7:0]"
"0x15a";056a;"RW";8;80;"0~255";
;;;"[7:0]";;"r_pCPM[88][7:0]"
"0x15b";056b;"RW";8;80;"0~255";
;;;"[7:0]";;"r_pCPM[89][7:0]"
"0x15c";056c;"RW";8;80;"0~255";
;;;"[7:0]";;"r_pCPM[90][7:0]"
"0x15d";056d;"RW";8;80;"0~255";
;;;"[7:0]";;"r_pCPM[91][7:0]"
"0x15e";056e;"RW";8;80;"0~255";
;;;"[7:0]";;"r_pCPM[92][7:0]"
"0x15f";056f;"RW";8;80;"0~255";
;;;"[7:0]";;"r_pCPM[93][7:0]"
"0x160";0570;"RW";8;80;"0~255";
;;;"[7:0]";;"r_pCPM[94][7:0]"
"0x161";0571;"RW";8;80;"0~255";
;;;"[7:0]";;"r_pCPM[95][7:0]"
"0x162";0572;"RW";8;80;"0~255";
;;;"[7:0]";;"r_pCPM[96][7:0]"
"0x163";0573;"RW";8;80;"0~255";
;;;"[7:0]";;"r_pCPM[97][7:0]"
"0x164";0574;"RW";8;80;"0~255";
;;;"[7:0]";;"r_pCPM[98][7:0]"
"0x165";0575;"RW";8;80;"0~255";
;;;"[7:0]";;"r_pCPM[99][7:0]"
"0x166";0576;"RW";8;80;"0~255";
;;;"[7:0]";;"r_pCPM[100][7:0]"
"0x167";0577;"RW";8;80;"0~255";
;;;"[7:0]";;"r_pCPM[101][7:0]"
"0x168";0578;"RW";8;80;"0~255";
;;;"[7:0]";;"r_pCPM[102][7:0]"
"0x169";0579;"RW";8;80;"0~255";
;;;"[7:0]";;"r_pCPM[103][7:0]"
"0x16a";057a;"RW";8;80;"0~255";
;;;"[7:0]";;"r_pCPM[104][7:0]"
"0x16b";057b;"RW";8;80;"0~255";
;;;"[7:0]";;"r_pCPM[105][7:0]"
"0x16c";057c;"RW";8;80;"0~255";
;;;"[7:0]";;"r_pCPM[106][7:0]"
"0x16d";057d;"RW";8;80;"0~255";
;;;"[7:0]";;"r_pCPM[107][7:0]"
"0x16e";057e;"RW";8;80;"0~255";
;;;"[7:0]";;"r_pCPM[108][7:0]"
"0x16f";057f;"RW";8;80;"0~255";
;;;"[7:0]";;"r_pCPM[109][7:0]"
"0x170";0580;"RW";8;80;"0~255";
;;;"[7:0]";;"r_pCPM[110][7:0]"
"0x171";0581;"RW";8;80;"0~255";
;;;"[7:0]";;"r_pCPM[111][7:0]"
"0x172";0582;"RW";8;80;"0~255";
;;;"[7:0]";;"r_pCPM[112][7:0]"
"0x173";0583;"RW";8;80;"0~255";
;;;"[7:0]";;"r_pCPM[113][7:0]"
"0x174";0584;"RW";8;80;"0~255";
;;;"[7:0]";;"r_pCPM[114][7:0]"
"0x175";0585;"RW";8;80;"0~255";
;;;"[7:0]";;"r_pCPM[115][7:0]"
"0x176";0586;"RW";8;80;"0~255";
;;;"[7:0]";;"r_pCPM[116][7:0]"
"0x177";0587;"RW";8;80;"0~255";
;;;"[7:0]";;"r_pCPM[117][7:0]"
"0x178";0588;"RW";8;80;"0~255";
;;;"[7:0]";;"r_pCPM[118][7:0]"
"0x179";0589;"RW";8;80;"0~255";
;;;"[7:0]";;"r_pCPM[119][7:0]"
"0x17a";058a;"RW";8;80;"0~255";
;;;"[7:0]";;"r_pCPM[120][7:0]"
"0x17b";058b;"RW";8;80;"0~255";
;;;"[7:0]";;"r_pCPM[121][7:0]"
"0x17c";058c;"RW";8;80;"0~255";
;;;"[7:0]";;"r_pCPM[122][7:0]"
"0x17d";058d;"RW";8;80;"0~255";
;;;"[7:0]";;"r_pCPM[123][7:0]"
"0x17e";058e;"RW";8;80;"0~255";
;;;"[7:0]";;"r_pCPM[124][7:0]"
"0x17f";058f;"RW";8;80;"0~255";
;;;"[7:0]";;"r_pCPM[125][7:0]"
"0x180";0590;"RW";8;80;"0~255";
;;;"[7:0]";;"r_pCPM[126][7:0]"
"0x181";0591;"RW";8;80;"0~255";
;;;"[7:0]";;"r_pCPM[127][7:0]"
"0x182";0592;"RW";8;80;"0~255";
;;;"[7:0]";;"r_pCPM[128][7:0]"
"0x183";0593;"RW";8;80;"0~255";
;;;"[7:0]";;"r_pCPM[129][7:0]"
"0x184";0594;"RW";8;80;"0~255";
;;;"[7:0]";;"r_pCPM[130][7:0]"
"0x185";0595;"RW";8;80;"0~255";
;;;"[7:0]";;"r_pCPM[131][7:0]"
"0x186";0596;"RW";8;80;"0~255";
;;;"[7:0]";;"r_pCPM[132][7:0]"
"0x187";0597;"RW";8;80;"0~255";
;;;"[7:0]";;"r_pCPM[133][7:0]"
"0x188";0598;"RW";8;80;"0~255";
;;;"[7:0]";;"r_pCPM[134][7:0]"
"0x189";0599;"RW";8;80;"0~255";
;;;"[7:0]";;"r_pCPM[135][7:0]"
"0x18a";059a;"RW";8;80;"0~255";
;;;"[7:0]";;"r_pCPM[136][7:0]"
"0x18b";059b;"RW";8;80;"0~255";
;;;"[7:0]";;"r_pCPM[137][7:0]"
"0x18c";059c;"RW";8;80;"0~255";
;;;"[7:0]";;"r_pCPM[138][7:0]"
"0x18d";059d;"RW";8;80;"0~255";
;;;"[7:0]";;"r_pCPM[139][7:0]"
"0x18e";059e;"RW";8;80;"0~255";
;;;"[7:0]";;"r_pCPM[140][7:0]"
"0x18f";059f;"RW";8;80;"0~255";
;;;"[7:0]";;"r_pCPM[141][7:0]"
"0x190";05a0;"RW";8;80;"0~255";
;;;"[7:0]";;"r_pCPM[142][7:0]"
"0x191";05a1;"RW";8;80;"0~255";
;;;"[7:0]";;"r_pCPM[143][7:0]"
"0x192";05a2;"RW";8;80;"0~255";
;;;"[7:0]";;"r_pCPM[144][7:0]"
"0x193";05a3;"RW";8;80;"0~255";
;;;"[7:0]";;"r_pCPM[145][7:0]"
"0x194";05a4;"RW";8;80;"0~255";
;;;"[7:0]";;"r_pCPM[146][7:0]"
"0x195";05a5;"RW";8;80;"0~255";
;;;"[7:0]";;"r_pCPM[147][7:0]"
"0x196";05a6;"RW";8;80;"0~255";
;;;"[7:0]";;"r_pCPM[148][7:0]"
"0x197";05a7;"RW";8;80;"0~255";
;;;"[7:0]";;"r_pCPM[149][7:0]"
"0x198";05a8;"RW";8;80;"0~255";
;;;"[7:0]";;"r_pCPM[150][7:0]"
"0x199";05a9;"RW";8;80;"0~255";
;;;"[7:0]";;"r_pCPM[151][7:0]"
"0x19a";05aa;"RW";8;80;"0~255";
;;;"[7:0]";;"r_pCPM[152][7:0]"
"0x19b";05ab;"RW";8;80;"0~255";
;;;"[7:0]";;"r_pCPM[153][7:0]"
"0x19c";05ac;"RW";8;80;"0~255";
;;;"[7:0]";;"r_pCPM[154][7:0]"
"0x19d";05ad;"RW";8;80;"0~255";
;;;"[7:0]";;"r_pCPM[155][7:0]"
"0x19e";05ae;"RW";8;80;"0~255";
;;;"[7:0]";;"r_pCPM[156][7:0]"
"0x19f";05af;"RW";8;80;"0~255";
;;;"[7:0]";;"r_pCPM[157][7:0]"
"0x1a0";05b0;"RW";8;80;"0~255";
;;;"[7:0]";;"r_pCPM[158][7:0]"
"0x1a1";05b1;"RW";8;80;"0~255";
;;;"[7:0]";;"r_pCPM[159][7:0]"
"0x1a2";05b2;"RW";8;80;"0~255";
;;;"[7:0]";;"r_pCPM[160][7:0]"
"0x1a3";05b3;"RW";8;80;"0~255";
;;;"[7:0]";;"r_pCPM[161][7:0]"
"0x1a4";05b4;"RW";8;80;"0~255";
;;;"[7:0]";;"r_pCPM[162][7:0]"
"0x1a5";05b5;"RW";8;80;"0~255";
;;;"[7:0]";;"r_pCPM[163][7:0]"
"0x1a6";05b6;"RW";8;80;"0~255";
;;;"[7:0]";;"r_pCPM[164][7:0]"
"0x1a7";05b7;"RW";8;80;"0~255";
;;;"[7:0]";;"r_pCPM[165][7:0]"
"0x1a8";05b8;"RW";8;80;"0~255";
;;;"[7:0]";;"r_pCPM[166][7:0]"
"0x1a9";05b9;"RW";8;80;"0~255";
;;;"[7:0]";;"r_pCPM[167][7:0]"
"0x1aa";05ba;"RW";8;80;"0~255";
;;;"[7:0]";;"r_pCPM[168][7:0]"
"0x1ab";05bb;"RW";8;80;"0~255";
;;;"[7:0]";;"r_pCPM[169][7:0]"
"0x1ac";05bc;"RW";8;80;"0~255";
;;;"[7:0]";;"r_pCPM[170][7:0]"
"0x1ad";05bd;"RW";8;80;"0~255";
;;;"[7:0]";;"r_pCPM[171][7:0]"
"0x1ae";05be;"RW";8;80;"0~255";
;;;"[7:0]";;"r_pCPM[172][7:0]"
"0x1af";05bf;"RW";8;80;"0~255";
;;;"[7:0]";;"r_pCPM[173][7:0]"
"0x1b0";05c0;"RW";8;80;"0~255";
;;;"[7:0]";;"r_pCPM[174][7:0]"
"0x1b1";05c1;"RW";8;80;"0~255";
;;;"[7:0]";;"r_pCPM[175][7:0]"
"0x1b2";05c2;"RW";8;80;"0~255";
;;;"[7:0]";;"r_pCPM[176][7:0]"
"0x1b3";05c3;"RW";8;80;"0~255";
;;;"[7:0]";;"r_pCPM[177][7:0]"
"0x1b4";05c4;"RW";8;80;"0~255";
;;;"[7:0]";;"r_pCPM[178][7:0]"
"0x1b5";05c5;"RW";8;80;"0~255";
;;;"[7:0]";;"r_pCPM[179][7:0]"
"0x1b6";05c6;"RW";8;80;"0~255";
;;;"[7:0]";;"r_pCPM[180][7:0]"
"0x1b7";05c7;"RW";8;80;"0~255";
;;;"[7:0]";;"r_pCPM[181][7:0]"
"0x1b8";05c8;"RW";8;80;"0~255";
;;;"[7:0]";;"r_pCPM[182][7:0]"
"0x1b9";05c9;"RW";8;80;"0~255";
;;;"[7:0]";;"r_pCPM[183][7:0]"
"0x1ba";05ca;"RW";8;80;"0~255";
;;;"[7:0]";;"r_pCPM[184][7:0]"
"0x1bb";05cb;"RW";8;80;"0~255";
;;;"[7:0]";;"r_pCPM[185][7:0]"
"0x1bc";05cc;"RW";8;80;"0~255";
;;;"[7:0]";;"r_pCPM[186][7:0]"
"0x1bd";05cd;"RW";8;80;"0~255";
;;;"[7:0]";;"r_pCPM[187][7:0]"
"0x1be";05ce;"RW";8;80;"0~255";
;;;"[7:0]";;"r_pCPM[188][7:0]"
"0x1bf";05cf;"RW";8;80;"0~255";
;;;"[7:0]";;"r_pCPM[189][7:0]"
"0x1c0";05d0;"RW";8;80;"0~255";
;;;"[7:0]";;"r_pCPM[190][7:0]"
"0x1c1";05d1;"RW";8;80;"0~255";
;;;"[7:0]";;"r_pCPM[191][7:0]"
"0x1c2";05d2;"RW";8;80;"0~255";
;;;"[7:0]";;"r_pCPM[192][7:0]"
"0x1c3";05d3;"RW";8;80;"0~255";
;;;"[7:0]";;"r_pCPM[193][7:0]"
"0x1c4";05d4;"RW";8;80;"0~255";
;;;"[7:0]";;"r_pCPM[194][7:0]"
"0x1c5";05d5;"RW";8;80;"0~255";
;;;"[7:0]";;"r_pCPM[195][7:0]"
"0x1c6";05d6;"RW";8;80;"0~255";
;;;"[7:0]";;"r_pCPM[196][7:0]"
"0x1c7";05d7;"RW";8;80;"0~255";
;;;"[7:0]";;"r_pCPM[197][7:0]"
"0x1c8";05d8;"RW";8;80;"0~255";
;;;"[7:0]";;"r_pCPM[198][7:0]"
"0x1c9";05d9;"RW";8;80;"0~255";
;;;"[7:0]";;"r_pCPM[199][7:0]"
"0x1ca";05da;"RW";8;80;"0~255";
;;;"[7:0]";;"r_pCPM[200][7:0]"
"0x1cb";05db;"RW";8;80;"0~255";
;;;"[7:0]";;"r_pCPM[201][7:0]"
"0x1cc";05dc;"RW";8;80;"0~255";
;;;"[7:0]";;"r_pCPM[202][7:0]"
"0x1cd";05dd;"RW";8;80;"0~255";
;;;"[7:0]";;"r_pCPM[203][7:0]"
"0x1ce";05de;"RW";8;80;"0~255";
;;;"[7:0]";;"r_pCPM[204][7:0]"
"0x1cf";05df;"RW";8;80;"0~255";
;;;"[7:0]";;"r_pCPM[205][7:0]"
"0x1d0";05e0;"RW";8;80;"0~255";
;;;"[7:0]";;"r_pCPM[206][7:0]"
"0x1d1";05e1;"RW";8;80;"0~255";
;;;"[7:0]";;"r_pCPM[207][7:0]"
"0x1d2";05e2;"RW";8;80;"0~255";
;;;"[7:0]";;"r_pCPM[208][7:0]"
"0x1d3";05e3;"RW";8;80;"0~255";
;;;"[7:0]";;"r_pCPM[209][7:0]"
"0x1d4";05e4;"RW";8;80;"0~255";
;;;"[7:0]";;"r_pCPM[210][7:0]"
"0x1d5";05e5;"RW";8;80;"0~255";
;;;"[7:0]";;"r_pCPM[211][7:0]"
"0x1d6";05e6;"RW";8;80;"0~255";
;;;"[7:0]";;"r_pCPM[212][7:0]"
"0x1d7";05e7;"RW";8;80;"0~255";
;;;"[7:0]";;"r_pCPM[213][7:0]"
"0x1d8";05e8;"RW";8;80;"0~255";
;;;"[7:0]";;"r_pCPM[214][7:0]"
"0x1d9";05e9;"RW";8;80;"0~255";
;;;"[7:0]";;"r_pCPM[215][7:0]"
"0x1da";05ea;"RW";8;80;"0~255";
;;;"[7:0]";;"r_pCPM[216][7:0]"
"0x1db";05eb;"RW";8;80;"0~255";
;;;"[7:0]";;"r_pCPM[217][7:0]"
"0x1dc";05ec;"RW";8;80;"0~255";
;;;"[7:0]";;"r_pCPM[218][7:0]"
"0x1dd";05ed;"RW";8;80;"0~255";
;;;"[7:0]";;"r_pCPM[219][7:0]"
"0x1de";05ee;"RW";8;80;"0~255";
;;;"[7:0]";;"r_pCPM[220][7:0]"
"0x1df";05ef;"RW";8;80;"0~255";
;;;"[7:0]";;"r_pCPM[221][7:0]"
"0x1e0";05f0;"RW";8;80;"0~255";
;;;"[7:0]";;"r_pCPM[222][7:0]"
"0x1e1";05f1;"RW";8;80;"0~255";
;;;"[7:0]";;"r_pCPM[223][7:0]"
"0x1e2";05f2;"RW";8;80;"0~255";
;;;"[7:0]";;"r_pCPM[224][7:0]"
"0x1e3";05f3;"RW";8;80;"0~255";
;;;"[7:0]";;"r_pCPM[225][7:0]"
"0x1e4";05f4;"RW";8;80;"0~255";
;;;"[7:0]";;"r_pCPM[226][7:0]"
"0x1e5";05f5;"RW";8;80;"0~255";
;;;"[7:0]";;"r_pCPM[227][7:0]"
"0x1e6";05f6;"RW";8;80;"0~255";
;;;"[7:0]";;"r_pCPM[228][7:0]"
"0x1e7";05f7;"RW";8;80;"0~255";
;;;"[7:0]";;"r_pCPM[229][7:0]"
"0x1e8";05f8;"RW";8;80;"0~255";
;;;"[7:0]";;"r_pCPM[230][7:0]"
"0x1e9";05f9;"RW";8;80;"0~255";
;;;"[7:0]";;"r_pCPM[231][7:0]"
"0x1ea";05fa;"RW";8;80;"0~255";
;;;"[7:0]";;"r_pCPM[232][7:0]"
"0x1eb";05fb;"RW";8;80;"0~255";
;;;"[7:0]";;"r_pCPM[233][7:0]"
"0x1ec";05fc;"RW";8;80;"0~255";
;;;"[7:0]";;"r_pCPM[234][7:0]"
"0x1ed";05fd;"RW";8;80;"0~255";
;;;"[7:0]";;"r_pCPM[235][7:0]"
"0x1ee";05fe;"RW";8;80;"0~255";
;;;"[7:0]";;"r_pCPM[236][7:0]"
"0x1ef";05ff;"RW";8;80;"0~255";
;;;"[7:0]";;"r_pCPM[237][7:0]"
"0x1f0";0600;"RW";8;80;"0~255";
;;;"[7:0]";;"r_pCPM[238][7:0]"
"0x1f1";0601;"RW";8;80;"0~255";
;;;"[7:0]";;"r_pCPM[239][7:0]"
"0x1f2";0602;"RW";8;0;"0~255";
;;;"[7:0]";;"r_pCPD[0][7:0]"
"0x1f3";0603;"RW";8;0;"0~255";
;;;"[7:0]";;"r_pCPD[1][7:0]"
"0x1f4";0604;"RW";8;0;"0~255";
;;;"[7:0]";;"r_pCPD[2][7:0]"
"0x1f5";0605;"RW";8;0;"0~255";
;;;"[7:0]";;"r_pCPD[3][7:0]"
"0x1f6";0606;"RW";8;0;"0~255";
;;;"[7:0]";;"r_pCPD[4][7:0]"
"0x1f7";0607;"RW";8;0;"0~255";
;;;"[7:0]";;"r_pCPD[5][7:0]"
"0x1f8";0608;"RW";8;0;"0~255";
;;;"[7:0]";;"r_pCPD[6][7:0]"
"0x1f9";0609;"RW";8;0;"0~255";
;;;"[7:0]";;"r_pCPD[7][7:0]"
"0x1fa";060a;"RW";8;0;"0~255";
;;;"[7:0]";;"r_pCPD[8][7:0]"
"0x1fb";060b;"RW";8;0;"0~255";
;;;"[7:0]";;"r_pCPD[9][7:0]"
"0x1fc";060c;"RW";8;0;"0~255";
;;;"[7:0]";;"r_pCPD[10][7:0]"
"0x1fd";060d;"RW";8;0;"0~255";
;;;"[7:0]";;"r_pCPD[11][7:0]"
"0x1fe";060e;"RW";8;0;"0~255";
;;;"[7:0]";;"r_pCPD[12][7:0]"
"0x1ff";060f;"RW";8;0;"0~255";
;;;"[7:0]";;"r_pCPD[13][7:0]"
"0x200";0610;"RW";8;0;"0~255";
;;;"[7:0]";;"r_pCPD[14][7:0]"
"0x201";0611;"RW";8;0;"0~255";
;;;"[7:0]";;"r_pCPD[15][7:0]"
"0x202";0612;"RW";8;0;"0~255";
;;;"[7:0]";;"r_pCPD[16][7:0]"
"0x203";0613;"RW";8;0;"0~255";
;;;"[7:0]";;"r_pCPD[17][7:0]"
"0x204";0614;"RW";8;0;"0~255";
;;;"[7:0]";;"r_pCPD[18][7:0]"
"0x205";0615;"RW";8;0;"0~255";
;;;"[7:0]";;"r_pCPD[19][7:0]"
"0x206";0616;"RW";8;0;"0~255";
;;;"[7:0]";;"r_pCPD[20][7:0]"
"0x207";0617;"RW";8;0;"0~255";
;;;"[7:0]";;"r_pCPD[21][7:0]"
"0x208";0618;"RW";8;0;"0~255";
;;;"[7:0]";;"r_pCPD[22][7:0]"
"0x209";0619;"RW";8;0;"0~255";
;;;"[7:0]";;"r_pCPD[23][7:0]"
"0x20a";061a;"RW";8;0;"0~255";
;;;"[7:0]";;"r_pCPD[24][7:0]"
"0x20b";061b;"RW";8;0;"0~255";
;;;"[7:0]";;"r_pCPD[25][7:0]"
"0x20c";061c;"RW";8;0;"0~255";
;;;"[7:0]";;"r_pCPD[26][7:0]"
"0x20d";061d;"RW";8;0;"0~255";
;;;"[7:0]";;"r_pCPD[27][7:0]"
"0x20e";061e;"RW";8;0;"0~255";
;;;"[7:0]";;"r_pCPD[28][7:0]"
"0x20f";061f;"RW";8;0;"0~255";
;;;"[7:0]";;"r_pCPD[29][7:0]"
"0x210";0620;"RW";8;0;"0~255";
;;;"[7:0]";;"r_pCPD[30][7:0]"
"0x211";0621;"RW";8;0;"0~255";
;;;"[7:0]";;"r_pCPD[31][7:0]"
"0x212";0622;"RW";8;0;"0~255";
;;;"[7:0]";;"r_pCPD[32][7:0]"
"0x213";0623;"RW";8;0;"0~255";
;;;"[7:0]";;"r_pCPD[33][7:0]"
"0x214";0624;"RW";8;0;"0~255";
;;;"[7:0]";;"r_pCPD[34][7:0]"
"0x215";0625;"RW";8;0;"0~255";
;;;"[7:0]";;"r_pCPD[35][7:0]"
"0x216";0626;"RW";8;0;"0~255";
;;;"[7:0]";;"r_pCPD[36][7:0]"
"0x217";0627;"RW";8;0;"0~255";
;;;"[7:0]";;"r_pCPD[37][7:0]"
"0x218";0628;"RW";8;0;"0~255";
;;;"[7:0]";;"r_pCPD[38][7:0]"
"0x219";0629;"RW";8;0;"0~255";
;;;"[7:0]";;"r_pCPD[39][7:0]"
"0x21a";062a;"RW";8;0;"0~255";
;;;"[7:0]";;"r_pCPD[40][7:0]"
"0x21b";062b;"RW";8;0;"0~255";
;;;"[7:0]";;"r_pCPD[41][7:0]"
"0x21c";062c;"RW";8;0;"0~255";
;;;"[7:0]";;"r_pCPD[42][7:0]"
"0x21d";062d;"RW";8;0;"0~255";
;;;"[7:0]";;"r_pCPD[43][7:0]"
"0x21e";062e;"RW";8;0;"0~255";
;;;"[7:0]";;"r_pCPD[44][7:0]"
"0x21f";062f;"RW";8;0;"0~255";
;;;"[7:0]";;"r_pCPD[45][7:0]"
"0x220";0630;"RW";8;0;"0~255";
;;;"[7:0]";;"r_pCPD[46][7:0]"
"0x221";0631;"RW";8;0;"0~255";
;;;"[7:0]";;"r_pCPD[47][7:0]"
"0x222";0632;"RW";8;0;"0~255";
;;;"[7:0]";;"r_pCPD[48][7:0]"
"0x223";0633;"RW";8;0;"0~255";
;;;"[7:0]";;"r_pCPD[49][7:0]"
"0x224";0634;"RW";8;0;"0~255";
;;;"[7:0]";;"r_pCPD[50][7:0]"
"0x225";0635;"RW";8;0;"0~255";
;;;"[7:0]";;"r_pCPD[51][7:0]"
"0x226";0636;"RW";8;0;"0~255";
;;;"[7:0]";;"r_pCPD[52][7:0]"
"0x227";0637;"RW";8;0;"0~255";
;;;"[7:0]";;"r_pCPD[53][7:0]"
"0x228";0638;"RW";8;0;"0~255";
;;;"[7:0]";;"r_pCPD[54][7:0]"
"0x229";0639;"RW";8;0;"0~255";
;;;"[7:0]";;"r_pCPD[55][7:0]"
"0x22a";063a;"RW";8;0;"0~255";
;;;"[7:0]";;"r_pCPD[56][7:0]"
"0x22b";063b;"RW";8;0;"0~255";
;;;"[7:0]";;"r_pCPD[57][7:0]"
"0x22c";063c;"RW";8;0;"0~255";
;;;"[7:0]";;"r_pCPD[58][7:0]"
"0x22d";063d;"RW";8;0;"0~255";
;;;"[7:0]";;"r_pCPD[59][7:0]"
"0x22e";063e;"RW";8;0;"0~255";
;;;"[7:0]";;"r_pCPD[60][7:0]"
"0x22f";063f;"RW";8;0;"0~255";
;;;"[7:0]";;"r_pCPD[61][7:0]"
"0x230";0640;"RW";8;0;"0~255";
;;;"[7:0]";;"r_pCPD[62][7:0]"
"0x231";0641;"RW";8;0;"0~255";
;;;"[7:0]";;"r_pCPD[63][7:0]"
"0x232";0642;"RW";8;0;"0~255";
;;;"[7:0]";;"r_pCPD[64][7:0]"
"0x233";0643;"RW";8;0;"0~255";
;;;"[7:0]";;"r_pCPD[65][7:0]"
"0x234";0644;"RW";8;0;"0~255";
;;;"[7:0]";;"r_pCPD[66][7:0]"
"0x235";0645;"RW";8;0;"0~255";
;;;"[7:0]";;"r_pCPD[67][7:0]"
"0x236";0646;"RW";8;0;"0~255";
;;;"[7:0]";;"r_pCPD[68][7:0]"
"0x237";0647;"RW";8;0;"0~255";
;;;"[7:0]";;"r_pCPD[69][7:0]"
"0x238";0648;"RW";8;0;"0~255";
;;;"[7:0]";;"r_pCPD[70][7:0]"
"0x239";0649;"RW";8;0;"0~255";
;;;"[7:0]";;"r_pCPD[71][7:0]"
"0x23a";064a;"RW";8;0;"0~255";
;;;"[7:0]";;"r_pCPD[72][7:0]"
"0x23b";064b;"RW";8;0;"0~255";
;;;"[7:0]";;"r_pCPD[73][7:0]"
"0x23c";064c;"RW";8;0;"0~255";
;;;"[7:0]";;"r_pCPD[74][7:0]"
"0x23d";064d;"RW";8;0;"0~255";
;;;"[7:0]";;"r_pCPD[75][7:0]"
"0x23e";064e;"RW";8;0;"0~255";
;;;"[7:0]";;"r_pCPD[76][7:0]"
"0x23f";064f;"RW";8;0;"0~255";
;;;"[7:0]";;"r_pCPD[77][7:0]"
"0x240";0650;"RW";8;0;"0~255";
;;;"[7:0]";;"r_pCPD[78][7:0]"
"0x241";0651;"RW";8;0;"0~255";
;;;"[7:0]";;"r_pCPD[79][7:0]"
"0x242";0652;"RW";8;80;"0~255";
;;;"[7:0]";;"r_pCPD[80][7:0]"
"0x243";0653;"RW";8;80;"0~255";
;;;"[7:0]";;"r_pCPD[81][7:0]"
"0x244";0654;"RW";8;80;"0~255";
;;;"[7:0]";;"r_pCPD[82][7:0]"
"0x245";0655;"RW";8;80;"0~255";
;;;"[7:0]";;"r_pCPD[83][7:0]"
"0x246";0656;"RW";8;80;"0~255";
;;;"[7:0]";;"r_pCPD[84][7:0]"
"0x247";0657;"RW";8;80;"0~255";
;;;"[7:0]";;"r_pCPD[85][7:0]"
"0x248";0658;"RW";8;80;"0~255";
;;;"[7:0]";;"r_pCPD[86][7:0]"
"0x249";0659;"RW";8;80;"0~255";
;;;"[7:0]";;"r_pCPD[87][7:0]"
"0x24a";065a;"RW";8;80;"0~255";
;;;"[7:0]";;"r_pCPD[88][7:0]"
"0x24b";065b;"RW";8;80;"0~255";
;;;"[7:0]";;"r_pCPD[89][7:0]"
"0x24c";065c;"RW";8;80;"0~255";
;;;"[7:0]";;"r_pCPD[90][7:0]"
"0x24d";065d;"RW";8;80;"0~255";
;;;"[7:0]";;"r_pCPD[91][7:0]"
"0x24e";065e;"RW";8;80;"0~255";
;;;"[7:0]";;"r_pCPD[92][7:0]"
"0x24f";065f;"RW";8;80;"0~255";
;;;"[7:0]";;"r_pCPD[93][7:0]"
"0x250";0660;"RW";8;80;"0~255";
;;;"[7:0]";;"r_pCPD[94][7:0]"
"0x251";0661;"RW";8;80;"0~255";
;;;"[7:0]";;"r_pCPD[95][7:0]"
"0x252";0662;"RW";8;80;"0~255";
;;;"[7:0]";;"r_pCPD[96][7:0]"
"0x253";0663;"RW";8;80;"0~255";
;;;"[7:0]";;"r_pCPD[97][7:0]"
"0x254";0664;"RW";8;80;"0~255";
;;;"[7:0]";;"r_pCPD[98][7:0]"
"0x255";0665;"RW";8;80;"0~255";
;;;"[7:0]";;"r_pCPD[99][7:0]"
"0x256";0666;"RW";8;80;"0~255";
;;;"[7:0]";;"r_pCPD[100][7:0]"
"0x257";0667;"RW";8;80;"0~255";
;;;"[7:0]";;"r_pCPD[101][7:0]"
"0x258";0668;"RW";8;80;"0~255";
;;;"[7:0]";;"r_pCPD[102][7:0]"
"0x259";0669;"RW";8;80;"0~255";
;;;"[7:0]";;"r_pCPD[103][7:0]"
"0x25a";066a;"RW";8;80;"0~255";
;;;"[7:0]";;"r_pCPD[104][7:0]"
"0x25b";066b;"RW";8;80;"0~255";
;;;"[7:0]";;"r_pCPD[105][7:0]"
"0x25c";066c;"RW";8;80;"0~255";
;;;"[7:0]";;"r_pCPD[106][7:0]"
"0x25d";066d;"RW";8;80;"0~255";
;;;"[7:0]";;"r_pCPD[107][7:0]"
"0x25e";066e;"RW";8;80;"0~255";
;;;"[7:0]";;"r_pCPD[108][7:0]"
"0x25f";066f;"RW";8;80;"0~255";
;;;"[7:0]";;"r_pCPD[109][7:0]"
"0x260";0670;"RW";8;80;"0~255";
;;;"[7:0]";;"r_pCPD[110][7:0]"
"0x261";0671;"RW";8;80;"0~255";
;;;"[7:0]";;"r_pCPD[111][7:0]"
"0x262";0672;"RW";8;80;"0~255";
;;;"[7:0]";;"r_pCPD[112][7:0]"
"0x263";0673;"RW";8;80;"0~255";
;;;"[7:0]";;"r_pCPD[113][7:0]"
"0x264";0674;"RW";8;80;"0~255";
;;;"[7:0]";;"r_pCPD[114][7:0]"
"0x265";0675;"RW";8;80;"0~255";
;;;"[7:0]";;"r_pCPD[115][7:0]"
"0x266";0676;"RW";8;80;"0~255";
;;;"[7:0]";;"r_pCPD[116][7:0]"
"0x267";0677;"RW";8;80;"0~255";
;;;"[7:0]";;"r_pCPD[117][7:0]"
"0x268";0678;"RW";8;80;"0~255";
;;;"[7:0]";;"r_pCPD[118][7:0]"
"0x269";0679;"RW";8;80;"0~255";
;;;"[7:0]";;"r_pCPD[119][7:0]"
"0x26a";067a;"RW";8;80;"0~255";
;;;"[7:0]";;"r_pCPD[120][7:0]"
"0x26b";067b;"RW";8;80;"0~255";
;;;"[7:0]";;"r_pCPD[121][7:0]"
"0x26c";067c;"RW";8;80;"0~255";
;;;"[7:0]";;"r_pCPD[122][7:0]"
"0x26d";067d;"RW";8;80;"0~255";
;;;"[7:0]";;"r_pCPD[123][7:0]"
"0x26e";067e;"RW";8;80;"0~255";
;;;"[7:0]";;"r_pCPD[124][7:0]"
"0x26f";067f;"RW";8;80;"0~255";
;;;"[7:0]";;"r_pCPD[125][7:0]"
"0x270";0680;"RW";8;80;"0~255";
;;;"[7:0]";;"r_pCPD[126][7:0]"
"0x271";0681;"RW";8;80;"0~255";
;;;"[7:0]";;"r_pCPD[127][7:0]"
"0x272";0682;"RW";8;80;"0~255";
;;;"[7:0]";;"r_pCPD[128][7:0]"
"0x273";0683;"RW";8;80;"0~255";
;;;"[7:0]";;"r_pCPD[129][7:0]"
"0x274";0684;"RW";8;80;"0~255";
;;;"[7:0]";;"r_pCPD[130][7:0]"
"0x275";0685;"RW";8;80;"0~255";
;;;"[7:0]";;"r_pCPD[131][7:0]"
"0x276";0686;"RW";8;80;"0~255";
;;;"[7:0]";;"r_pCPD[132][7:0]"
"0x277";0687;"RW";8;80;"0~255";
;;;"[7:0]";;"r_pCPD[133][7:0]"
"0x278";0688;"RW";8;80;"0~255";
;;;"[7:0]";;"r_pCPD[134][7:0]"
"0x279";0689;"RW";8;80;"0~255";
;;;"[7:0]";;"r_pCPD[135][7:0]"
"0x27a";068a;"RW";8;80;"0~255";
;;;"[7:0]";;"r_pCPD[136][7:0]"
"0x27b";068b;"RW";8;80;"0~255";
;;;"[7:0]";;"r_pCPD[137][7:0]"
"0x27c";068c;"RW";8;80;"0~255";
;;;"[7:0]";;"r_pCPD[138][7:0]"
"0x27d";068d;"RW";8;80;"0~255";
;;;"[7:0]";;"r_pCPD[139][7:0]"
"0x27e";068e;"RW";8;80;"0~255";
;;;"[7:0]";;"r_pCPD[140][7:0]"
"0x27f";068f;"RW";8;80;"0~255";
;;;"[7:0]";;"r_pCPD[141][7:0]"
"0x280";0690;"RW";8;80;"0~255";
;;;"[7:0]";;"r_pCPD[142][7:0]"
"0x281";0691;"RW";8;80;"0~255";
;;;"[7:0]";;"r_pCPD[143][7:0]"
"0x282";0692;"RW";8;80;"0~255";
;;;"[7:0]";;"r_pCPD[144][7:0]"
"0x283";0693;"RW";8;80;"0~255";
;;;"[7:0]";;"r_pCPD[145][7:0]"
"0x284";0694;"RW";8;80;"0~255";
;;;"[7:0]";;"r_pCPD[146][7:0]"
"0x285";0695;"RW";8;80;"0~255";
;;;"[7:0]";;"r_pCPD[147][7:0]"
"0x286";0696;"RW";8;80;"0~255";
;;;"[7:0]";;"r_pCPD[148][7:0]"
"0x287";0697;"RW";8;80;"0~255";
;;;"[7:0]";;"r_pCPD[149][7:0]"
"0x288";0698;"RW";8;80;"0~255";
;;;"[7:0]";;"r_pCPD[150][7:0]"
"0x289";0699;"RW";8;80;"0~255";
;;;"[7:0]";;"r_pCPD[151][7:0]"
"0x28a";069a;"RW";8;80;"0~255";
;;;"[7:0]";;"r_pCPD[152][7:0]"
"0x28b";069b;"RW";8;80;"0~255";
;;;"[7:0]";;"r_pCPD[153][7:0]"
"0x28c";069c;"RW";8;80;"0~255";
;;;"[7:0]";;"r_pCPD[154][7:0]"
"0x28d";069d;"RW";8;80;"0~255";
;;;"[7:0]";;"r_pCPD[155][7:0]"
"0x28e";069e;"RW";8;80;"0~255";
;;;"[7:0]";;"r_pCPD[156][7:0]"
"0x28f";069f;"RW";8;80;"0~255";
;;;"[7:0]";;"r_pCPD[157][7:0]"
"0x290";06a0;"RW";8;80;"0~255";
;;;"[7:0]";;"r_pCPD[158][7:0]"
"0x291";06a1;"RW";8;80;"0~255";
;;;"[7:0]";;"r_pCPD[159][7:0]"
"0x292";06a2;"RW";8;80;"0~255";
;;;"[7:0]";;"r_pCPD[160][7:0]"
"0x293";06a3;"RW";8;80;"0~255";
;;;"[7:0]";;"r_pCPD[161][7:0]"
"0x294";06a4;"RW";8;80;"0~255";
;;;"[7:0]";;"r_pCPD[162][7:0]"
"0x295";06a5;"RW";8;80;"0~255";
;;;"[7:0]";;"r_pCPD[163][7:0]"
"0x296";06a6;"RW";8;80;"0~255";
;;;"[7:0]";;"r_pCPD[164][7:0]"
"0x297";06a7;"RW";8;80;"0~255";
;;;"[7:0]";;"r_pCPD[165][7:0]"
"0x298";06a8;"RW";8;80;"0~255";
;;;"[7:0]";;"r_pCPD[166][7:0]"
"0x299";06a9;"RW";8;80;"0~255";
;;;"[7:0]";;"r_pCPD[167][7:0]"
"0x29a";06aa;"RW";8;80;"0~255";
;;;"[7:0]";;"r_pCPD[168][7:0]"
"0x29b";06ab;"RW";8;80;"0~255";
;;;"[7:0]";;"r_pCPD[169][7:0]"
"0x29c";06ac;"RW";8;80;"0~255";
;;;"[7:0]";;"r_pCPD[170][7:0]"
"0x29d";06ad;"RW";8;80;"0~255";
;;;"[7:0]";;"r_pCPD[171][7:0]"
"0x29e";06ae;"RW";8;80;"0~255";
;;;"[7:0]";;"r_pCPD[172][7:0]"
"0x29f";06af;"RW";8;80;"0~255";
;;;"[7:0]";;"r_pCPD[173][7:0]"
"0x2a0";06b0;"RW";8;80;"0~255";
;;;"[7:0]";;"r_pCPD[174][7:0]"
"0x2a1";06b1;"RW";8;80;"0~255";
;;;"[7:0]";;"r_pCPD[175][7:0]"
"0x2a2";06b2;"RW";8;80;"0~255";
;;;"[7:0]";;"r_pCPD[176][7:0]"
"0x2a3";06b3;"RW";8;80;"0~255";
;;;"[7:0]";;"r_pCPD[177][7:0]"
"0x2a4";06b4;"RW";8;80;"0~255";
;;;"[7:0]";;"r_pCPD[178][7:0]"
"0x2a5";06b5;"RW";8;80;"0~255";
;;;"[7:0]";;"r_pCPD[179][7:0]"
"0x2a6";06b6;"RW";8;80;"0~255";
;;;"[7:0]";;"r_pCPD[180][7:0]"
"0x2a7";06b7;"RW";8;80;"0~255";
;;;"[7:0]";;"r_pCPD[181][7:0]"
"0x2a8";06b8;"RW";8;80;"0~255";
;;;"[7:0]";;"r_pCPD[182][7:0]"
"0x2a9";06b9;"RW";8;80;"0~255";
;;;"[7:0]";;"r_pCPD[183][7:0]"
"0x2aa";06ba;"RW";8;80;"0~255";
;;;"[7:0]";;"r_pCPD[184][7:0]"
"0x2ab";06bb;"RW";8;80;"0~255";
;;;"[7:0]";;"r_pCPD[185][7:0]"
"0x2ac";06bc;"RW";8;80;"0~255";
;;;"[7:0]";;"r_pCPD[186][7:0]"
"0x2ad";06bd;"RW";8;80;"0~255";
;;;"[7:0]";;"r_pCPD[187][7:0]"
"0x2ae";06be;"RW";8;80;"0~255";
;;;"[7:0]";;"r_pCPD[188][7:0]"
"0x2af";06bf;"RW";8;80;"0~255";
;;;"[7:0]";;"r_pCPD[189][7:0]"
"0x2b0";06c0;"RW";8;80;"0~255";
;;;"[7:0]";;"r_pCPD[190][7:0]"
"0x2b1";06c1;"RW";8;80;"0~255";
;;;"[7:0]";;"r_pCPD[191][7:0]"
"0x2b2";06c2;"RW";8;80;"0~255";
;;;"[7:0]";;"r_pCPD[192][7:0]"
"0x2b3";06c3;"RW";8;80;"0~255";
;;;"[7:0]";;"r_pCPD[193][7:0]"
"0x2b4";06c4;"RW";8;80;"0~255";
;;;"[7:0]";;"r_pCPD[194][7:0]"
"0x2b5";06c5;"RW";8;80;"0~255";
;;;"[7:0]";;"r_pCPD[195][7:0]"
"0x2b6";06c6;"RW";8;80;"0~255";
;;;"[7:0]";;"r_pCPD[196][7:0]"
"0x2b7";06c7;"RW";8;80;"0~255";
;;;"[7:0]";;"r_pCPD[197][7:0]"
"0x2b8";06c8;"RW";8;80;"0~255";
;;;"[7:0]";;"r_pCPD[198][7:0]"
"0x2b9";06c9;"RW";8;80;"0~255";
;;;"[7:0]";;"r_pCPD[199][7:0]"
"0x2ba";06ca;"RW";8;80;"0~255";
;;;"[7:0]";;"r_pCPD[200][7:0]"
"0x2bb";06cb;"RW";8;80;"0~255";
;;;"[7:0]";;"r_pCPD[201][7:0]"
"0x2bc";06cc;"RW";8;80;"0~255";
;;;"[7:0]";;"r_pCPD[202][7:0]"
"0x2bd";06cd;"RW";8;80;"0~255";
;;;"[7:0]";;"r_pCPD[203][7:0]"
"0x2be";06ce;"RW";8;80;"0~255";
;;;"[7:0]";;"r_pCPD[204][7:0]"
"0x2bf";06cf;"RW";8;80;"0~255";
;;;"[7:0]";;"r_pCPD[205][7:0]"
"0x2c0";06d0;"RW";8;80;"0~255";
;;;"[7:0]";;"r_pCPD[206][7:0]"
"0x2c1";06d1;"RW";8;80;"0~255";
;;;"[7:0]";;"r_pCPD[207][7:0]"
"0x2c2";06d2;"RW";8;80;"0~255";
;;;"[7:0]";;"r_pCPD[208][7:0]"
"0x2c3";06d3;"RW";8;80;"0~255";
;;;"[7:0]";;"r_pCPD[209][7:0]"
"0x2c4";06d4;"RW";8;80;"0~255";
;;;"[7:0]";;"r_pCPD[210][7:0]"
"0x2c5";06d5;"RW";8;80;"0~255";
;;;"[7:0]";;"r_pCPD[211][7:0]"
"0x2c6";06d6;"RW";8;80;"0~255";
;;;"[7:0]";;"r_pCPD[212][7:0]"
"0x2c7";06d7;"RW";8;80;"0~255";
;;;"[7:0]";;"r_pCPD[213][7:0]"
"0x2c8";06d8;"RW";8;80;"0~255";
;;;"[7:0]";;"r_pCPD[214][7:0]"
"0x2c9";06d9;"RW";8;80;"0~255";
;;;"[7:0]";;"r_pCPD[215][7:0]"
"0x2ca";06da;"RW";8;80;"0~255";
;;;"[7:0]";;"r_pCPD[216][7:0]"
"0x2cb";06db;"RW";8;80;"0~255";
;;;"[7:0]";;"r_pCPD[217][7:0]"
"0x2cc";06dc;"RW";8;80;"0~255";
;;;"[7:0]";;"r_pCPD[218][7:0]"
"0x2cd";06dd;"RW";8;80;"0~255";
;;;"[7:0]";;"r_pCPD[219][7:0]"
"0x2ce";06de;"RW";8;80;"0~255";
;;;"[7:0]";;"r_pCPD[220][7:0]"
"0x2cf";06df;"RW";8;80;"0~255";
;;;"[7:0]";;"r_pCPD[221][7:0]"
"0x2d0";06e0;"RW";8;80;"0~255";
;;;"[7:0]";;"r_pCPD[222][7:0]"
"0x2d1";06e1;"RW";8;80;"0~255";
;;;"[7:0]";;"r_pCPD[223][7:0]"
"0x2d2";06e2;"RW";8;80;"0~255";
;;;"[7:0]";;"r_pCPD[224][7:0]"
"0x2d3";06e3;"RW";8;80;"0~255";
;;;"[7:0]";;"r_pCPD[225][7:0]"
"0x2d4";06e4;"RW";8;80;"0~255";
;;;"[7:0]";;"r_pCPD[226][7:0]"
"0x2d5";06e5;"RW";8;80;"0~255";
;;;"[7:0]";;"r_pCPD[227][7:0]"
"0x2d6";06e6;"RW";8;80;"0~255";
;;;"[7:0]";;"r_pCPD[228][7:0]"
"0x2d7";06e7;"RW";8;80;"0~255";
;;;"[7:0]";;"r_pCPD[229][7:0]"
"0x2d8";06e8;"RW";8;80;"0~255";
;;;"[7:0]";;"r_pCPD[230][7:0]"
"0x2d9";06e9;"RW";8;80;"0~255";
;;;"[7:0]";;"r_pCPD[231][7:0]"
"0x2da";06ea;"RW";8;80;"0~255";
;;;"[7:0]";;"r_pCPD[232][7:0]"
"0x2db";06eb;"RW";8;80;"0~255";
;;;"[7:0]";;"r_pCPD[233][7:0]"
"0x2dc";06ec;"RW";8;80;"0~255";
;;;"[7:0]";;"r_pCPD[234][7:0]"
"0x2dd";06ed;"RW";8;80;"0~255";
;;;"[7:0]";;"r_pCPD[235][7:0]"
"0x2de";06ee;"RW";8;80;"0~255";
;;;"[7:0]";;"r_pCPD[236][7:0]"
"0x2df";06ef;"RW";8;80;"0~255";
;;;"[7:0]";;"r_pCPD[237][7:0]"
"0x2e0";06f0;"RW";8;80;"0~255";
;;;"[7:0]";;"r_pCPD[238][7:0]"
"0x2e1";06f1;"RW";8;80;"0~255";
;;;"[7:0]";;"r_pCPD[239][7:0]"
"0x2e2";06f2;"RW";8;0;"0~1";
;;;"[7:0]";;"r_bAdjustStrengthTempeture[7:0]"
"0x2e3";06f3;"RW";8;1e;"-128~127";
;;;"[7:0]";;"r_pTemperature[0][7:0]"
"0x2e4";06f4;"RW";8;1e;"-128~127";
;;;"[7:0]";;"r_pTemperature[1][7:0]"
"0x2e5";06f5;"RW";8;1e;"-128~127";
;;;"[7:0]";;"r_pTemperature[2][7:0]"
"0x2e6";06f6;"RW";8;1e;"-128~127";
;;;"[7:0]";;"r_pTemperature[3][7:0]"
"0x2e7";06f7;"RW";8;40;"0~255";
;;;"[7:0]";;"r_pDecreaseRat[0][7:0]"
"0x2e8";06f8;"RW";8;40;"0~255";
;;;"[7:0]";;"r_pDecreaseRat[1][7:0]"
"0x2e9";06f9;"RW";8;40;"0~255";
;;;"[7:0]";;"r_pDecreaseRat[2][7:0]"
"0x2ea";06fa;"RW";8;40;"0~255";
;;;"[7:0]";;"r_pDecreaseRat[3][7:0]"
"end";;;;;
