"base_addr";0x30080120;"addr_bits";8;;
parameter;ACK_DLY=0;;;;
;;;;;
;;;;;
"module_name";"cam0_LSC_LMSV";;;;
"sub_addr";"addr";"RW";"bits";"default (hex)";"description"
"0x00";0120;"RW";8;0;"0~1";
;;;"[7:0]";;"r_nSramAddrSel[0][7:0]"
"0x01";0121;"RW";8;0;"0~1";
;;;"[7:0]";;"r_nSramAddrSel[1][7:0]"
"0x02";0122;"RW";8;0;"0~1";
;;;"[7:0]";;"r_nSramAddrSel[2][7:0]"
"0x03";0123;"RW";8;0;"0~1";
;;;"[7:0]";;"r_nSramAddrSel[3][7:0]"
"0x04";0124;"RW";8;0;"0~3";
;;;"[7:0]";;"r_nGainSel[7:0]"
"0x05";0125;"RW";8;20;"0~255";
;;;"[7:0]";;"r_nSensorGain1[7:0]"
"0x06";0126;"RW";8;60;"0~255";
;;;"[7:0]";;"r_nSensorGain2[7:0]"
"0x07";0127;"RW";8;40;"0~127";
;;;"[7:0]";;"r_nMaxQ[7:0]"
"0x08";0128;"RW";8;18;"0~127";
;;;"[7:0]";;"r_nMinQ[7:0]"
"0x09";0129;"RW";8;0;"0~3";
;;;"[7:0]";;"r_nManCTOption[7:0]"
"0x0a";012a;"RW";8;64;"0~2047";
;;;"[7:0]";;"r_nCTD[7:0]"
"0x0b";012b;"RW";8;0;;
;;;"[7:0]";;"r_nCTD[15:8]"
"0x0c";012c;"RW";8;b4;"0~2047";
;;;"[7:0]";;"r_nCTM1[7:0]"
"0x0d";012d;"RW";8;0;;
;;;"[7:0]";;"r_nCTM1[15:8]"
"0x0e";012e;"RW";8;dc;"0~2047";
;;;"[7:0]";;"r_nCTM2[7:0]"
"0x0f";012f;"RW";8;0;;
;;;"[7:0]";;"r_nCTM2[15:8]"
"0x10";0130;"RW";8;2c;"0~2047";
;;;"[7:0]";;"r_nCTA[7:0]"
"0x11";0131;"RW";8;1;;
;;;"[7:0]";;"r_nCTA[15:8]"
"0x12";0132;"RW";8;0;"0~255";
;;;"[7:0]";;"r_pCPA[0][7:0]"
"0x13";0133;"RW";8;0;"0~255";
;;;"[7:0]";;"r_pCPA[1][7:0]"
"0x14";0134;"RW";8;0;"0~255";
;;;"[7:0]";;"r_pCPA[2][7:0]"
"0x15";0135;"RW";8;0;"0~255";
;;;"[7:0]";;"r_pCPA[3][7:0]"
"0x16";0136;"RW";8;0;"0~255";
;;;"[7:0]";;"r_pCPA[4][7:0]"
"0x17";0137;"RW";8;0;"0~255";
;;;"[7:0]";;"r_pCPA[5][7:0]"
"0x18";0138;"RW";8;0;"0~255";
;;;"[7:0]";;"r_pCPA[6][7:0]"
"0x19";0139;"RW";8;0;"0~255";
;;;"[7:0]";;"r_pCPA[7][7:0]"
"0x1a";013a;"RW";8;0;"0~255";
;;;"[7:0]";;"r_pCPA[8][7:0]"
"0x1b";013b;"RW";8;0;"0~255";
;;;"[7:0]";;"r_pCPA[9][7:0]"
"0x1c";013c;"RW";8;0;"0~255";
;;;"[7:0]";;"r_pCPA[10][7:0]"
"0x1d";013d;"RW";8;0;"0~255";
;;;"[7:0]";;"r_pCPA[11][7:0]"
"0x1e";013e;"RW";8;0;"0~255";
;;;"[7:0]";;"r_pCPA[12][7:0]"
"0x1f";013f;"RW";8;0;"0~255";
;;;"[7:0]";;"r_pCPA[13][7:0]"
"0x20";0140;"RW";8;0;"0~255";
;;;"[7:0]";;"r_pCPA[14][7:0]"
"0x21";0141;"RW";8;0;"0~255";
;;;"[7:0]";;"r_pCPA[15][7:0]"
"0x22";0142;"RW";8;0;"0~255";
;;;"[7:0]";;"r_pCPA[16][7:0]"
"0x23";0143;"RW";8;0;"0~255";
;;;"[7:0]";;"r_pCPA[17][7:0]"
"0x24";0144;"RW";8;0;"0~255";
;;;"[7:0]";;"r_pCPA[18][7:0]"
"0x25";0145;"RW";8;0;"0~255";
;;;"[7:0]";;"r_pCPA[19][7:0]"
"0x26";0146;"RW";8;0;"0~255";
;;;"[7:0]";;"r_pCPA[20][7:0]"
"0x27";0147;"RW";8;0;"0~255";
;;;"[7:0]";;"r_pCPA[21][7:0]"
"0x28";0148;"RW";8;0;"0~255";
;;;"[7:0]";;"r_pCPA[22][7:0]"
"0x29";0149;"RW";8;0;"0~255";
;;;"[7:0]";;"r_pCPA[23][7:0]"
"0x2a";014a;"RW";8;0;"0~255";
;;;"[7:0]";;"r_pCPA[24][7:0]"
"0x2b";014b;"RW";8;0;"0~255";
;;;"[7:0]";;"r_pCPA[25][7:0]"
"0x2c";014c;"RW";8;0;"0~255";
;;;"[7:0]";;"r_pCPA[26][7:0]"
"0x2d";014d;"RW";8;0;"0~255";
;;;"[7:0]";;"r_pCPA[27][7:0]"
"0x2e";014e;"RW";8;0;"0~255";
;;;"[7:0]";;"r_pCPA[28][7:0]"
"0x2f";014f;"RW";8;0;"0~255";
;;;"[7:0]";;"r_pCPA[29][7:0]"
"0x30";0150;"RW";8;0;"0~255";
;;;"[7:0]";;"r_pCPA[30][7:0]"
"0x31";0151;"RW";8;0;"0~255";
;;;"[7:0]";;"r_pCPA[31][7:0]"
"0x32";0152;"RW";8;0;"0~255";
;;;"[7:0]";;"r_pCPA[32][7:0]"
"0x33";0153;"RW";8;0;"0~255";
;;;"[7:0]";;"r_pCPA[33][7:0]"
"0x34";0154;"RW";8;0;"0~255";
;;;"[7:0]";;"r_pCPA[34][7:0]"
"0x35";0155;"RW";8;0;"0~255";
;;;"[7:0]";;"r_pCPA[35][7:0]"
"0x36";0156;"RW";8;0;"0~255";
;;;"[7:0]";;"r_pCPA[36][7:0]"
"0x37";0157;"RW";8;0;"0~255";
;;;"[7:0]";;"r_pCPA[37][7:0]"
"0x38";0158;"RW";8;0;"0~255";
;;;"[7:0]";;"r_pCPA[38][7:0]"
"0x39";0159;"RW";8;0;"0~255";
;;;"[7:0]";;"r_pCPA[39][7:0]"
"0x3a";015a;"RW";8;0;"0~255";
;;;"[7:0]";;"r_pCPA[40][7:0]"
"0x3b";015b;"RW";8;0;"0~255";
;;;"[7:0]";;"r_pCPA[41][7:0]"
"0x3c";015c;"RW";8;0;"0~255";
;;;"[7:0]";;"r_pCPA[42][7:0]"
"0x3d";015d;"RW";8;0;"0~255";
;;;"[7:0]";;"r_pCPA[43][7:0]"
"0x3e";015e;"RW";8;0;"0~255";
;;;"[7:0]";;"r_pCPA[44][7:0]"
"0x3f";015f;"RW";8;0;"0~255";
;;;"[7:0]";;"r_pCPA[45][7:0]"
"0x40";0160;"RW";8;0;"0~255";
;;;"[7:0]";;"r_pCPA[46][7:0]"
"0x41";0161;"RW";8;0;"0~255";
;;;"[7:0]";;"r_pCPA[47][7:0]"
"0x42";0162;"RW";8;0;"0~255";
;;;"[7:0]";;"r_pCPA[48][7:0]"
"0x43";0163;"RW";8;0;"0~255";
;;;"[7:0]";;"r_pCPA[49][7:0]"
"0x44";0164;"RW";8;0;"0~255";
;;;"[7:0]";;"r_pCPA[50][7:0]"
"0x45";0165;"RW";8;0;"0~255";
;;;"[7:0]";;"r_pCPA[51][7:0]"
"0x46";0166;"RW";8;0;"0~255";
;;;"[7:0]";;"r_pCPA[52][7:0]"
"0x47";0167;"RW";8;0;"0~255";
;;;"[7:0]";;"r_pCPA[53][7:0]"
"0x48";0168;"RW";8;0;"0~255";
;;;"[7:0]";;"r_pCPA[54][7:0]"
"0x49";0169;"RW";8;0;"0~255";
;;;"[7:0]";;"r_pCPA[55][7:0]"
"0x4a";016a;"RW";8;0;"0~255";
;;;"[7:0]";;"r_pCPA[56][7:0]"
"0x4b";016b;"RW";8;0;"0~255";
;;;"[7:0]";;"r_pCPA[57][7:0]"
"0x4c";016c;"RW";8;0;"0~255";
;;;"[7:0]";;"r_pCPA[58][7:0]"
"0x4d";016d;"RW";8;0;"0~255";
;;;"[7:0]";;"r_pCPA[59][7:0]"
"0x4e";016e;"RW";8;0;"0~255";
;;;"[7:0]";;"r_pCPA[60][7:0]"
"0x4f";016f;"RW";8;0;"0~255";
;;;"[7:0]";;"r_pCPA[61][7:0]"
"0x50";0170;"RW";8;0;"0~255";
;;;"[7:0]";;"r_pCPA[62][7:0]"
"0x51";0171;"RW";8;0;"0~255";
;;;"[7:0]";;"r_pCPA[63][7:0]"
"0x52";0172;"RW";8;0;"0~255";
;;;"[7:0]";;"r_pCPA[64][7:0]"
"0x53";0173;"RW";8;0;"0~255";
;;;"[7:0]";;"r_pCPA[65][7:0]"
"0x54";0174;"RW";8;0;"0~255";
;;;"[7:0]";;"r_pCPA[66][7:0]"
"0x55";0175;"RW";8;0;"0~255";
;;;"[7:0]";;"r_pCPA[67][7:0]"
"0x56";0176;"RW";8;0;"0~255";
;;;"[7:0]";;"r_pCPA[68][7:0]"
"0x57";0177;"RW";8;0;"0~255";
;;;"[7:0]";;"r_pCPA[69][7:0]"
"0x58";0178;"RW";8;0;"0~255";
;;;"[7:0]";;"r_pCPA[70][7:0]"
"0x59";0179;"RW";8;0;"0~255";
;;;"[7:0]";;"r_pCPA[71][7:0]"
"0x5a";017a;"RW";8;0;"0~255";
;;;"[7:0]";;"r_pCPA[72][7:0]"
"0x5b";017b;"RW";8;0;"0~255";
;;;"[7:0]";;"r_pCPA[73][7:0]"
"0x5c";017c;"RW";8;0;"0~255";
;;;"[7:0]";;"r_pCPA[74][7:0]"
"0x5d";017d;"RW";8;0;"0~255";
;;;"[7:0]";;"r_pCPA[75][7:0]"
"0x5e";017e;"RW";8;0;"0~255";
;;;"[7:0]";;"r_pCPA[76][7:0]"
"0x5f";017f;"RW";8;0;"0~255";
;;;"[7:0]";;"r_pCPA[77][7:0]"
"0x60";0180;"RW";8;0;"0~255";
;;;"[7:0]";;"r_pCPA[78][7:0]"
"0x61";0181;"RW";8;0;"0~255";
;;;"[7:0]";;"r_pCPA[79][7:0]"
"0x62";0182;"RW";8;80;"0~255";
;;;"[7:0]";;"r_pCPA[80][7:0]"
"0x63";0183;"RW";8;80;"0~255";
;;;"[7:0]";;"r_pCPA[81][7:0]"
"0x64";0184;"RW";8;80;"0~255";
;;;"[7:0]";;"r_pCPA[82][7:0]"
"0x65";0185;"RW";8;80;"0~255";
;;;"[7:0]";;"r_pCPA[83][7:0]"
"0x66";0186;"RW";8;80;"0~255";
;;;"[7:0]";;"r_pCPA[84][7:0]"
"0x67";0187;"RW";8;80;"0~255";
;;;"[7:0]";;"r_pCPA[85][7:0]"
"0x68";0188;"RW";8;80;"0~255";
;;;"[7:0]";;"r_pCPA[86][7:0]"
"0x69";0189;"RW";8;80;"0~255";
;;;"[7:0]";;"r_pCPA[87][7:0]"
"0x6a";018a;"RW";8;80;"0~255";
;;;"[7:0]";;"r_pCPA[88][7:0]"
"0x6b";018b;"RW";8;80;"0~255";
;;;"[7:0]";;"r_pCPA[89][7:0]"
"0x6c";018c;"RW";8;80;"0~255";
;;;"[7:0]";;"r_pCPA[90][7:0]"
"0x6d";018d;"RW";8;80;"0~255";
;;;"[7:0]";;"r_pCPA[91][7:0]"
"0x6e";018e;"RW";8;80;"0~255";
;;;"[7:0]";;"r_pCPA[92][7:0]"
"0x6f";018f;"RW";8;80;"0~255";
;;;"[7:0]";;"r_pCPA[93][7:0]"
"0x70";0190;"RW";8;80;"0~255";
;;;"[7:0]";;"r_pCPA[94][7:0]"
"0x71";0191;"RW";8;80;"0~255";
;;;"[7:0]";;"r_pCPA[95][7:0]"
"0x72";0192;"RW";8;80;"0~255";
;;;"[7:0]";;"r_pCPA[96][7:0]"
"0x73";0193;"RW";8;80;"0~255";
;;;"[7:0]";;"r_pCPA[97][7:0]"
"0x74";0194;"RW";8;80;"0~255";
;;;"[7:0]";;"r_pCPA[98][7:0]"
"0x75";0195;"RW";8;80;"0~255";
;;;"[7:0]";;"r_pCPA[99][7:0]"
"0x76";0196;"RW";8;80;"0~255";
;;;"[7:0]";;"r_pCPA[100][7:0]"
"0x77";0197;"RW";8;80;"0~255";
;;;"[7:0]";;"r_pCPA[101][7:0]"
"0x78";0198;"RW";8;80;"0~255";
;;;"[7:0]";;"r_pCPA[102][7:0]"
"0x79";0199;"RW";8;80;"0~255";
;;;"[7:0]";;"r_pCPA[103][7:0]"
"0x7a";019a;"RW";8;80;"0~255";
;;;"[7:0]";;"r_pCPA[104][7:0]"
"0x7b";019b;"RW";8;80;"0~255";
;;;"[7:0]";;"r_pCPA[105][7:0]"
"0x7c";019c;"RW";8;80;"0~255";
;;;"[7:0]";;"r_pCPA[106][7:0]"
"0x7d";019d;"RW";8;80;"0~255";
;;;"[7:0]";;"r_pCPA[107][7:0]"
"0x7e";019e;"RW";8;80;"0~255";
;;;"[7:0]";;"r_pCPA[108][7:0]"
"0x7f";019f;"RW";8;80;"0~255";
;;;"[7:0]";;"r_pCPA[109][7:0]"
"0x80";01a0;"RW";8;80;"0~255";
;;;"[7:0]";;"r_pCPA[110][7:0]"
"0x81";01a1;"RW";8;80;"0~255";
;;;"[7:0]";;"r_pCPA[111][7:0]"
"0x82";01a2;"RW";8;80;"0~255";
;;;"[7:0]";;"r_pCPA[112][7:0]"
"0x83";01a3;"RW";8;80;"0~255";
;;;"[7:0]";;"r_pCPA[113][7:0]"
"0x84";01a4;"RW";8;80;"0~255";
;;;"[7:0]";;"r_pCPA[114][7:0]"
"0x85";01a5;"RW";8;80;"0~255";
;;;"[7:0]";;"r_pCPA[115][7:0]"
"0x86";01a6;"RW";8;80;"0~255";
;;;"[7:0]";;"r_pCPA[116][7:0]"
"0x87";01a7;"RW";8;80;"0~255";
;;;"[7:0]";;"r_pCPA[117][7:0]"
"0x88";01a8;"RW";8;80;"0~255";
;;;"[7:0]";;"r_pCPA[118][7:0]"
"0x89";01a9;"RW";8;80;"0~255";
;;;"[7:0]";;"r_pCPA[119][7:0]"
"0x8a";01aa;"RW";8;80;"0~255";
;;;"[7:0]";;"r_pCPA[120][7:0]"
"0x8b";01ab;"RW";8;80;"0~255";
;;;"[7:0]";;"r_pCPA[121][7:0]"
"0x8c";01ac;"RW";8;80;"0~255";
;;;"[7:0]";;"r_pCPA[122][7:0]"
"0x8d";01ad;"RW";8;80;"0~255";
;;;"[7:0]";;"r_pCPA[123][7:0]"
"0x8e";01ae;"RW";8;80;"0~255";
;;;"[7:0]";;"r_pCPA[124][7:0]"
"0x8f";01af;"RW";8;80;"0~255";
;;;"[7:0]";;"r_pCPA[125][7:0]"
"0x90";01b0;"RW";8;80;"0~255";
;;;"[7:0]";;"r_pCPA[126][7:0]"
"0x91";01b1;"RW";8;80;"0~255";
;;;"[7:0]";;"r_pCPA[127][7:0]"
"0x92";01b2;"RW";8;80;"0~255";
;;;"[7:0]";;"r_pCPA[128][7:0]"
"0x93";01b3;"RW";8;80;"0~255";
;;;"[7:0]";;"r_pCPA[129][7:0]"
"0x94";01b4;"RW";8;80;"0~255";
;;;"[7:0]";;"r_pCPA[130][7:0]"
"0x95";01b5;"RW";8;80;"0~255";
;;;"[7:0]";;"r_pCPA[131][7:0]"
"0x96";01b6;"RW";8;80;"0~255";
;;;"[7:0]";;"r_pCPA[132][7:0]"
"0x97";01b7;"RW";8;80;"0~255";
;;;"[7:0]";;"r_pCPA[133][7:0]"
"0x98";01b8;"RW";8;80;"0~255";
;;;"[7:0]";;"r_pCPA[134][7:0]"
"0x99";01b9;"RW";8;80;"0~255";
;;;"[7:0]";;"r_pCPA[135][7:0]"
"0x9a";01ba;"RW";8;80;"0~255";
;;;"[7:0]";;"r_pCPA[136][7:0]"
"0x9b";01bb;"RW";8;80;"0~255";
;;;"[7:0]";;"r_pCPA[137][7:0]"
"0x9c";01bc;"RW";8;80;"0~255";
;;;"[7:0]";;"r_pCPA[138][7:0]"
"0x9d";01bd;"RW";8;80;"0~255";
;;;"[7:0]";;"r_pCPA[139][7:0]"
"0x9e";01be;"RW";8;80;"0~255";
;;;"[7:0]";;"r_pCPA[140][7:0]"
"0x9f";01bf;"RW";8;80;"0~255";
;;;"[7:0]";;"r_pCPA[141][7:0]"
"0xa0";01c0;"RW";8;80;"0~255";
;;;"[7:0]";;"r_pCPA[142][7:0]"
"0xa1";01c1;"RW";8;80;"0~255";
;;;"[7:0]";;"r_pCPA[143][7:0]"
"0xa2";01c2;"RW";8;80;"0~255";
;;;"[7:0]";;"r_pCPA[144][7:0]"
"0xa3";01c3;"RW";8;80;"0~255";
;;;"[7:0]";;"r_pCPA[145][7:0]"
"0xa4";01c4;"RW";8;80;"0~255";
;;;"[7:0]";;"r_pCPA[146][7:0]"
"0xa5";01c5;"RW";8;80;"0~255";
;;;"[7:0]";;"r_pCPA[147][7:0]"
"0xa6";01c6;"RW";8;80;"0~255";
;;;"[7:0]";;"r_pCPA[148][7:0]"
"0xa7";01c7;"RW";8;80;"0~255";
;;;"[7:0]";;"r_pCPA[149][7:0]"
"0xa8";01c8;"RW";8;80;"0~255";
;;;"[7:0]";;"r_pCPA[150][7:0]"
"0xa9";01c9;"RW";8;80;"0~255";
;;;"[7:0]";;"r_pCPA[151][7:0]"
"0xaa";01ca;"RW";8;80;"0~255";
;;;"[7:0]";;"r_pCPA[152][7:0]"
"0xab";01cb;"RW";8;80;"0~255";
;;;"[7:0]";;"r_pCPA[153][7:0]"
"0xac";01cc;"RW";8;80;"0~255";
;;;"[7:0]";;"r_pCPA[154][7:0]"
"0xad";01cd;"RW";8;80;"0~255";
;;;"[7:0]";;"r_pCPA[155][7:0]"
"0xae";01ce;"RW";8;80;"0~255";
;;;"[7:0]";;"r_pCPA[156][7:0]"
"0xaf";01cf;"RW";8;80;"0~255";
;;;"[7:0]";;"r_pCPA[157][7:0]"
"0xb0";01d0;"RW";8;80;"0~255";
;;;"[7:0]";;"r_pCPA[158][7:0]"
"0xb1";01d1;"RW";8;80;"0~255";
;;;"[7:0]";;"r_pCPA[159][7:0]"
"0xb2";01d2;"RW";8;80;"0~255";
;;;"[7:0]";;"r_pCPA[160][7:0]"
"0xb3";01d3;"RW";8;80;"0~255";
;;;"[7:0]";;"r_pCPA[161][7:0]"
"0xb4";01d4;"RW";8;80;"0~255";
;;;"[7:0]";;"r_pCPA[162][7:0]"
"0xb5";01d5;"RW";8;80;"0~255";
;;;"[7:0]";;"r_pCPA[163][7:0]"
"0xb6";01d6;"RW";8;80;"0~255";
;;;"[7:0]";;"r_pCPA[164][7:0]"
"0xb7";01d7;"RW";8;80;"0~255";
;;;"[7:0]";;"r_pCPA[165][7:0]"
"0xb8";01d8;"RW";8;80;"0~255";
;;;"[7:0]";;"r_pCPA[166][7:0]"
"0xb9";01d9;"RW";8;80;"0~255";
;;;"[7:0]";;"r_pCPA[167][7:0]"
"0xba";01da;"RW";8;80;"0~255";
;;;"[7:0]";;"r_pCPA[168][7:0]"
"0xbb";01db;"RW";8;80;"0~255";
;;;"[7:0]";;"r_pCPA[169][7:0]"
"0xbc";01dc;"RW";8;80;"0~255";
;;;"[7:0]";;"r_pCPA[170][7:0]"
"0xbd";01dd;"RW";8;80;"0~255";
;;;"[7:0]";;"r_pCPA[171][7:0]"
"0xbe";01de;"RW";8;80;"0~255";
;;;"[7:0]";;"r_pCPA[172][7:0]"
"0xbf";01df;"RW";8;80;"0~255";
;;;"[7:0]";;"r_pCPA[173][7:0]"
"0xc0";01e0;"RW";8;80;"0~255";
;;;"[7:0]";;"r_pCPA[174][7:0]"
"0xc1";01e1;"RW";8;80;"0~255";
;;;"[7:0]";;"r_pCPA[175][7:0]"
"0xc2";01e2;"RW";8;80;"0~255";
;;;"[7:0]";;"r_pCPA[176][7:0]"
"0xc3";01e3;"RW";8;80;"0~255";
;;;"[7:0]";;"r_pCPA[177][7:0]"
"0xc4";01e4;"RW";8;80;"0~255";
;;;"[7:0]";;"r_pCPA[178][7:0]"
"0xc5";01e5;"RW";8;80;"0~255";
;;;"[7:0]";;"r_pCPA[179][7:0]"
"0xc6";01e6;"RW";8;80;"0~255";
;;;"[7:0]";;"r_pCPA[180][7:0]"
"0xc7";01e7;"RW";8;80;"0~255";
;;;"[7:0]";;"r_pCPA[181][7:0]"
"0xc8";01e8;"RW";8;80;"0~255";
;;;"[7:0]";;"r_pCPA[182][7:0]"
"0xc9";01e9;"RW";8;80;"0~255";
;;;"[7:0]";;"r_pCPA[183][7:0]"
"0xca";01ea;"RW";8;80;"0~255";
;;;"[7:0]";;"r_pCPA[184][7:0]"
"0xcb";01eb;"RW";8;80;"0~255";
;;;"[7:0]";;"r_pCPA[185][7:0]"
"0xcc";01ec;"RW";8;80;"0~255";
;;;"[7:0]";;"r_pCPA[186][7:0]"
"0xcd";01ed;"RW";8;80;"0~255";
;;;"[7:0]";;"r_pCPA[187][7:0]"
"0xce";01ee;"RW";8;80;"0~255";
;;;"[7:0]";;"r_pCPA[188][7:0]"
"0xcf";01ef;"RW";8;80;"0~255";
;;;"[7:0]";;"r_pCPA[189][7:0]"
"0xd0";01f0;"RW";8;80;"0~255";
;;;"[7:0]";;"r_pCPA[190][7:0]"
"0xd1";01f1;"RW";8;80;"0~255";
;;;"[7:0]";;"r_pCPA[191][7:0]"
"0xd2";01f2;"RW";8;80;"0~255";
;;;"[7:0]";;"r_pCPA[192][7:0]"
"0xd3";01f3;"RW";8;80;"0~255";
;;;"[7:0]";;"r_pCPA[193][7:0]"
"0xd4";01f4;"RW";8;80;"0~255";
;;;"[7:0]";;"r_pCPA[194][7:0]"
"0xd5";01f5;"RW";8;80;"0~255";
;;;"[7:0]";;"r_pCPA[195][7:0]"
"0xd6";01f6;"RW";8;80;"0~255";
;;;"[7:0]";;"r_pCPA[196][7:0]"
"0xd7";01f7;"RW";8;80;"0~255";
;;;"[7:0]";;"r_pCPA[197][7:0]"
"0xd8";01f8;"RW";8;80;"0~255";
;;;"[7:0]";;"r_pCPA[198][7:0]"
"0xd9";01f9;"RW";8;80;"0~255";
;;;"[7:0]";;"r_pCPA[199][7:0]"
"0xda";01fa;"RW";8;80;"0~255";
;;;"[7:0]";;"r_pCPA[200][7:0]"
"0xdb";01fb;"RW";8;80;"0~255";
;;;"[7:0]";;"r_pCPA[201][7:0]"
"0xdc";01fc;"RW";8;80;"0~255";
;;;"[7:0]";;"r_pCPA[202][7:0]"
"0xdd";01fd;"RW";8;80;"0~255";
;;;"[7:0]";;"r_pCPA[203][7:0]"
"0xde";01fe;"RW";8;80;"0~255";
;;;"[7:0]";;"r_pCPA[204][7:0]"
"0xdf";01ff;"RW";8;80;"0~255";
;;;"[7:0]";;"r_pCPA[205][7:0]"
"0xe0";0200;"RW";8;80;"0~255";
;;;"[7:0]";;"r_pCPA[206][7:0]"
"0xe1";0201;"RW";8;80;"0~255";
;;;"[7:0]";;"r_pCPA[207][7:0]"
"0xe2";0202;"RW";8;80;"0~255";
;;;"[7:0]";;"r_pCPA[208][7:0]"
"0xe3";0203;"RW";8;80;"0~255";
;;;"[7:0]";;"r_pCPA[209][7:0]"
"0xe4";0204;"RW";8;80;"0~255";
;;;"[7:0]";;"r_pCPA[210][7:0]"
"0xe5";0205;"RW";8;80;"0~255";
;;;"[7:0]";;"r_pCPA[211][7:0]"
"0xe6";0206;"RW";8;80;"0~255";
;;;"[7:0]";;"r_pCPA[212][7:0]"
"0xe7";0207;"RW";8;80;"0~255";
;;;"[7:0]";;"r_pCPA[213][7:0]"
"0xe8";0208;"RW";8;80;"0~255";
;;;"[7:0]";;"r_pCPA[214][7:0]"
"0xe9";0209;"RW";8;80;"0~255";
;;;"[7:0]";;"r_pCPA[215][7:0]"
"0xea";020a;"RW";8;80;"0~255";
;;;"[7:0]";;"r_pCPA[216][7:0]"
"0xeb";020b;"RW";8;80;"0~255";
;;;"[7:0]";;"r_pCPA[217][7:0]"
"0xec";020c;"RW";8;80;"0~255";
;;;"[7:0]";;"r_pCPA[218][7:0]"
"0xed";020d;"RW";8;80;"0~255";
;;;"[7:0]";;"r_pCPA[219][7:0]"
"0xee";020e;"RW";8;80;"0~255";
;;;"[7:0]";;"r_pCPA[220][7:0]"
"0xef";020f;"RW";8;80;"0~255";
;;;"[7:0]";;"r_pCPA[221][7:0]"
"0xf0";0210;"RW";8;80;"0~255";
;;;"[7:0]";;"r_pCPA[222][7:0]"
"0xf1";0211;"RW";8;80;"0~255";
;;;"[7:0]";;"r_pCPA[223][7:0]"
"0xf2";0212;"RW";8;80;"0~255";
;;;"[7:0]";;"r_pCPA[224][7:0]"
"0xf3";0213;"RW";8;80;"0~255";
;;;"[7:0]";;"r_pCPA[225][7:0]"
"0xf4";0214;"RW";8;80;"0~255";
;;;"[7:0]";;"r_pCPA[226][7:0]"
"0xf5";0215;"RW";8;80;"0~255";
;;;"[7:0]";;"r_pCPA[227][7:0]"
"0xf6";0216;"RW";8;80;"0~255";
;;;"[7:0]";;"r_pCPA[228][7:0]"
"0xf7";0217;"RW";8;80;"0~255";
;;;"[7:0]";;"r_pCPA[229][7:0]"
"0xf8";0218;"RW";8;80;"0~255";
;;;"[7:0]";;"r_pCPA[230][7:0]"
"0xf9";0219;"RW";8;80;"0~255";
;;;"[7:0]";;"r_pCPA[231][7:0]"
"0xfa";021a;"RW";8;80;"0~255";
;;;"[7:0]";;"r_pCPA[232][7:0]"
"0xfb";021b;"RW";8;80;"0~255";
;;;"[7:0]";;"r_pCPA[233][7:0]"
"0xfc";021c;"RW";8;80;"0~255";
;;;"[7:0]";;"r_pCPA[234][7:0]"
"0xfd";021d;"RW";8;80;"0~255";
;;;"[7:0]";;"r_pCPA[235][7:0]"
"0xfe";021e;"RW";8;80;"0~255";
;;;"[7:0]";;"r_pCPA[236][7:0]"
"0xff";021f;"RW";8;80;"0~255";
;;;"[7:0]";;"r_pCPA[237][7:0]"
"0x100";0220;"RW";8;80;"0~255";
;;;"[7:0]";;"r_pCPA[238][7:0]"
"0x101";0221;"RW";8;80;"0~255";
;;;"[7:0]";;"r_pCPA[239][7:0]"
"0x102";0222;"RW";8;0;"0~255";
;;;"[7:0]";;"r_pCPM[0][7:0]"
"0x103";0223;"RW";8;0;"0~255";
;;;"[7:0]";;"r_pCPM[1][7:0]"
"0x104";0224;"RW";8;0;"0~255";
;;;"[7:0]";;"r_pCPM[2][7:0]"
"0x105";0225;"RW";8;0;"0~255";
;;;"[7:0]";;"r_pCPM[3][7:0]"
"0x106";0226;"RW";8;0;"0~255";
;;;"[7:0]";;"r_pCPM[4][7:0]"
"0x107";0227;"RW";8;0;"0~255";
;;;"[7:0]";;"r_pCPM[5][7:0]"
"0x108";0228;"RW";8;0;"0~255";
;;;"[7:0]";;"r_pCPM[6][7:0]"
"0x109";0229;"RW";8;0;"0~255";
;;;"[7:0]";;"r_pCPM[7][7:0]"
"0x10a";022a;"RW";8;0;"0~255";
;;;"[7:0]";;"r_pCPM[8][7:0]"
"0x10b";022b;"RW";8;0;"0~255";
;;;"[7:0]";;"r_pCPM[9][7:0]"
"0x10c";022c;"RW";8;0;"0~255";
;;;"[7:0]";;"r_pCPM[10][7:0]"
"0x10d";022d;"RW";8;0;"0~255";
;;;"[7:0]";;"r_pCPM[11][7:0]"
"0x10e";022e;"RW";8;0;"0~255";
;;;"[7:0]";;"r_pCPM[12][7:0]"
"0x10f";022f;"RW";8;0;"0~255";
;;;"[7:0]";;"r_pCPM[13][7:0]"
"0x110";0230;"RW";8;0;"0~255";
;;;"[7:0]";;"r_pCPM[14][7:0]"
"0x111";0231;"RW";8;0;"0~255";
;;;"[7:0]";;"r_pCPM[15][7:0]"
"0x112";0232;"RW";8;0;"0~255";
;;;"[7:0]";;"r_pCPM[16][7:0]"
"0x113";0233;"RW";8;0;"0~255";
;;;"[7:0]";;"r_pCPM[17][7:0]"
"0x114";0234;"RW";8;0;"0~255";
;;;"[7:0]";;"r_pCPM[18][7:0]"
"0x115";0235;"RW";8;0;"0~255";
;;;"[7:0]";;"r_pCPM[19][7:0]"
"0x116";0236;"RW";8;0;"0~255";
;;;"[7:0]";;"r_pCPM[20][7:0]"
"0x117";0237;"RW";8;0;"0~255";
;;;"[7:0]";;"r_pCPM[21][7:0]"
"0x118";0238;"RW";8;0;"0~255";
;;;"[7:0]";;"r_pCPM[22][7:0]"
"0x119";0239;"RW";8;0;"0~255";
;;;"[7:0]";;"r_pCPM[23][7:0]"
"0x11a";023a;"RW";8;0;"0~255";
;;;"[7:0]";;"r_pCPM[24][7:0]"
"0x11b";023b;"RW";8;0;"0~255";
;;;"[7:0]";;"r_pCPM[25][7:0]"
"0x11c";023c;"RW";8;0;"0~255";
;;;"[7:0]";;"r_pCPM[26][7:0]"
"0x11d";023d;"RW";8;0;"0~255";
;;;"[7:0]";;"r_pCPM[27][7:0]"
"0x11e";023e;"RW";8;0;"0~255";
;;;"[7:0]";;"r_pCPM[28][7:0]"
"0x11f";023f;"RW";8;0;"0~255";
;;;"[7:0]";;"r_pCPM[29][7:0]"
"0x120";0240;"RW";8;0;"0~255";
;;;"[7:0]";;"r_pCPM[30][7:0]"
"0x121";0241;"RW";8;0;"0~255";
;;;"[7:0]";;"r_pCPM[31][7:0]"
"0x122";0242;"RW";8;0;"0~255";
;;;"[7:0]";;"r_pCPM[32][7:0]"
"0x123";0243;"RW";8;0;"0~255";
;;;"[7:0]";;"r_pCPM[33][7:0]"
"0x124";0244;"RW";8;0;"0~255";
;;;"[7:0]";;"r_pCPM[34][7:0]"
"0x125";0245;"RW";8;0;"0~255";
;;;"[7:0]";;"r_pCPM[35][7:0]"
"0x126";0246;"RW";8;0;"0~255";
;;;"[7:0]";;"r_pCPM[36][7:0]"
"0x127";0247;"RW";8;0;"0~255";
;;;"[7:0]";;"r_pCPM[37][7:0]"
"0x128";0248;"RW";8;0;"0~255";
;;;"[7:0]";;"r_pCPM[38][7:0]"
"0x129";0249;"RW";8;0;"0~255";
;;;"[7:0]";;"r_pCPM[39][7:0]"
"0x12a";024a;"RW";8;0;"0~255";
;;;"[7:0]";;"r_pCPM[40][7:0]"
"0x12b";024b;"RW";8;0;"0~255";
;;;"[7:0]";;"r_pCPM[41][7:0]"
"0x12c";024c;"RW";8;0;"0~255";
;;;"[7:0]";;"r_pCPM[42][7:0]"
"0x12d";024d;"RW";8;0;"0~255";
;;;"[7:0]";;"r_pCPM[43][7:0]"
"0x12e";024e;"RW";8;0;"0~255";
;;;"[7:0]";;"r_pCPM[44][7:0]"
"0x12f";024f;"RW";8;0;"0~255";
;;;"[7:0]";;"r_pCPM[45][7:0]"
"0x130";0250;"RW";8;0;"0~255";
;;;"[7:0]";;"r_pCPM[46][7:0]"
"0x131";0251;"RW";8;0;"0~255";
;;;"[7:0]";;"r_pCPM[47][7:0]"
"0x132";0252;"RW";8;0;"0~255";
;;;"[7:0]";;"r_pCPM[48][7:0]"
"0x133";0253;"RW";8;0;"0~255";
;;;"[7:0]";;"r_pCPM[49][7:0]"
"0x134";0254;"RW";8;0;"0~255";
;;;"[7:0]";;"r_pCPM[50][7:0]"
"0x135";0255;"RW";8;0;"0~255";
;;;"[7:0]";;"r_pCPM[51][7:0]"
"0x136";0256;"RW";8;0;"0~255";
;;;"[7:0]";;"r_pCPM[52][7:0]"
"0x137";0257;"RW";8;0;"0~255";
;;;"[7:0]";;"r_pCPM[53][7:0]"
"0x138";0258;"RW";8;0;"0~255";
;;;"[7:0]";;"r_pCPM[54][7:0]"
"0x139";0259;"RW";8;0;"0~255";
;;;"[7:0]";;"r_pCPM[55][7:0]"
"0x13a";025a;"RW";8;0;"0~255";
;;;"[7:0]";;"r_pCPM[56][7:0]"
"0x13b";025b;"RW";8;0;"0~255";
;;;"[7:0]";;"r_pCPM[57][7:0]"
"0x13c";025c;"RW";8;0;"0~255";
;;;"[7:0]";;"r_pCPM[58][7:0]"
"0x13d";025d;"RW";8;0;"0~255";
;;;"[7:0]";;"r_pCPM[59][7:0]"
"0x13e";025e;"RW";8;0;"0~255";
;;;"[7:0]";;"r_pCPM[60][7:0]"
"0x13f";025f;"RW";8;0;"0~255";
;;;"[7:0]";;"r_pCPM[61][7:0]"
"0x140";0260;"RW";8;0;"0~255";
;;;"[7:0]";;"r_pCPM[62][7:0]"
"0x141";0261;"RW";8;0;"0~255";
;;;"[7:0]";;"r_pCPM[63][7:0]"
"0x142";0262;"RW";8;0;"0~255";
;;;"[7:0]";;"r_pCPM[64][7:0]"
"0x143";0263;"RW";8;0;"0~255";
;;;"[7:0]";;"r_pCPM[65][7:0]"
"0x144";0264;"RW";8;0;"0~255";
;;;"[7:0]";;"r_pCPM[66][7:0]"
"0x145";0265;"RW";8;0;"0~255";
;;;"[7:0]";;"r_pCPM[67][7:0]"
"0x146";0266;"RW";8;0;"0~255";
;;;"[7:0]";;"r_pCPM[68][7:0]"
"0x147";0267;"RW";8;0;"0~255";
;;;"[7:0]";;"r_pCPM[69][7:0]"
"0x148";0268;"RW";8;0;"0~255";
;;;"[7:0]";;"r_pCPM[70][7:0]"
"0x149";0269;"RW";8;0;"0~255";
;;;"[7:0]";;"r_pCPM[71][7:0]"
"0x14a";026a;"RW";8;0;"0~255";
;;;"[7:0]";;"r_pCPM[72][7:0]"
"0x14b";026b;"RW";8;0;"0~255";
;;;"[7:0]";;"r_pCPM[73][7:0]"
"0x14c";026c;"RW";8;0;"0~255";
;;;"[7:0]";;"r_pCPM[74][7:0]"
"0x14d";026d;"RW";8;0;"0~255";
;;;"[7:0]";;"r_pCPM[75][7:0]"
"0x14e";026e;"RW";8;0;"0~255";
;;;"[7:0]";;"r_pCPM[76][7:0]"
"0x14f";026f;"RW";8;0;"0~255";
;;;"[7:0]";;"r_pCPM[77][7:0]"
"0x150";0270;"RW";8;0;"0~255";
;;;"[7:0]";;"r_pCPM[78][7:0]"
"0x151";0271;"RW";8;0;"0~255";
;;;"[7:0]";;"r_pCPM[79][7:0]"
"0x152";0272;"RW";8;80;"0~255";
;;;"[7:0]";;"r_pCPM[80][7:0]"
"0x153";0273;"RW";8;80;"0~255";
;;;"[7:0]";;"r_pCPM[81][7:0]"
"0x154";0274;"RW";8;80;"0~255";
;;;"[7:0]";;"r_pCPM[82][7:0]"
"0x155";0275;"RW";8;80;"0~255";
;;;"[7:0]";;"r_pCPM[83][7:0]"
"0x156";0276;"RW";8;80;"0~255";
;;;"[7:0]";;"r_pCPM[84][7:0]"
"0x157";0277;"RW";8;80;"0~255";
;;;"[7:0]";;"r_pCPM[85][7:0]"
"0x158";0278;"RW";8;80;"0~255";
;;;"[7:0]";;"r_pCPM[86][7:0]"
"0x159";0279;"RW";8;80;"0~255";
;;;"[7:0]";;"r_pCPM[87][7:0]"
"0x15a";027a;"RW";8;80;"0~255";
;;;"[7:0]";;"r_pCPM[88][7:0]"
"0x15b";027b;"RW";8;80;"0~255";
;;;"[7:0]";;"r_pCPM[89][7:0]"
"0x15c";027c;"RW";8;80;"0~255";
;;;"[7:0]";;"r_pCPM[90][7:0]"
"0x15d";027d;"RW";8;80;"0~255";
;;;"[7:0]";;"r_pCPM[91][7:0]"
"0x15e";027e;"RW";8;80;"0~255";
;;;"[7:0]";;"r_pCPM[92][7:0]"
"0x15f";027f;"RW";8;80;"0~255";
;;;"[7:0]";;"r_pCPM[93][7:0]"
"0x160";0280;"RW";8;80;"0~255";
;;;"[7:0]";;"r_pCPM[94][7:0]"
"0x161";0281;"RW";8;80;"0~255";
;;;"[7:0]";;"r_pCPM[95][7:0]"
"0x162";0282;"RW";8;80;"0~255";
;;;"[7:0]";;"r_pCPM[96][7:0]"
"0x163";0283;"RW";8;80;"0~255";
;;;"[7:0]";;"r_pCPM[97][7:0]"
"0x164";0284;"RW";8;80;"0~255";
;;;"[7:0]";;"r_pCPM[98][7:0]"
"0x165";0285;"RW";8;80;"0~255";
;;;"[7:0]";;"r_pCPM[99][7:0]"
"0x166";0286;"RW";8;80;"0~255";
;;;"[7:0]";;"r_pCPM[100][7:0]"
"0x167";0287;"RW";8;80;"0~255";
;;;"[7:0]";;"r_pCPM[101][7:0]"
"0x168";0288;"RW";8;80;"0~255";
;;;"[7:0]";;"r_pCPM[102][7:0]"
"0x169";0289;"RW";8;80;"0~255";
;;;"[7:0]";;"r_pCPM[103][7:0]"
"0x16a";028a;"RW";8;80;"0~255";
;;;"[7:0]";;"r_pCPM[104][7:0]"
"0x16b";028b;"RW";8;80;"0~255";
;;;"[7:0]";;"r_pCPM[105][7:0]"
"0x16c";028c;"RW";8;80;"0~255";
;;;"[7:0]";;"r_pCPM[106][7:0]"
"0x16d";028d;"RW";8;80;"0~255";
;;;"[7:0]";;"r_pCPM[107][7:0]"
"0x16e";028e;"RW";8;80;"0~255";
;;;"[7:0]";;"r_pCPM[108][7:0]"
"0x16f";028f;"RW";8;80;"0~255";
;;;"[7:0]";;"r_pCPM[109][7:0]"
"0x170";0290;"RW";8;80;"0~255";
;;;"[7:0]";;"r_pCPM[110][7:0]"
"0x171";0291;"RW";8;80;"0~255";
;;;"[7:0]";;"r_pCPM[111][7:0]"
"0x172";0292;"RW";8;80;"0~255";
;;;"[7:0]";;"r_pCPM[112][7:0]"
"0x173";0293;"RW";8;80;"0~255";
;;;"[7:0]";;"r_pCPM[113][7:0]"
"0x174";0294;"RW";8;80;"0~255";
;;;"[7:0]";;"r_pCPM[114][7:0]"
"0x175";0295;"RW";8;80;"0~255";
;;;"[7:0]";;"r_pCPM[115][7:0]"
"0x176";0296;"RW";8;80;"0~255";
;;;"[7:0]";;"r_pCPM[116][7:0]"
"0x177";0297;"RW";8;80;"0~255";
;;;"[7:0]";;"r_pCPM[117][7:0]"
"0x178";0298;"RW";8;80;"0~255";
;;;"[7:0]";;"r_pCPM[118][7:0]"
"0x179";0299;"RW";8;80;"0~255";
;;;"[7:0]";;"r_pCPM[119][7:0]"
"0x17a";029a;"RW";8;80;"0~255";
;;;"[7:0]";;"r_pCPM[120][7:0]"
"0x17b";029b;"RW";8;80;"0~255";
;;;"[7:0]";;"r_pCPM[121][7:0]"
"0x17c";029c;"RW";8;80;"0~255";
;;;"[7:0]";;"r_pCPM[122][7:0]"
"0x17d";029d;"RW";8;80;"0~255";
;;;"[7:0]";;"r_pCPM[123][7:0]"
"0x17e";029e;"RW";8;80;"0~255";
;;;"[7:0]";;"r_pCPM[124][7:0]"
"0x17f";029f;"RW";8;80;"0~255";
;;;"[7:0]";;"r_pCPM[125][7:0]"
"0x180";02a0;"RW";8;80;"0~255";
;;;"[7:0]";;"r_pCPM[126][7:0]"
"0x181";02a1;"RW";8;80;"0~255";
;;;"[7:0]";;"r_pCPM[127][7:0]"
"0x182";02a2;"RW";8;80;"0~255";
;;;"[7:0]";;"r_pCPM[128][7:0]"
"0x183";02a3;"RW";8;80;"0~255";
;;;"[7:0]";;"r_pCPM[129][7:0]"
"0x184";02a4;"RW";8;80;"0~255";
;;;"[7:0]";;"r_pCPM[130][7:0]"
"0x185";02a5;"RW";8;80;"0~255";
;;;"[7:0]";;"r_pCPM[131][7:0]"
"0x186";02a6;"RW";8;80;"0~255";
;;;"[7:0]";;"r_pCPM[132][7:0]"
"0x187";02a7;"RW";8;80;"0~255";
;;;"[7:0]";;"r_pCPM[133][7:0]"
"0x188";02a8;"RW";8;80;"0~255";
;;;"[7:0]";;"r_pCPM[134][7:0]"
"0x189";02a9;"RW";8;80;"0~255";
;;;"[7:0]";;"r_pCPM[135][7:0]"
"0x18a";02aa;"RW";8;80;"0~255";
;;;"[7:0]";;"r_pCPM[136][7:0]"
"0x18b";02ab;"RW";8;80;"0~255";
;;;"[7:0]";;"r_pCPM[137][7:0]"
"0x18c";02ac;"RW";8;80;"0~255";
;;;"[7:0]";;"r_pCPM[138][7:0]"
"0x18d";02ad;"RW";8;80;"0~255";
;;;"[7:0]";;"r_pCPM[139][7:0]"
"0x18e";02ae;"RW";8;80;"0~255";
;;;"[7:0]";;"r_pCPM[140][7:0]"
"0x18f";02af;"RW";8;80;"0~255";
;;;"[7:0]";;"r_pCPM[141][7:0]"
"0x190";02b0;"RW";8;80;"0~255";
;;;"[7:0]";;"r_pCPM[142][7:0]"
"0x191";02b1;"RW";8;80;"0~255";
;;;"[7:0]";;"r_pCPM[143][7:0]"
"0x192";02b2;"RW";8;80;"0~255";
;;;"[7:0]";;"r_pCPM[144][7:0]"
"0x193";02b3;"RW";8;80;"0~255";
;;;"[7:0]";;"r_pCPM[145][7:0]"
"0x194";02b4;"RW";8;80;"0~255";
;;;"[7:0]";;"r_pCPM[146][7:0]"
"0x195";02b5;"RW";8;80;"0~255";
;;;"[7:0]";;"r_pCPM[147][7:0]"
"0x196";02b6;"RW";8;80;"0~255";
;;;"[7:0]";;"r_pCPM[148][7:0]"
"0x197";02b7;"RW";8;80;"0~255";
;;;"[7:0]";;"r_pCPM[149][7:0]"
"0x198";02b8;"RW";8;80;"0~255";
;;;"[7:0]";;"r_pCPM[150][7:0]"
"0x199";02b9;"RW";8;80;"0~255";
;;;"[7:0]";;"r_pCPM[151][7:0]"
"0x19a";02ba;"RW";8;80;"0~255";
;;;"[7:0]";;"r_pCPM[152][7:0]"
"0x19b";02bb;"RW";8;80;"0~255";
;;;"[7:0]";;"r_pCPM[153][7:0]"
"0x19c";02bc;"RW";8;80;"0~255";
;;;"[7:0]";;"r_pCPM[154][7:0]"
"0x19d";02bd;"RW";8;80;"0~255";
;;;"[7:0]";;"r_pCPM[155][7:0]"
"0x19e";02be;"RW";8;80;"0~255";
;;;"[7:0]";;"r_pCPM[156][7:0]"
"0x19f";02bf;"RW";8;80;"0~255";
;;;"[7:0]";;"r_pCPM[157][7:0]"
"0x1a0";02c0;"RW";8;80;"0~255";
;;;"[7:0]";;"r_pCPM[158][7:0]"
"0x1a1";02c1;"RW";8;80;"0~255";
;;;"[7:0]";;"r_pCPM[159][7:0]"
"0x1a2";02c2;"RW";8;80;"0~255";
;;;"[7:0]";;"r_pCPM[160][7:0]"
"0x1a3";02c3;"RW";8;80;"0~255";
;;;"[7:0]";;"r_pCPM[161][7:0]"
"0x1a4";02c4;"RW";8;80;"0~255";
;;;"[7:0]";;"r_pCPM[162][7:0]"
"0x1a5";02c5;"RW";8;80;"0~255";
;;;"[7:0]";;"r_pCPM[163][7:0]"
"0x1a6";02c6;"RW";8;80;"0~255";
;;;"[7:0]";;"r_pCPM[164][7:0]"
"0x1a7";02c7;"RW";8;80;"0~255";
;;;"[7:0]";;"r_pCPM[165][7:0]"
"0x1a8";02c8;"RW";8;80;"0~255";
;;;"[7:0]";;"r_pCPM[166][7:0]"
"0x1a9";02c9;"RW";8;80;"0~255";
;;;"[7:0]";;"r_pCPM[167][7:0]"
"0x1aa";02ca;"RW";8;80;"0~255";
;;;"[7:0]";;"r_pCPM[168][7:0]"
"0x1ab";02cb;"RW";8;80;"0~255";
;;;"[7:0]";;"r_pCPM[169][7:0]"
"0x1ac";02cc;"RW";8;80;"0~255";
;;;"[7:0]";;"r_pCPM[170][7:0]"
"0x1ad";02cd;"RW";8;80;"0~255";
;;;"[7:0]";;"r_pCPM[171][7:0]"
"0x1ae";02ce;"RW";8;80;"0~255";
;;;"[7:0]";;"r_pCPM[172][7:0]"
"0x1af";02cf;"RW";8;80;"0~255";
;;;"[7:0]";;"r_pCPM[173][7:0]"
"0x1b0";02d0;"RW";8;80;"0~255";
;;;"[7:0]";;"r_pCPM[174][7:0]"
"0x1b1";02d1;"RW";8;80;"0~255";
;;;"[7:0]";;"r_pCPM[175][7:0]"
"0x1b2";02d2;"RW";8;80;"0~255";
;;;"[7:0]";;"r_pCPM[176][7:0]"
"0x1b3";02d3;"RW";8;80;"0~255";
;;;"[7:0]";;"r_pCPM[177][7:0]"
"0x1b4";02d4;"RW";8;80;"0~255";
;;;"[7:0]";;"r_pCPM[178][7:0]"
"0x1b5";02d5;"RW";8;80;"0~255";
;;;"[7:0]";;"r_pCPM[179][7:0]"
"0x1b6";02d6;"RW";8;80;"0~255";
;;;"[7:0]";;"r_pCPM[180][7:0]"
"0x1b7";02d7;"RW";8;80;"0~255";
;;;"[7:0]";;"r_pCPM[181][7:0]"
"0x1b8";02d8;"RW";8;80;"0~255";
;;;"[7:0]";;"r_pCPM[182][7:0]"
"0x1b9";02d9;"RW";8;80;"0~255";
;;;"[7:0]";;"r_pCPM[183][7:0]"
"0x1ba";02da;"RW";8;80;"0~255";
;;;"[7:0]";;"r_pCPM[184][7:0]"
"0x1bb";02db;"RW";8;80;"0~255";
;;;"[7:0]";;"r_pCPM[185][7:0]"
"0x1bc";02dc;"RW";8;80;"0~255";
;;;"[7:0]";;"r_pCPM[186][7:0]"
"0x1bd";02dd;"RW";8;80;"0~255";
;;;"[7:0]";;"r_pCPM[187][7:0]"
"0x1be";02de;"RW";8;80;"0~255";
;;;"[7:0]";;"r_pCPM[188][7:0]"
"0x1bf";02df;"RW";8;80;"0~255";
;;;"[7:0]";;"r_pCPM[189][7:0]"
"0x1c0";02e0;"RW";8;80;"0~255";
;;;"[7:0]";;"r_pCPM[190][7:0]"
"0x1c1";02e1;"RW";8;80;"0~255";
;;;"[7:0]";;"r_pCPM[191][7:0]"
"0x1c2";02e2;"RW";8;80;"0~255";
;;;"[7:0]";;"r_pCPM[192][7:0]"
"0x1c3";02e3;"RW";8;80;"0~255";
;;;"[7:0]";;"r_pCPM[193][7:0]"
"0x1c4";02e4;"RW";8;80;"0~255";
;;;"[7:0]";;"r_pCPM[194][7:0]"
"0x1c5";02e5;"RW";8;80;"0~255";
;;;"[7:0]";;"r_pCPM[195][7:0]"
"0x1c6";02e6;"RW";8;80;"0~255";
;;;"[7:0]";;"r_pCPM[196][7:0]"
"0x1c7";02e7;"RW";8;80;"0~255";
;;;"[7:0]";;"r_pCPM[197][7:0]"
"0x1c8";02e8;"RW";8;80;"0~255";
;;;"[7:0]";;"r_pCPM[198][7:0]"
"0x1c9";02e9;"RW";8;80;"0~255";
;;;"[7:0]";;"r_pCPM[199][7:0]"
"0x1ca";02ea;"RW";8;80;"0~255";
;;;"[7:0]";;"r_pCPM[200][7:0]"
"0x1cb";02eb;"RW";8;80;"0~255";
;;;"[7:0]";;"r_pCPM[201][7:0]"
"0x1cc";02ec;"RW";8;80;"0~255";
;;;"[7:0]";;"r_pCPM[202][7:0]"
"0x1cd";02ed;"RW";8;80;"0~255";
;;;"[7:0]";;"r_pCPM[203][7:0]"
"0x1ce";02ee;"RW";8;80;"0~255";
;;;"[7:0]";;"r_pCPM[204][7:0]"
"0x1cf";02ef;"RW";8;80;"0~255";
;;;"[7:0]";;"r_pCPM[205][7:0]"
"0x1d0";02f0;"RW";8;80;"0~255";
;;;"[7:0]";;"r_pCPM[206][7:0]"
"0x1d1";02f1;"RW";8;80;"0~255";
;;;"[7:0]";;"r_pCPM[207][7:0]"
"0x1d2";02f2;"RW";8;80;"0~255";
;;;"[7:0]";;"r_pCPM[208][7:0]"
"0x1d3";02f3;"RW";8;80;"0~255";
;;;"[7:0]";;"r_pCPM[209][7:0]"
"0x1d4";02f4;"RW";8;80;"0~255";
;;;"[7:0]";;"r_pCPM[210][7:0]"
"0x1d5";02f5;"RW";8;80;"0~255";
;;;"[7:0]";;"r_pCPM[211][7:0]"
"0x1d6";02f6;"RW";8;80;"0~255";
;;;"[7:0]";;"r_pCPM[212][7:0]"
"0x1d7";02f7;"RW";8;80;"0~255";
;;;"[7:0]";;"r_pCPM[213][7:0]"
"0x1d8";02f8;"RW";8;80;"0~255";
;;;"[7:0]";;"r_pCPM[214][7:0]"
"0x1d9";02f9;"RW";8;80;"0~255";
;;;"[7:0]";;"r_pCPM[215][7:0]"
"0x1da";02fa;"RW";8;80;"0~255";
;;;"[7:0]";;"r_pCPM[216][7:0]"
"0x1db";02fb;"RW";8;80;"0~255";
;;;"[7:0]";;"r_pCPM[217][7:0]"
"0x1dc";02fc;"RW";8;80;"0~255";
;;;"[7:0]";;"r_pCPM[218][7:0]"
"0x1dd";02fd;"RW";8;80;"0~255";
;;;"[7:0]";;"r_pCPM[219][7:0]"
"0x1de";02fe;"RW";8;80;"0~255";
;;;"[7:0]";;"r_pCPM[220][7:0]"
"0x1df";02ff;"RW";8;80;"0~255";
;;;"[7:0]";;"r_pCPM[221][7:0]"
"0x1e0";0300;"RW";8;80;"0~255";
;;;"[7:0]";;"r_pCPM[222][7:0]"
"0x1e1";0301;"RW";8;80;"0~255";
;;;"[7:0]";;"r_pCPM[223][7:0]"
"0x1e2";0302;"RW";8;80;"0~255";
;;;"[7:0]";;"r_pCPM[224][7:0]"
"0x1e3";0303;"RW";8;80;"0~255";
;;;"[7:0]";;"r_pCPM[225][7:0]"
"0x1e4";0304;"RW";8;80;"0~255";
;;;"[7:0]";;"r_pCPM[226][7:0]"
"0x1e5";0305;"RW";8;80;"0~255";
;;;"[7:0]";;"r_pCPM[227][7:0]"
"0x1e6";0306;"RW";8;80;"0~255";
;;;"[7:0]";;"r_pCPM[228][7:0]"
"0x1e7";0307;"RW";8;80;"0~255";
;;;"[7:0]";;"r_pCPM[229][7:0]"
"0x1e8";0308;"RW";8;80;"0~255";
;;;"[7:0]";;"r_pCPM[230][7:0]"
"0x1e9";0309;"RW";8;80;"0~255";
;;;"[7:0]";;"r_pCPM[231][7:0]"
"0x1ea";030a;"RW";8;80;"0~255";
;;;"[7:0]";;"r_pCPM[232][7:0]"
"0x1eb";030b;"RW";8;80;"0~255";
;;;"[7:0]";;"r_pCPM[233][7:0]"
"0x1ec";030c;"RW";8;80;"0~255";
;;;"[7:0]";;"r_pCPM[234][7:0]"
"0x1ed";030d;"RW";8;80;"0~255";
;;;"[7:0]";;"r_pCPM[235][7:0]"
"0x1ee";030e;"RW";8;80;"0~255";
;;;"[7:0]";;"r_pCPM[236][7:0]"
"0x1ef";030f;"RW";8;80;"0~255";
;;;"[7:0]";;"r_pCPM[237][7:0]"
"0x1f0";0310;"RW";8;80;"0~255";
;;;"[7:0]";;"r_pCPM[238][7:0]"
"0x1f1";0311;"RW";8;80;"0~255";
;;;"[7:0]";;"r_pCPM[239][7:0]"
"0x1f2";0312;"RW";8;0;"0~255";
;;;"[7:0]";;"r_pCPD[0][7:0]"
"0x1f3";0313;"RW";8;0;"0~255";
;;;"[7:0]";;"r_pCPD[1][7:0]"
"0x1f4";0314;"RW";8;0;"0~255";
;;;"[7:0]";;"r_pCPD[2][7:0]"
"0x1f5";0315;"RW";8;0;"0~255";
;;;"[7:0]";;"r_pCPD[3][7:0]"
"0x1f6";0316;"RW";8;0;"0~255";
;;;"[7:0]";;"r_pCPD[4][7:0]"
"0x1f7";0317;"RW";8;0;"0~255";
;;;"[7:0]";;"r_pCPD[5][7:0]"
"0x1f8";0318;"RW";8;0;"0~255";
;;;"[7:0]";;"r_pCPD[6][7:0]"
"0x1f9";0319;"RW";8;0;"0~255";
;;;"[7:0]";;"r_pCPD[7][7:0]"
"0x1fa";031a;"RW";8;0;"0~255";
;;;"[7:0]";;"r_pCPD[8][7:0]"
"0x1fb";031b;"RW";8;0;"0~255";
;;;"[7:0]";;"r_pCPD[9][7:0]"
"0x1fc";031c;"RW";8;0;"0~255";
;;;"[7:0]";;"r_pCPD[10][7:0]"
"0x1fd";031d;"RW";8;0;"0~255";
;;;"[7:0]";;"r_pCPD[11][7:0]"
"0x1fe";031e;"RW";8;0;"0~255";
;;;"[7:0]";;"r_pCPD[12][7:0]"
"0x1ff";031f;"RW";8;0;"0~255";
;;;"[7:0]";;"r_pCPD[13][7:0]"
"0x200";0320;"RW";8;0;"0~255";
;;;"[7:0]";;"r_pCPD[14][7:0]"
"0x201";0321;"RW";8;0;"0~255";
;;;"[7:0]";;"r_pCPD[15][7:0]"
"0x202";0322;"RW";8;0;"0~255";
;;;"[7:0]";;"r_pCPD[16][7:0]"
"0x203";0323;"RW";8;0;"0~255";
;;;"[7:0]";;"r_pCPD[17][7:0]"
"0x204";0324;"RW";8;0;"0~255";
;;;"[7:0]";;"r_pCPD[18][7:0]"
"0x205";0325;"RW";8;0;"0~255";
;;;"[7:0]";;"r_pCPD[19][7:0]"
"0x206";0326;"RW";8;0;"0~255";
;;;"[7:0]";;"r_pCPD[20][7:0]"
"0x207";0327;"RW";8;0;"0~255";
;;;"[7:0]";;"r_pCPD[21][7:0]"
"0x208";0328;"RW";8;0;"0~255";
;;;"[7:0]";;"r_pCPD[22][7:0]"
"0x209";0329;"RW";8;0;"0~255";
;;;"[7:0]";;"r_pCPD[23][7:0]"
"0x20a";032a;"RW";8;0;"0~255";
;;;"[7:0]";;"r_pCPD[24][7:0]"
"0x20b";032b;"RW";8;0;"0~255";
;;;"[7:0]";;"r_pCPD[25][7:0]"
"0x20c";032c;"RW";8;0;"0~255";
;;;"[7:0]";;"r_pCPD[26][7:0]"
"0x20d";032d;"RW";8;0;"0~255";
;;;"[7:0]";;"r_pCPD[27][7:0]"
"0x20e";032e;"RW";8;0;"0~255";
;;;"[7:0]";;"r_pCPD[28][7:0]"
"0x20f";032f;"RW";8;0;"0~255";
;;;"[7:0]";;"r_pCPD[29][7:0]"
"0x210";0330;"RW";8;0;"0~255";
;;;"[7:0]";;"r_pCPD[30][7:0]"
"0x211";0331;"RW";8;0;"0~255";
;;;"[7:0]";;"r_pCPD[31][7:0]"
"0x212";0332;"RW";8;0;"0~255";
;;;"[7:0]";;"r_pCPD[32][7:0]"
"0x213";0333;"RW";8;0;"0~255";
;;;"[7:0]";;"r_pCPD[33][7:0]"
"0x214";0334;"RW";8;0;"0~255";
;;;"[7:0]";;"r_pCPD[34][7:0]"
"0x215";0335;"RW";8;0;"0~255";
;;;"[7:0]";;"r_pCPD[35][7:0]"
"0x216";0336;"RW";8;0;"0~255";
;;;"[7:0]";;"r_pCPD[36][7:0]"
"0x217";0337;"RW";8;0;"0~255";
;;;"[7:0]";;"r_pCPD[37][7:0]"
"0x218";0338;"RW";8;0;"0~255";
;;;"[7:0]";;"r_pCPD[38][7:0]"
"0x219";0339;"RW";8;0;"0~255";
;;;"[7:0]";;"r_pCPD[39][7:0]"
"0x21a";033a;"RW";8;0;"0~255";
;;;"[7:0]";;"r_pCPD[40][7:0]"
"0x21b";033b;"RW";8;0;"0~255";
;;;"[7:0]";;"r_pCPD[41][7:0]"
"0x21c";033c;"RW";8;0;"0~255";
;;;"[7:0]";;"r_pCPD[42][7:0]"
"0x21d";033d;"RW";8;0;"0~255";
;;;"[7:0]";;"r_pCPD[43][7:0]"
"0x21e";033e;"RW";8;0;"0~255";
;;;"[7:0]";;"r_pCPD[44][7:0]"
"0x21f";033f;"RW";8;0;"0~255";
;;;"[7:0]";;"r_pCPD[45][7:0]"
"0x220";0340;"RW";8;0;"0~255";
;;;"[7:0]";;"r_pCPD[46][7:0]"
"0x221";0341;"RW";8;0;"0~255";
;;;"[7:0]";;"r_pCPD[47][7:0]"
"0x222";0342;"RW";8;0;"0~255";
;;;"[7:0]";;"r_pCPD[48][7:0]"
"0x223";0343;"RW";8;0;"0~255";
;;;"[7:0]";;"r_pCPD[49][7:0]"
"0x224";0344;"RW";8;0;"0~255";
;;;"[7:0]";;"r_pCPD[50][7:0]"
"0x225";0345;"RW";8;0;"0~255";
;;;"[7:0]";;"r_pCPD[51][7:0]"
"0x226";0346;"RW";8;0;"0~255";
;;;"[7:0]";;"r_pCPD[52][7:0]"
"0x227";0347;"RW";8;0;"0~255";
;;;"[7:0]";;"r_pCPD[53][7:0]"
"0x228";0348;"RW";8;0;"0~255";
;;;"[7:0]";;"r_pCPD[54][7:0]"
"0x229";0349;"RW";8;0;"0~255";
;;;"[7:0]";;"r_pCPD[55][7:0]"
"0x22a";034a;"RW";8;0;"0~255";
;;;"[7:0]";;"r_pCPD[56][7:0]"
"0x22b";034b;"RW";8;0;"0~255";
;;;"[7:0]";;"r_pCPD[57][7:0]"
"0x22c";034c;"RW";8;0;"0~255";
;;;"[7:0]";;"r_pCPD[58][7:0]"
"0x22d";034d;"RW";8;0;"0~255";
;;;"[7:0]";;"r_pCPD[59][7:0]"
"0x22e";034e;"RW";8;0;"0~255";
;;;"[7:0]";;"r_pCPD[60][7:0]"
"0x22f";034f;"RW";8;0;"0~255";
;;;"[7:0]";;"r_pCPD[61][7:0]"
"0x230";0350;"RW";8;0;"0~255";
;;;"[7:0]";;"r_pCPD[62][7:0]"
"0x231";0351;"RW";8;0;"0~255";
;;;"[7:0]";;"r_pCPD[63][7:0]"
"0x232";0352;"RW";8;0;"0~255";
;;;"[7:0]";;"r_pCPD[64][7:0]"
"0x233";0353;"RW";8;0;"0~255";
;;;"[7:0]";;"r_pCPD[65][7:0]"
"0x234";0354;"RW";8;0;"0~255";
;;;"[7:0]";;"r_pCPD[66][7:0]"
"0x235";0355;"RW";8;0;"0~255";
;;;"[7:0]";;"r_pCPD[67][7:0]"
"0x236";0356;"RW";8;0;"0~255";
;;;"[7:0]";;"r_pCPD[68][7:0]"
"0x237";0357;"RW";8;0;"0~255";
;;;"[7:0]";;"r_pCPD[69][7:0]"
"0x238";0358;"RW";8;0;"0~255";
;;;"[7:0]";;"r_pCPD[70][7:0]"
"0x239";0359;"RW";8;0;"0~255";
;;;"[7:0]";;"r_pCPD[71][7:0]"
"0x23a";035a;"RW";8;0;"0~255";
;;;"[7:0]";;"r_pCPD[72][7:0]"
"0x23b";035b;"RW";8;0;"0~255";
;;;"[7:0]";;"r_pCPD[73][7:0]"
"0x23c";035c;"RW";8;0;"0~255";
;;;"[7:0]";;"r_pCPD[74][7:0]"
"0x23d";035d;"RW";8;0;"0~255";
;;;"[7:0]";;"r_pCPD[75][7:0]"
"0x23e";035e;"RW";8;0;"0~255";
;;;"[7:0]";;"r_pCPD[76][7:0]"
"0x23f";035f;"RW";8;0;"0~255";
;;;"[7:0]";;"r_pCPD[77][7:0]"
"0x240";0360;"RW";8;0;"0~255";
;;;"[7:0]";;"r_pCPD[78][7:0]"
"0x241";0361;"RW";8;0;"0~255";
;;;"[7:0]";;"r_pCPD[79][7:0]"
"0x242";0362;"RW";8;80;"0~255";
;;;"[7:0]";;"r_pCPD[80][7:0]"
"0x243";0363;"RW";8;80;"0~255";
;;;"[7:0]";;"r_pCPD[81][7:0]"
"0x244";0364;"RW";8;80;"0~255";
;;;"[7:0]";;"r_pCPD[82][7:0]"
"0x245";0365;"RW";8;80;"0~255";
;;;"[7:0]";;"r_pCPD[83][7:0]"
"0x246";0366;"RW";8;80;"0~255";
;;;"[7:0]";;"r_pCPD[84][7:0]"
"0x247";0367;"RW";8;80;"0~255";
;;;"[7:0]";;"r_pCPD[85][7:0]"
"0x248";0368;"RW";8;80;"0~255";
;;;"[7:0]";;"r_pCPD[86][7:0]"
"0x249";0369;"RW";8;80;"0~255";
;;;"[7:0]";;"r_pCPD[87][7:0]"
"0x24a";036a;"RW";8;80;"0~255";
;;;"[7:0]";;"r_pCPD[88][7:0]"
"0x24b";036b;"RW";8;80;"0~255";
;;;"[7:0]";;"r_pCPD[89][7:0]"
"0x24c";036c;"RW";8;80;"0~255";
;;;"[7:0]";;"r_pCPD[90][7:0]"
"0x24d";036d;"RW";8;80;"0~255";
;;;"[7:0]";;"r_pCPD[91][7:0]"
"0x24e";036e;"RW";8;80;"0~255";
;;;"[7:0]";;"r_pCPD[92][7:0]"
"0x24f";036f;"RW";8;80;"0~255";
;;;"[7:0]";;"r_pCPD[93][7:0]"
"0x250";0370;"RW";8;80;"0~255";
;;;"[7:0]";;"r_pCPD[94][7:0]"
"0x251";0371;"RW";8;80;"0~255";
;;;"[7:0]";;"r_pCPD[95][7:0]"
"0x252";0372;"RW";8;80;"0~255";
;;;"[7:0]";;"r_pCPD[96][7:0]"
"0x253";0373;"RW";8;80;"0~255";
;;;"[7:0]";;"r_pCPD[97][7:0]"
"0x254";0374;"RW";8;80;"0~255";
;;;"[7:0]";;"r_pCPD[98][7:0]"
"0x255";0375;"RW";8;80;"0~255";
;;;"[7:0]";;"r_pCPD[99][7:0]"
"0x256";0376;"RW";8;80;"0~255";
;;;"[7:0]";;"r_pCPD[100][7:0]"
"0x257";0377;"RW";8;80;"0~255";
;;;"[7:0]";;"r_pCPD[101][7:0]"
"0x258";0378;"RW";8;80;"0~255";
;;;"[7:0]";;"r_pCPD[102][7:0]"
"0x259";0379;"RW";8;80;"0~255";
;;;"[7:0]";;"r_pCPD[103][7:0]"
"0x25a";037a;"RW";8;80;"0~255";
;;;"[7:0]";;"r_pCPD[104][7:0]"
"0x25b";037b;"RW";8;80;"0~255";
;;;"[7:0]";;"r_pCPD[105][7:0]"
"0x25c";037c;"RW";8;80;"0~255";
;;;"[7:0]";;"r_pCPD[106][7:0]"
"0x25d";037d;"RW";8;80;"0~255";
;;;"[7:0]";;"r_pCPD[107][7:0]"
"0x25e";037e;"RW";8;80;"0~255";
;;;"[7:0]";;"r_pCPD[108][7:0]"
"0x25f";037f;"RW";8;80;"0~255";
;;;"[7:0]";;"r_pCPD[109][7:0]"
"0x260";0380;"RW";8;80;"0~255";
;;;"[7:0]";;"r_pCPD[110][7:0]"
"0x261";0381;"RW";8;80;"0~255";
;;;"[7:0]";;"r_pCPD[111][7:0]"
"0x262";0382;"RW";8;80;"0~255";
;;;"[7:0]";;"r_pCPD[112][7:0]"
"0x263";0383;"RW";8;80;"0~255";
;;;"[7:0]";;"r_pCPD[113][7:0]"
"0x264";0384;"RW";8;80;"0~255";
;;;"[7:0]";;"r_pCPD[114][7:0]"
"0x265";0385;"RW";8;80;"0~255";
;;;"[7:0]";;"r_pCPD[115][7:0]"
"0x266";0386;"RW";8;80;"0~255";
;;;"[7:0]";;"r_pCPD[116][7:0]"
"0x267";0387;"RW";8;80;"0~255";
;;;"[7:0]";;"r_pCPD[117][7:0]"
"0x268";0388;"RW";8;80;"0~255";
;;;"[7:0]";;"r_pCPD[118][7:0]"
"0x269";0389;"RW";8;80;"0~255";
;;;"[7:0]";;"r_pCPD[119][7:0]"
"0x26a";038a;"RW";8;80;"0~255";
;;;"[7:0]";;"r_pCPD[120][7:0]"
"0x26b";038b;"RW";8;80;"0~255";
;;;"[7:0]";;"r_pCPD[121][7:0]"
"0x26c";038c;"RW";8;80;"0~255";
;;;"[7:0]";;"r_pCPD[122][7:0]"
"0x26d";038d;"RW";8;80;"0~255";
;;;"[7:0]";;"r_pCPD[123][7:0]"
"0x26e";038e;"RW";8;80;"0~255";
;;;"[7:0]";;"r_pCPD[124][7:0]"
"0x26f";038f;"RW";8;80;"0~255";
;;;"[7:0]";;"r_pCPD[125][7:0]"
"0x270";0390;"RW";8;80;"0~255";
;;;"[7:0]";;"r_pCPD[126][7:0]"
"0x271";0391;"RW";8;80;"0~255";
;;;"[7:0]";;"r_pCPD[127][7:0]"
"0x272";0392;"RW";8;80;"0~255";
;;;"[7:0]";;"r_pCPD[128][7:0]"
"0x273";0393;"RW";8;80;"0~255";
;;;"[7:0]";;"r_pCPD[129][7:0]"
"0x274";0394;"RW";8;80;"0~255";
;;;"[7:0]";;"r_pCPD[130][7:0]"
"0x275";0395;"RW";8;80;"0~255";
;;;"[7:0]";;"r_pCPD[131][7:0]"
"0x276";0396;"RW";8;80;"0~255";
;;;"[7:0]";;"r_pCPD[132][7:0]"
"0x277";0397;"RW";8;80;"0~255";
;;;"[7:0]";;"r_pCPD[133][7:0]"
"0x278";0398;"RW";8;80;"0~255";
;;;"[7:0]";;"r_pCPD[134][7:0]"
"0x279";0399;"RW";8;80;"0~255";
;;;"[7:0]";;"r_pCPD[135][7:0]"
"0x27a";039a;"RW";8;80;"0~255";
;;;"[7:0]";;"r_pCPD[136][7:0]"
"0x27b";039b;"RW";8;80;"0~255";
;;;"[7:0]";;"r_pCPD[137][7:0]"
"0x27c";039c;"RW";8;80;"0~255";
;;;"[7:0]";;"r_pCPD[138][7:0]"
"0x27d";039d;"RW";8;80;"0~255";
;;;"[7:0]";;"r_pCPD[139][7:0]"
"0x27e";039e;"RW";8;80;"0~255";
;;;"[7:0]";;"r_pCPD[140][7:0]"
"0x27f";039f;"RW";8;80;"0~255";
;;;"[7:0]";;"r_pCPD[141][7:0]"
"0x280";03a0;"RW";8;80;"0~255";
;;;"[7:0]";;"r_pCPD[142][7:0]"
"0x281";03a1;"RW";8;80;"0~255";
;;;"[7:0]";;"r_pCPD[143][7:0]"
"0x282";03a2;"RW";8;80;"0~255";
;;;"[7:0]";;"r_pCPD[144][7:0]"
"0x283";03a3;"RW";8;80;"0~255";
;;;"[7:0]";;"r_pCPD[145][7:0]"
"0x284";03a4;"RW";8;80;"0~255";
;;;"[7:0]";;"r_pCPD[146][7:0]"
"0x285";03a5;"RW";8;80;"0~255";
;;;"[7:0]";;"r_pCPD[147][7:0]"
"0x286";03a6;"RW";8;80;"0~255";
;;;"[7:0]";;"r_pCPD[148][7:0]"
"0x287";03a7;"RW";8;80;"0~255";
;;;"[7:0]";;"r_pCPD[149][7:0]"
"0x288";03a8;"RW";8;80;"0~255";
;;;"[7:0]";;"r_pCPD[150][7:0]"
"0x289";03a9;"RW";8;80;"0~255";
;;;"[7:0]";;"r_pCPD[151][7:0]"
"0x28a";03aa;"RW";8;80;"0~255";
;;;"[7:0]";;"r_pCPD[152][7:0]"
"0x28b";03ab;"RW";8;80;"0~255";
;;;"[7:0]";;"r_pCPD[153][7:0]"
"0x28c";03ac;"RW";8;80;"0~255";
;;;"[7:0]";;"r_pCPD[154][7:0]"
"0x28d";03ad;"RW";8;80;"0~255";
;;;"[7:0]";;"r_pCPD[155][7:0]"
"0x28e";03ae;"RW";8;80;"0~255";
;;;"[7:0]";;"r_pCPD[156][7:0]"
"0x28f";03af;"RW";8;80;"0~255";
;;;"[7:0]";;"r_pCPD[157][7:0]"
"0x290";03b0;"RW";8;80;"0~255";
;;;"[7:0]";;"r_pCPD[158][7:0]"
"0x291";03b1;"RW";8;80;"0~255";
;;;"[7:0]";;"r_pCPD[159][7:0]"
"0x292";03b2;"RW";8;80;"0~255";
;;;"[7:0]";;"r_pCPD[160][7:0]"
"0x293";03b3;"RW";8;80;"0~255";
;;;"[7:0]";;"r_pCPD[161][7:0]"
"0x294";03b4;"RW";8;80;"0~255";
;;;"[7:0]";;"r_pCPD[162][7:0]"
"0x295";03b5;"RW";8;80;"0~255";
;;;"[7:0]";;"r_pCPD[163][7:0]"
"0x296";03b6;"RW";8;80;"0~255";
;;;"[7:0]";;"r_pCPD[164][7:0]"
"0x297";03b7;"RW";8;80;"0~255";
;;;"[7:0]";;"r_pCPD[165][7:0]"
"0x298";03b8;"RW";8;80;"0~255";
;;;"[7:0]";;"r_pCPD[166][7:0]"
"0x299";03b9;"RW";8;80;"0~255";
;;;"[7:0]";;"r_pCPD[167][7:0]"
"0x29a";03ba;"RW";8;80;"0~255";
;;;"[7:0]";;"r_pCPD[168][7:0]"
"0x29b";03bb;"RW";8;80;"0~255";
;;;"[7:0]";;"r_pCPD[169][7:0]"
"0x29c";03bc;"RW";8;80;"0~255";
;;;"[7:0]";;"r_pCPD[170][7:0]"
"0x29d";03bd;"RW";8;80;"0~255";
;;;"[7:0]";;"r_pCPD[171][7:0]"
"0x29e";03be;"RW";8;80;"0~255";
;;;"[7:0]";;"r_pCPD[172][7:0]"
"0x29f";03bf;"RW";8;80;"0~255";
;;;"[7:0]";;"r_pCPD[173][7:0]"
"0x2a0";03c0;"RW";8;80;"0~255";
;;;"[7:0]";;"r_pCPD[174][7:0]"
"0x2a1";03c1;"RW";8;80;"0~255";
;;;"[7:0]";;"r_pCPD[175][7:0]"
"0x2a2";03c2;"RW";8;80;"0~255";
;;;"[7:0]";;"r_pCPD[176][7:0]"
"0x2a3";03c3;"RW";8;80;"0~255";
;;;"[7:0]";;"r_pCPD[177][7:0]"
"0x2a4";03c4;"RW";8;80;"0~255";
;;;"[7:0]";;"r_pCPD[178][7:0]"
"0x2a5";03c5;"RW";8;80;"0~255";
;;;"[7:0]";;"r_pCPD[179][7:0]"
"0x2a6";03c6;"RW";8;80;"0~255";
;;;"[7:0]";;"r_pCPD[180][7:0]"
"0x2a7";03c7;"RW";8;80;"0~255";
;;;"[7:0]";;"r_pCPD[181][7:0]"
"0x2a8";03c8;"RW";8;80;"0~255";
;;;"[7:0]";;"r_pCPD[182][7:0]"
"0x2a9";03c9;"RW";8;80;"0~255";
;;;"[7:0]";;"r_pCPD[183][7:0]"
"0x2aa";03ca;"RW";8;80;"0~255";
;;;"[7:0]";;"r_pCPD[184][7:0]"
"0x2ab";03cb;"RW";8;80;"0~255";
;;;"[7:0]";;"r_pCPD[185][7:0]"
"0x2ac";03cc;"RW";8;80;"0~255";
;;;"[7:0]";;"r_pCPD[186][7:0]"
"0x2ad";03cd;"RW";8;80;"0~255";
;;;"[7:0]";;"r_pCPD[187][7:0]"
"0x2ae";03ce;"RW";8;80;"0~255";
;;;"[7:0]";;"r_pCPD[188][7:0]"
"0x2af";03cf;"RW";8;80;"0~255";
;;;"[7:0]";;"r_pCPD[189][7:0]"
"0x2b0";03d0;"RW";8;80;"0~255";
;;;"[7:0]";;"r_pCPD[190][7:0]"
"0x2b1";03d1;"RW";8;80;"0~255";
;;;"[7:0]";;"r_pCPD[191][7:0]"
"0x2b2";03d2;"RW";8;80;"0~255";
;;;"[7:0]";;"r_pCPD[192][7:0]"
"0x2b3";03d3;"RW";8;80;"0~255";
;;;"[7:0]";;"r_pCPD[193][7:0]"
"0x2b4";03d4;"RW";8;80;"0~255";
;;;"[7:0]";;"r_pCPD[194][7:0]"
"0x2b5";03d5;"RW";8;80;"0~255";
;;;"[7:0]";;"r_pCPD[195][7:0]"
"0x2b6";03d6;"RW";8;80;"0~255";
;;;"[7:0]";;"r_pCPD[196][7:0]"
"0x2b7";03d7;"RW";8;80;"0~255";
;;;"[7:0]";;"r_pCPD[197][7:0]"
"0x2b8";03d8;"RW";8;80;"0~255";
;;;"[7:0]";;"r_pCPD[198][7:0]"
"0x2b9";03d9;"RW";8;80;"0~255";
;;;"[7:0]";;"r_pCPD[199][7:0]"
"0x2ba";03da;"RW";8;80;"0~255";
;;;"[7:0]";;"r_pCPD[200][7:0]"
"0x2bb";03db;"RW";8;80;"0~255";
;;;"[7:0]";;"r_pCPD[201][7:0]"
"0x2bc";03dc;"RW";8;80;"0~255";
;;;"[7:0]";;"r_pCPD[202][7:0]"
"0x2bd";03dd;"RW";8;80;"0~255";
;;;"[7:0]";;"r_pCPD[203][7:0]"
"0x2be";03de;"RW";8;80;"0~255";
;;;"[7:0]";;"r_pCPD[204][7:0]"
"0x2bf";03df;"RW";8;80;"0~255";
;;;"[7:0]";;"r_pCPD[205][7:0]"
"0x2c0";03e0;"RW";8;80;"0~255";
;;;"[7:0]";;"r_pCPD[206][7:0]"
"0x2c1";03e1;"RW";8;80;"0~255";
;;;"[7:0]";;"r_pCPD[207][7:0]"
"0x2c2";03e2;"RW";8;80;"0~255";
;;;"[7:0]";;"r_pCPD[208][7:0]"
"0x2c3";03e3;"RW";8;80;"0~255";
;;;"[7:0]";;"r_pCPD[209][7:0]"
"0x2c4";03e4;"RW";8;80;"0~255";
;;;"[7:0]";;"r_pCPD[210][7:0]"
"0x2c5";03e5;"RW";8;80;"0~255";
;;;"[7:0]";;"r_pCPD[211][7:0]"
"0x2c6";03e6;"RW";8;80;"0~255";
;;;"[7:0]";;"r_pCPD[212][7:0]"
"0x2c7";03e7;"RW";8;80;"0~255";
;;;"[7:0]";;"r_pCPD[213][7:0]"
"0x2c8";03e8;"RW";8;80;"0~255";
;;;"[7:0]";;"r_pCPD[214][7:0]"
"0x2c9";03e9;"RW";8;80;"0~255";
;;;"[7:0]";;"r_pCPD[215][7:0]"
"0x2ca";03ea;"RW";8;80;"0~255";
;;;"[7:0]";;"r_pCPD[216][7:0]"
"0x2cb";03eb;"RW";8;80;"0~255";
;;;"[7:0]";;"r_pCPD[217][7:0]"
"0x2cc";03ec;"RW";8;80;"0~255";
;;;"[7:0]";;"r_pCPD[218][7:0]"
"0x2cd";03ed;"RW";8;80;"0~255";
;;;"[7:0]";;"r_pCPD[219][7:0]"
"0x2ce";03ee;"RW";8;80;"0~255";
;;;"[7:0]";;"r_pCPD[220][7:0]"
"0x2cf";03ef;"RW";8;80;"0~255";
;;;"[7:0]";;"r_pCPD[221][7:0]"
"0x2d0";03f0;"RW";8;80;"0~255";
;;;"[7:0]";;"r_pCPD[222][7:0]"
"0x2d1";03f1;"RW";8;80;"0~255";
;;;"[7:0]";;"r_pCPD[223][7:0]"
"0x2d2";03f2;"RW";8;80;"0~255";
;;;"[7:0]";;"r_pCPD[224][7:0]"
"0x2d3";03f3;"RW";8;80;"0~255";
;;;"[7:0]";;"r_pCPD[225][7:0]"
"0x2d4";03f4;"RW";8;80;"0~255";
;;;"[7:0]";;"r_pCPD[226][7:0]"
"0x2d5";03f5;"RW";8;80;"0~255";
;;;"[7:0]";;"r_pCPD[227][7:0]"
"0x2d6";03f6;"RW";8;80;"0~255";
;;;"[7:0]";;"r_pCPD[228][7:0]"
"0x2d7";03f7;"RW";8;80;"0~255";
;;;"[7:0]";;"r_pCPD[229][7:0]"
"0x2d8";03f8;"RW";8;80;"0~255";
;;;"[7:0]";;"r_pCPD[230][7:0]"
"0x2d9";03f9;"RW";8;80;"0~255";
;;;"[7:0]";;"r_pCPD[231][7:0]"
"0x2da";03fa;"RW";8;80;"0~255";
;;;"[7:0]";;"r_pCPD[232][7:0]"
"0x2db";03fb;"RW";8;80;"0~255";
;;;"[7:0]";;"r_pCPD[233][7:0]"
"0x2dc";03fc;"RW";8;80;"0~255";
;;;"[7:0]";;"r_pCPD[234][7:0]"
"0x2dd";03fd;"RW";8;80;"0~255";
;;;"[7:0]";;"r_pCPD[235][7:0]"
"0x2de";03fe;"RW";8;80;"0~255";
;;;"[7:0]";;"r_pCPD[236][7:0]"
"0x2df";03ff;"RW";8;80;"0~255";
;;;"[7:0]";;"r_pCPD[237][7:0]"
"0x2e0";0400;"RW";8;80;"0~255";
;;;"[7:0]";;"r_pCPD[238][7:0]"
"0x2e1";0401;"RW";8;80;"0~255";
;;;"[7:0]";;"r_pCPD[239][7:0]"
"0x2e2";0402;"RW";8;0;"0~1";
;;;"[7:0]";;"r_bAdjustStrengthTempeture[7:0]"
"0x2e3";0403;"RW";8;1e;"-128~127";
;;;"[7:0]";;"r_pTemperature[0][7:0]"
"0x2e4";0404;"RW";8;1e;"-128~127";
;;;"[7:0]";;"r_pTemperature[1][7:0]"
"0x2e5";0405;"RW";8;1e;"-128~127";
;;;"[7:0]";;"r_pTemperature[2][7:0]"
"0x2e6";0406;"RW";8;1e;"-128~127";
;;;"[7:0]";;"r_pTemperature[3][7:0]"
"0x2e7";0407;"RW";8;40;"0~255";
;;;"[7:0]";;"r_pDecreaseRat[0][7:0]"
"0x2e8";0408;"RW";8;40;"0~255";
;;;"[7:0]";;"r_pDecreaseRat[1][7:0]"
"0x2e9";0409;"RW";8;40;"0~255";
;;;"[7:0]";;"r_pDecreaseRat[2][7:0]"
"0x2ea";040a;"RW";8;40;"0~255";
;;;"[7:0]";;"r_pDecreaseRat[3][7:0]"
"end";;;;;
