"base_addr";0x30082820;"addr_bits";8;;
parameter;ACK_DLY=0;;;;
;;;;;
;;;;;
"module_name";"cam0_CURVE_LITE";;;;
"sub_addr";"addr";"RW";"bits";"default (hex)";"description"
"0x00";2820;"RW";8;0;"0~1";
;;;"[7:0]";;"r_bByPassEnable[7:0]"
"0x01";2821;"RW";8;0;"0~1";
;;;"[7:0]";;"r_bDRSatEnable[7:0]"
"0x02";2822;"RW";8;1;"0~1";
;;;"[7:0]";;"r_bGainSatEnable[7:0]"
"0x03";2823;"RW";8;1;"0~1";
;;;"[7:0]";;"r_bManStretchEnable[7:0]"
"0x04";2824;"RW";8;1;"0~1";
;;;"[7:0]";;"r_bAdjCurveEnable[7:0]"
"0x05";2825;"RW";8;1;"0~1";
;;;"[7:0]";;"r_bAdjOffsetEnable[7:0]"
"0x06";2826;"RW";8;1;"0~1";
;;;"[7:0]";;"r_bManOffsetEnable[7:0]"
"0x07";2827;"RW";8;0;"0~1";
;;;"[7:0]";;"r_bSCurveEnable[7:0]"
"0x08";2828;"RW";8;0;"0~1";
;;;"[7:0]";;"r_bManCCMEnable[7:0]"
"0x0c";282c;"RW";8;0;"-2048~2047";
;;;"[7:0]";;"r_pManCCM[0][0][7:0]"
"0x0d";282d;"RW";8;0;;
;;;"[7:0]";;"r_pManCCM[0][0][15:8]"
"0x0e";282e;"RW";8;0;"-2048~2047";
;;;"[7:0]";;"r_pManCCM[0][1][7:0]"
"0x0f";282f;"RW";8;0;;
;;;"[7:0]";;"r_pManCCM[0][1][15:8]"
"0x10";2830;"RW";8;0;"-2048~2047";
;;;"[7:0]";;"r_pManCCM[0][2][7:0]"
"0x11";2831;"RW";8;0;;
;;;"[7:0]";;"r_pManCCM[0][2][15:8]"
"0x12";2832;"RW";8;0;"-2048~2047";
;;;"[7:0]";;"r_pManCCM[1][0][7:0]"
"0x13";2833;"RW";8;0;;
;;;"[7:0]";;"r_pManCCM[1][0][15:8]"
"0x14";2834;"RW";8;0;"-2048~2047";
;;;"[7:0]";;"r_pManCCM[1][1][7:0]"
"0x15";2835;"RW";8;0;;
;;;"[7:0]";;"r_pManCCM[1][1][15:8]"
"0x16";2836;"RW";8;0;"-2048~2047";
;;;"[7:0]";;"r_pManCCM[1][2][7:0]"
"0x17";2837;"RW";8;0;;
;;;"[7:0]";;"r_pManCCM[1][2][15:8]"
"0x18";2838;"RW";8;0;"-2048~2047";
;;;"[7:0]";;"r_pManCCM[2][0][7:0]"
"0x19";2839;"RW";8;0;;
;;;"[7:0]";;"r_pManCCM[2][0][15:8]"
"0x1a";283a;"RW";8;0;"-2048~2047";
;;;"[7:0]";;"r_pManCCM[2][1][7:0]"
"0x1b";283b;"RW";8;0;;
;;;"[7:0]";;"r_pManCCM[2][1][15:8]"
"0x1c";283c;"RW";8;0;"-2048~2047";
;;;"[7:0]";;"r_pManCCM[2][2][7:0]"
"0x1d";283d;"RW";8;0;;
;;;"[7:0]";;"r_pManCCM[2][2][15:8]"
"0x1e";283e;"RW";8;40;"-2048~2047";
;;;"[7:0]";;"r_pCCMD[0][0][7:0]"
"0x1f";283f;"RW";8;1;;
;;;"[7:0]";;"r_pCCMD[0][0][15:8]"
"0x20";2840;"RW";8;a7;"-2048~2047";
;;;"[7:0]";;"r_pCCMD[0][1][7:0]"
"0x21";2841;"RW";8;ff;;
;;;"[7:0]";;"r_pCCMD[0][1][15:8]"
"0x22";2842;"RW";8;19;"-2048~2047";
;;;"[7:0]";;"r_pCCMD[0][2][7:0]"
"0x23";2843;"RW";8;0;;
;;;"[7:0]";;"r_pCCMD[0][2][15:8]"
"0x24";2844;"RW";8;a7;"-2048~2047";
;;;"[7:0]";;"r_pCCMD[1][0][7:0]"
"0x25";2845;"RW";8;ff;;
;;;"[7:0]";;"r_pCCMD[1][0][15:8]"
"0x26";2846;"RW";8;99;"-2048~2047";
;;;"[7:0]";;"r_pCCMD[1][1][7:0]"
"0x27";2847;"RW";8;1;;
;;;"[7:0]";;"r_pCCMD[1][1][15:8]"
"0x28";2848;"RW";8;c0;"-2048~2047";
;;;"[7:0]";;"r_pCCMD[1][2][7:0]"
"0x29";2849;"RW";8;ff;;
;;;"[7:0]";;"r_pCCMD[1][2][15:8]"
"0x2a";284a;"RW";8;e7;"-2048~2047";
;;;"[7:0]";;"r_pCCMD[2][0][7:0]"
"0x2b";284b;"RW";8;ff;;
;;;"[7:0]";;"r_pCCMD[2][0][15:8]"
"0x2c";284c;"RW";8;a7;"-2048~2047";
;;;"[7:0]";;"r_pCCMD[2][1][7:0]"
"0x2d";284d;"RW";8;ff;;
;;;"[7:0]";;"r_pCCMD[2][1][15:8]"
"0x2e";284e;"RW";8;72;"-2048~2047";
;;;"[7:0]";;"r_pCCMD[2][2][7:0]"
"0x2f";284f;"RW";8;1;;
;;;"[7:0]";;"r_pCCMD[2][2][15:8]"
"0x30";2850;"RW";8;3b;"-2048~2047";
;;;"[7:0]";;"r_pCCMT[0][0][7:0]"
"0x31";2851;"RW";8;1;;
;;;"[7:0]";;"r_pCCMT[0][0][15:8]"
"0x32";2852;"RW";8;a7;"-2048~2047";
;;;"[7:0]";;"r_pCCMT[0][1][7:0]"
"0x33";2853;"RW";8;ff;;
;;;"[7:0]";;"r_pCCMT[0][1][15:8]"
"0x34";2854;"RW";8;1e;"-2048~2047";
;;;"[7:0]";;"r_pCCMT[0][2][7:0]"
"0x35";2855;"RW";8;0;;
;;;"[7:0]";;"r_pCCMT[0][2][15:8]"
"0x36";2856;"RW";8;c1;"-2048~2047";
;;;"[7:0]";;"r_pCCMT[1][0][7:0]"
"0x37";2857;"RW";8;ff;;
;;;"[7:0]";;"r_pCCMT[1][0][15:8]"
"0x38";2858;"RW";8;89;"-2048~2047";
;;;"[7:0]";;"r_pCCMT[1][1][7:0]"
"0x39";2859;"RW";8;1;;
;;;"[7:0]";;"r_pCCMT[1][1][15:8]"
"0x3a";285a;"RW";8;b6;"-2048~2047";
;;;"[7:0]";;"r_pCCMT[1][2][7:0]"
"0x3b";285b;"RW";8;ff;;
;;;"[7:0]";;"r_pCCMT[1][2][15:8]"
"0x3c";285c;"RW";8;da;"-2048~2047";
;;;"[7:0]";;"r_pCCMT[2][0][7:0]"
"0x3d";285d;"RW";8;ff;;
;;;"[7:0]";;"r_pCCMT[2][0][15:8]"
"0x3e";285e;"RW";8;b4;"-2048~2047";
;;;"[7:0]";;"r_pCCMT[2][1][7:0]"
"0x3f";285f;"RW";8;ff;;
;;;"[7:0]";;"r_pCCMT[2][1][15:8]"
"0x40";2860;"RW";8;72;"-2048~2047";
;;;"[7:0]";;"r_pCCMT[2][2][7:0]"
"0x41";2861;"RW";8;1;;
;;;"[7:0]";;"r_pCCMT[2][2][15:8]"
"0x42";2862;"RW";8;67;"-2048~2047";
;;;"[7:0]";;"r_pCCMA[0][0][7:0]"
"0x43";2863;"RW";8;1;;
;;;"[7:0]";;"r_pCCMA[0][0][15:8]"
"0x44";2864;"RW";8;8d;"-2048~2047";
;;;"[7:0]";;"r_pCCMA[0][1][7:0]"
"0x45";2865;"RW";8;ff;;
;;;"[7:0]";;"r_pCCMA[0][1][15:8]"
"0x46";2866;"RW";8;c;"-2048~2047";
;;;"[7:0]";;"r_pCCMA[0][2][7:0]"
"0x47";2867;"RW";8;0;;
;;;"[7:0]";;"r_pCCMA[0][2][15:8]"
"0x48";2868;"RW";8;d9;"-2048~2047";
;;;"[7:0]";;"r_pCCMA[1][0][7:0]"
"0x49";2869;"RW";8;ff;;
;;;"[7:0]";;"r_pCCMA[1][0][15:8]"
"0x4a";286a;"RW";8;7b;"-2048~2047";
;;;"[7:0]";;"r_pCCMA[1][1][7:0]"
"0x4b";286b;"RW";8;1;;
;;;"[7:0]";;"r_pCCMA[1][1][15:8]"
"0x4c";286c;"RW";8;ac;"-2048~2047";
;;;"[7:0]";;"r_pCCMA[1][2][7:0]"
"0x4d";286d;"RW";8;ff;;
;;;"[7:0]";;"r_pCCMA[1][2][15:8]"
"0x4e";286e;"RW";8;f3;"-2048~2047";
;;;"[7:0]";;"r_pCCMA[2][0][7:0]"
"0x4f";286f;"RW";8;ff;;
;;;"[7:0]";;"r_pCCMA[2][0][15:8]"
"0x50";2870;"RW";8;f3;"-2048~2047";
;;;"[7:0]";;"r_pCCMA[2][1][7:0]"
"0x51";2871;"RW";8;ff;;
;;;"[7:0]";;"r_pCCMA[2][1][15:8]"
"0x52";2872;"RW";8;1a;"-2048~2047";
;;;"[7:0]";;"r_pCCMA[2][2][7:0]"
"0x53";2873;"RW";8;1;;
;;;"[7:0]";;"r_pCCMA[2][2][15:8]"
"0x54";2874;"RW";8;ec;"0~1023";
;;;"[7:0]";;"r_nCTD[7:0]"
"0x55";2875;"RW";8;0;;
;;;"[7:0]";;"r_nCTD[15:8]"
"0x56";2876;"RW";8;14;"0~1023";
;;;"[7:0]";;"r_nCTM1[7:0]"
"0x57";2877;"RW";8;2;;
;;;"[7:0]";;"r_nCTM1[15:8]"
"0x58";2878;"RW";8;e2;"0~1023";
;;;"[7:0]";;"r_nCTM2[7:0]"
"0x59";2879;"RW";8;2;;
;;;"[7:0]";;"r_nCTM2[15:8]"
"0x5a";287a;"RW";8;72;"0~1023";
;;;"[7:0]";;"r_nCTA[7:0]"
"0x5b";287b;"RW";8;3;;
;;;"[7:0]";;"r_nCTA[15:8]"
"0x67";2887;"RW";8;80;"0~255";
;;;"[7:0]";;"r_nSaturation[7:0]"
"0x5c";287c;"RW";8;0;"64~65535";
;;;"[7:0]";;"r_pDRList[0][7:0]"
"0x5d";287d;"RW";8;2;;
;;;"[7:0]";;"r_pDRList[0][15:8]"
"0x5e";287e;"RW";8;0;"64~65535";
;;;"[7:0]";;"r_pDRList[1][7:0]"
"0x5f";287f;"RW";8;4;;
;;;"[7:0]";;"r_pDRList[1][15:8]"
"0x60";2880;"RW";8;0;"64~65535";
;;;"[7:0]";;"r_pDRList[2][7:0]"
"0x61";2881;"RW";8;10;;
;;;"[7:0]";;"r_pDRList[2][15:8]"
"0x62";2882;"RW";8;ff;"64~65535";
;;;"[7:0]";;"r_pDRList[3][7:0]"
"0x63";2883;"RW";8;3f;;
;;;"[7:0]";;"r_pDRList[3][15:8]"
"0x64";2884;"RW";8;6;"-128~127";
;;;"[7:0]";;"r_pSatSlope[0][7:0]"
"0x65";2885;"RW";8;12;"-128~127";
;;;"[7:0]";;"r_pSatSlope[1][7:0]"
"0x66";2886;"RW";8;14;"-128~127";
;;;"[7:0]";;"r_pSatSlope[2][7:0]"
"0x68";2888;"RW";8;f7;"0~65535";
;;;"[7:0]";;"r_pSatIsoList[0][7:0]"
"0x69";2889;"RW";8;1;;
;;;"[7:0]";;"r_pSatIsoList[0][15:8]"
"0x6a";288a;"RW";8;0;"0~65535";
;;;"[7:0]";;"r_pSatIsoList[1][7:0]"
"0x6b";288b;"RW";8;4;;
;;;"[7:0]";;"r_pSatIsoList[1][15:8]"
"0x6c";288c;"RW";8;de;"0~65535";
;;;"[7:0]";;"r_pSatIsoList[2][7:0]"
"0x6d";288d;"RW";8;7;;
;;;"[7:0]";;"r_pSatIsoList[2][15:8]"
"0x6e";288e;"RW";8;e4;"0~65535";
;;;"[7:0]";;"r_pSatIsoList[3][7:0]"
"0x6f";288f;"RW";8;c;;
;;;"[7:0]";;"r_pSatIsoList[3][15:8]"
"0x70";2890;"RW";8;94;"0~65535";
;;;"[7:0]";;"r_pSatIsoList[4][7:0]"
"0x71";2891;"RW";8;11;;
;;;"[7:0]";;"r_pSatIsoList[4][15:8]"
"0x72";2892;"RW";8;2c;"0~65535";
;;;"[7:0]";;"r_pSatIsoList[5][7:0]"
"0x73";2893;"RW";8;1a;;
;;;"[7:0]";;"r_pSatIsoList[5][15:8]"
"0x74";2894;"RW";8;7a;"0~65535";
;;;"[7:0]";;"r_pSatIsoList[6][7:0]"
"0x75";2895;"RW";8;1f;;
;;;"[7:0]";;"r_pSatIsoList[6][15:8]"
"0x76";2896;"RW";8;6c;"0~65535";
;;;"[7:0]";;"r_pSatIsoList[7][7:0]"
"0x77";2897;"RW";8;28;;
;;;"[7:0]";;"r_pSatIsoList[7][15:8]"
"0x78";2898;"RW";8;80;"0~255";
;;;"[7:0]";;"r_pSatStrList[0][7:0]"
"0x79";2899;"RW";8;78;"0~255";
;;;"[7:0]";;"r_pSatStrList[1][7:0]"
"0x7a";289a;"RW";8;6e;"0~255";
;;;"[7:0]";;"r_pSatStrList[2][7:0]"
"0x7b";289b;"RW";8;64;"0~255";
;;;"[7:0]";;"r_pSatStrList[3][7:0]"
"0x7c";289c;"RW";8;5a;"0~255";
;;;"[7:0]";;"r_pSatStrList[4][7:0]"
"0x7d";289d;"RW";8;50;"0~255";
;;;"[7:0]";;"r_pSatStrList[5][7:0]"
"0x7e";289e;"RW";8;4b;"0~255";
;;;"[7:0]";;"r_pSatStrList[6][7:0]"
"0x7f";289f;"RW";8;46;"0~255";
;;;"[7:0]";;"r_pSatStrList[7][7:0]"
"0x80";28a0;"RW";8;40;"0~4095";
;;;"[7:0]";;"r_nManLowLevel[7:0]"
"0x81";28a1;"RW";8;0;;
;;;"[7:0]";;"r_nManLowLevel[15:8]"
"0x82";28a2;"RW";8;11;"0~2047";
;;;"[7:0]";;"r_nManStretchGain[7:0]"
"0x83";28a3;"RW";8;4;;
;;;"[7:0]";;"r_nManStretchGain[15:8]"
"0x84";28a4;"RW";8;0;"0~16383";
;;;"[7:0]";;"r_nLowPoints[7:0]"
"0x85";28a5;"RW";8;10;;
;;;"[7:0]";;"r_nLowPoints[15:8]"
"0x86";28a6;"RW";8;0;"0~16383";
;;;"[7:0]";;"r_nHighPoints[7:0]"
"0x87";28a7;"RW";8;1;;
;;;"[7:0]";;"r_nHighPoints[15:8]"
"0x88";28a8;"RW";8;20;"0~255";
;;;"[7:0]";;"r_nLowStep[7:0]"
"0x89";28a9;"RW";8;20;"0~255";
;;;"[7:0]";;"r_nHighStep[7:0]"
"0x8a";28aa;"RW";8;40;"0~4095";
;;;"[7:0]";;"r_nMinLowLevelA[7:0]"
"0x8b";28ab;"RW";8;0;;
;;;"[7:0]";;"r_nMinLowLevelA[15:8]"
"0x8c";28ac;"RW";8;40;"0~4095";
;;;"[7:0]";;"r_nMinLowLevelB[7:0]"
"0x8d";28ad;"RW";8;0;;
;;;"[7:0]";;"r_nMinLowLevelB[15:8]"
"0x8e";28ae;"RW";8;44;"0~4095";
;;;"[7:0]";;"r_nMaxLowLevelA[7:0]"
"0x8f";28af;"RW";8;0;;
;;;"[7:0]";;"r_nMaxLowLevelA[15:8]"
"0x90";28b0;"RW";8;40;"0~4095";
;;;"[7:0]";;"r_nMaxLowLevelB[7:0]"
"0x91";28b1;"RW";8;0;;
;;;"[7:0]";;"r_nMaxLowLevelB[15:8]"
"0x92";28b2;"RW";8;ff;"0~4095";
;;;"[7:0]";;"r_nMinHighLevelA[7:0]"
"0x93";28b3;"RW";8;f;;
;;;"[7:0]";;"r_nMinHighLevelA[15:8]"
"0x94";28b4;"RW";8;ff;"0~4095";
;;;"[7:0]";;"r_nMinHighLevelB[7:0]"
"0x95";28b5;"RW";8;f;;
;;;"[7:0]";;"r_nMinHighLevelB[15:8]"
"0x96";28b6;"RW";8;80;"0~4095";
;;;"[7:0]";;"r_nCurveThre1[7:0]"
"0x97";28b7;"RW";8;0;;
;;;"[7:0]";;"r_nCurveThre1[15:8]"
"0x98";28b8;"RW";8;0;"0~4095";
;;;"[7:0]";;"r_nCurveThre2[7:0]"
"0x99";28b9;"RW";8;1;;
;;;"[7:0]";;"r_nCurveThre2[15:8]"
"0x9a";28ba;"RW";8;38;"0~1023";
;;;"[7:0]";;"r_pCurveAList[0][7:0]"
"0x9b";28bb;"RW";8;0;;
;;;"[7:0]";;"r_pCurveAList[0][15:8]"
"0x9c";28bc;"RW";8;72;"0~1023";
;;;"[7:0]";;"r_pCurveAList[1][7:0]"
"0x9d";28bd;"RW";8;0;;
;;;"[7:0]";;"r_pCurveAList[1][15:8]"
"0x9e";28be;"RW";8;dd;"0~1023";
;;;"[7:0]";;"r_pCurveAList[2][7:0]"
"0x9f";28bf;"RW";8;0;;
;;;"[7:0]";;"r_pCurveAList[2][15:8]"
"0xa0";28c0;"RW";8;36;"0~1023";
;;;"[7:0]";;"r_pCurveAList[3][7:0]"
"0xa1";28c1;"RW";8;1;;
;;;"[7:0]";;"r_pCurveAList[3][15:8]"
"0xa2";28c2;"RW";8;83;"0~1023";
;;;"[7:0]";;"r_pCurveAList[4][7:0]"
"0xa3";28c3;"RW";8;1;;
;;;"[7:0]";;"r_pCurveAList[4][15:8]"
"0xa4";28c4;"RW";8;ca;"0~1023";
;;;"[7:0]";;"r_pCurveAList[5][7:0]"
"0xa5";28c5;"RW";8;1;;
;;;"[7:0]";;"r_pCurveAList[5][15:8]"
"0xa6";28c6;"RW";8;a;"0~1023";
;;;"[7:0]";;"r_pCurveAList[6][7:0]"
"0xa7";28c7;"RW";8;2;;
;;;"[7:0]";;"r_pCurveAList[6][15:8]"
"0xa8";28c8;"RW";8;41;"0~1023";
;;;"[7:0]";;"r_pCurveAList[7][7:0]"
"0xa9";28c9;"RW";8;2;;
;;;"[7:0]";;"r_pCurveAList[7][15:8]"
"0xaa";28ca;"RW";8;71;"0~1023";
;;;"[7:0]";;"r_pCurveAList[8][7:0]"
"0xab";28cb;"RW";8;2;;
;;;"[7:0]";;"r_pCurveAList[8][15:8]"
"0xac";28cc;"RW";8;9a;"0~1023";
;;;"[7:0]";;"r_pCurveAList[9][7:0]"
"0xad";28cd;"RW";8;2;;
;;;"[7:0]";;"r_pCurveAList[9][15:8]"
"0xae";28ce;"RW";8;be;"0~1023";
;;;"[7:0]";;"r_pCurveAList[10][7:0]"
"0xaf";28cf;"RW";8;2;;
;;;"[7:0]";;"r_pCurveAList[10][15:8]"
"0xb0";28d0;"RW";8;e0;"0~1023";
;;;"[7:0]";;"r_pCurveAList[11][7:0]"
"0xb1";28d1;"RW";8;2;;
;;;"[7:0]";;"r_pCurveAList[11][15:8]"
"0xb2";28d2;"RW";8;ff;"0~1023";
;;;"[7:0]";;"r_pCurveAList[12][7:0]"
"0xb3";28d3;"RW";8;2;;
;;;"[7:0]";;"r_pCurveAList[12][15:8]"
"0xb4";28d4;"RW";8;1d;"0~1023";
;;;"[7:0]";;"r_pCurveAList[13][7:0]"
"0xb5";28d5;"RW";8;3;;
;;;"[7:0]";;"r_pCurveAList[13][15:8]"
"0xb6";28d6;"RW";8;38;"0~1023";
;;;"[7:0]";;"r_pCurveAList[14][7:0]"
"0xb7";28d7;"RW";8;3;;
;;;"[7:0]";;"r_pCurveAList[14][15:8]"
"0xb8";28d8;"RW";8;4f;"0~1023";
;;;"[7:0]";;"r_pCurveAList[15][7:0]"
"0xb9";28d9;"RW";8;3;;
;;;"[7:0]";;"r_pCurveAList[15][15:8]"
"0xba";28da;"RW";8;63;"0~1023";
;;;"[7:0]";;"r_pCurveAList[16][7:0]"
"0xbb";28db;"RW";8;3;;
;;;"[7:0]";;"r_pCurveAList[16][15:8]"
"0xbc";28dc;"RW";8;75;"0~1023";
;;;"[7:0]";;"r_pCurveAList[17][7:0]"
"0xbd";28dd;"RW";8;3;;
;;;"[7:0]";;"r_pCurveAList[17][15:8]"
"0xbe";28de;"RW";8;85;"0~1023";
;;;"[7:0]";;"r_pCurveAList[18][7:0]"
"0xbf";28df;"RW";8;3;;
;;;"[7:0]";;"r_pCurveAList[18][15:8]"
"0xc0";28e0;"RW";8;94;"0~1023";
;;;"[7:0]";;"r_pCurveAList[19][7:0]"
"0xc1";28e1;"RW";8;3;;
;;;"[7:0]";;"r_pCurveAList[19][15:8]"
"0xc2";28e2;"RW";8;a1;"0~1023";
;;;"[7:0]";;"r_pCurveAList[20][7:0]"
"0xc3";28e3;"RW";8;3;;
;;;"[7:0]";;"r_pCurveAList[20][15:8]"
"0xc4";28e4;"RW";8;ad;"0~1023";
;;;"[7:0]";;"r_pCurveAList[21][7:0]"
"0xc5";28e5;"RW";8;3;;
;;;"[7:0]";;"r_pCurveAList[21][15:8]"
"0xc6";28e6;"RW";8;b8;"0~1023";
;;;"[7:0]";;"r_pCurveAList[22][7:0]"
"0xc7";28e7;"RW";8;3;;
;;;"[7:0]";;"r_pCurveAList[22][15:8]"
"0xc8";28e8;"RW";8;c1;"0~1023";
;;;"[7:0]";;"r_pCurveAList[23][7:0]"
"0xc9";28e9;"RW";8;3;;
;;;"[7:0]";;"r_pCurveAList[23][15:8]"
"0xca";28ea;"RW";8;ca;"0~1023";
;;;"[7:0]";;"r_pCurveAList[24][7:0]"
"0xcb";28eb;"RW";8;3;;
;;;"[7:0]";;"r_pCurveAList[24][15:8]"
"0xcc";28ec;"RW";8;d3;"0~1023";
;;;"[7:0]";;"r_pCurveAList[25][7:0]"
"0xcd";28ed;"RW";8;3;;
;;;"[7:0]";;"r_pCurveAList[25][15:8]"
"0xce";28ee;"RW";8;da;"0~1023";
;;;"[7:0]";;"r_pCurveAList[26][7:0]"
"0xcf";28ef;"RW";8;3;;
;;;"[7:0]";;"r_pCurveAList[26][15:8]"
"0xd0";28f0;"RW";8;e1;"0~1023";
;;;"[7:0]";;"r_pCurveAList[27][7:0]"
"0xd1";28f1;"RW";8;3;;
;;;"[7:0]";;"r_pCurveAList[27][15:8]"
"0xd2";28f2;"RW";8;e7;"0~1023";
;;;"[7:0]";;"r_pCurveAList[28][7:0]"
"0xd3";28f3;"RW";8;3;;
;;;"[7:0]";;"r_pCurveAList[28][15:8]"
"0xd4";28f4;"RW";8;ed;"0~1023";
;;;"[7:0]";;"r_pCurveAList[29][7:0]"
"0xd5";28f5;"RW";8;3;;
;;;"[7:0]";;"r_pCurveAList[29][15:8]"
"0xd6";28f6;"RW";8;f3;"0~1023";
;;;"[7:0]";;"r_pCurveAList[30][7:0]"
"0xd7";28f7;"RW";8;3;;
;;;"[7:0]";;"r_pCurveAList[30][15:8]"
"0xd8";28f8;"RW";8;f9;"0~1023";
;;;"[7:0]";;"r_pCurveAList[31][7:0]"
"0xd9";28f9;"RW";8;3;;
;;;"[7:0]";;"r_pCurveAList[31][15:8]"
"0xda";28fa;"RW";8;ff;"0~1023";
;;;"[7:0]";;"r_pCurveAList[32][7:0]"
"0xdb";28fb;"RW";8;3;;
;;;"[7:0]";;"r_pCurveAList[32][15:8]"
"0xdc";28fc;"RW";8;57;"0~1023";
;;;"[7:0]";;"r_pCurveBList[0][7:0]"
"0xdd";28fd;"RW";8;0;;
;;;"[7:0]";;"r_pCurveBList[0][15:8]"
"0xde";28fe;"RW";8;92;"0~1023";
;;;"[7:0]";;"r_pCurveBList[1][7:0]"
"0xdf";28ff;"RW";8;0;;
;;;"[7:0]";;"r_pCurveBList[1][15:8]"
"0xe0";2900;"RW";8;f6;"0~1023";
;;;"[7:0]";;"r_pCurveBList[2][7:0]"
"0xe1";2901;"RW";8;0;;
;;;"[7:0]";;"r_pCurveBList[2][15:8]"
"0xe2";2902;"RW";8;48;"0~1023";
;;;"[7:0]";;"r_pCurveBList[3][7:0]"
"0xe3";2903;"RW";8;1;;
;;;"[7:0]";;"r_pCurveBList[3][15:8]"
"0xe4";2904;"RW";8;8e;"0~1023";
;;;"[7:0]";;"r_pCurveBList[4][7:0]"
"0xe5";2905;"RW";8;1;;
;;;"[7:0]";;"r_pCurveBList[4][15:8]"
"0xe6";2906;"RW";8;ce;"0~1023";
;;;"[7:0]";;"r_pCurveBList[5][7:0]"
"0xe7";2907;"RW";8;1;;
;;;"[7:0]";;"r_pCurveBList[5][15:8]"
"0xe8";2908;"RW";8;7;"0~1023";
;;;"[7:0]";;"r_pCurveBList[6][7:0]"
"0xe9";2909;"RW";8;2;;
;;;"[7:0]";;"r_pCurveBList[6][15:8]"
"0xea";290a;"RW";8;39;"0~1023";
;;;"[7:0]";;"r_pCurveBList[7][7:0]"
"0xeb";290b;"RW";8;2;;
;;;"[7:0]";;"r_pCurveBList[7][15:8]"
"0xec";290c;"RW";8;64;"0~1023";
;;;"[7:0]";;"r_pCurveBList[8][7:0]"
"0xed";290d;"RW";8;2;;
;;;"[7:0]";;"r_pCurveBList[8][15:8]"
"0xee";290e;"RW";8;8a;"0~1023";
;;;"[7:0]";;"r_pCurveBList[9][7:0]"
"0xef";290f;"RW";8;2;;
;;;"[7:0]";;"r_pCurveBList[9][15:8]"
"0xf0";2910;"RW";8;ac;"0~1023";
;;;"[7:0]";;"r_pCurveBList[10][7:0]"
"0xf1";2911;"RW";8;2;;
;;;"[7:0]";;"r_pCurveBList[10][15:8]"
"0xf2";2912;"RW";8;cc;"0~1023";
;;;"[7:0]";;"r_pCurveBList[11][7:0]"
"0xf3";2913;"RW";8;2;;
;;;"[7:0]";;"r_pCurveBList[11][15:8]"
"0xf4";2914;"RW";8;e9;"0~1023";
;;;"[7:0]";;"r_pCurveBList[12][7:0]"
"0xf5";2915;"RW";8;2;;
;;;"[7:0]";;"r_pCurveBList[12][15:8]"
"0xf6";2916;"RW";8;6;"0~1023";
;;;"[7:0]";;"r_pCurveBList[13][7:0]"
"0xf7";2917;"RW";8;3;;
;;;"[7:0]";;"r_pCurveBList[13][15:8]"
"0xf8";2918;"RW";8;1f;"0~1023";
;;;"[7:0]";;"r_pCurveBList[14][7:0]"
"0xf9";2919;"RW";8;3;;
;;;"[7:0]";;"r_pCurveBList[14][15:8]"
"0xfa";291a;"RW";8;36;"0~1023";
;;;"[7:0]";;"r_pCurveBList[15][7:0]"
"0xfb";291b;"RW";8;3;;
;;;"[7:0]";;"r_pCurveBList[15][15:8]"
"0xfc";291c;"RW";8;4a;"0~1023";
;;;"[7:0]";;"r_pCurveBList[16][7:0]"
"0xfd";291d;"RW";8;3;;
;;;"[7:0]";;"r_pCurveBList[16][15:8]"
"0xfe";291e;"RW";8;5c;"0~1023";
;;;"[7:0]";;"r_pCurveBList[17][7:0]"
"0xff";291f;"RW";8;3;;
;;;"[7:0]";;"r_pCurveBList[17][15:8]"
"0x100";2920;"RW";8;6d;"0~1023";
;;;"[7:0]";;"r_pCurveBList[18][7:0]"
"0x101";2921;"RW";8;3;;
;;;"[7:0]";;"r_pCurveBList[18][15:8]"
"0x102";2922;"RW";8;7d;"0~1023";
;;;"[7:0]";;"r_pCurveBList[19][7:0]"
"0x103";2923;"RW";8;3;;
;;;"[7:0]";;"r_pCurveBList[19][15:8]"
"0x104";2924;"RW";8;8b;"0~1023";
;;;"[7:0]";;"r_pCurveBList[20][7:0]"
"0x105";2925;"RW";8;3;;
;;;"[7:0]";;"r_pCurveBList[20][15:8]"
"0x106";2926;"RW";8;98;"0~1023";
;;;"[7:0]";;"r_pCurveBList[21][7:0]"
"0x107";2927;"RW";8;3;;
;;;"[7:0]";;"r_pCurveBList[21][15:8]"
"0x108";2928;"RW";8;a5;"0~1023";
;;;"[7:0]";;"r_pCurveBList[22][7:0]"
"0x109";2929;"RW";8;3;;
;;;"[7:0]";;"r_pCurveBList[22][15:8]"
"0x10a";292a;"RW";8;b0;"0~1023";
;;;"[7:0]";;"r_pCurveBList[23][7:0]"
"0x10b";292b;"RW";8;3;;
;;;"[7:0]";;"r_pCurveBList[23][15:8]"
"0x10c";292c;"RW";8;bb;"0~1023";
;;;"[7:0]";;"r_pCurveBList[24][7:0]"
"0x10d";292d;"RW";8;3;;
;;;"[7:0]";;"r_pCurveBList[24][15:8]"
"0x10e";292e;"RW";8;c5;"0~1023";
;;;"[7:0]";;"r_pCurveBList[25][7:0]"
"0x10f";292f;"RW";8;3;;
;;;"[7:0]";;"r_pCurveBList[25][15:8]"
"0x110";2930;"RW";8;ce;"0~1023";
;;;"[7:0]";;"r_pCurveBList[26][7:0]"
"0x111";2931;"RW";8;3;;
;;;"[7:0]";;"r_pCurveBList[26][15:8]"
"0x112";2932;"RW";8;d7;"0~1023";
;;;"[7:0]";;"r_pCurveBList[27][7:0]"
"0x113";2933;"RW";8;3;;
;;;"[7:0]";;"r_pCurveBList[27][15:8]"
"0x114";2934;"RW";8;df;"0~1023";
;;;"[7:0]";;"r_pCurveBList[28][7:0]"
"0x115";2935;"RW";8;3;;
;;;"[7:0]";;"r_pCurveBList[28][15:8]"
"0x116";2936;"RW";8;e7;"0~1023";
;;;"[7:0]";;"r_pCurveBList[29][7:0]"
"0x117";2937;"RW";8;3;;
;;;"[7:0]";;"r_pCurveBList[29][15:8]"
"0x118";2938;"RW";8;ef;"0~1023";
;;;"[7:0]";;"r_pCurveBList[30][7:0]"
"0x119";2939;"RW";8;3;;
;;;"[7:0]";;"r_pCurveBList[30][15:8]"
"0x11a";293a;"RW";8;f7;"0~1023";
;;;"[7:0]";;"r_pCurveBList[31][7:0]"
"0x11b";293b;"RW";8;3;;
;;;"[7:0]";;"r_pCurveBList[31][15:8]"
"0x11c";293c;"RW";8;ff;"0~1023";
;;;"[7:0]";;"r_pCurveBList[32][7:0]"
"0x11d";293d;"RW";8;3;;
;;;"[7:0]";;"r_pCurveBList[32][15:8]"
"0x11e";293e;"RW";8;25;"0~4095";
;;;"[7:0]";;"r_pCurveGainA[0][7:0]"
"0x11f";293f;"RW";8;4;;
;;;"[7:0]";;"r_pCurveGainA[0][15:8]"
"0x120";2940;"RW";8;8a;"0~4095";
;;;"[7:0]";;"r_pCurveGainA[1][7:0]"
"0x121";2941;"RW";8;4;;
;;;"[7:0]";;"r_pCurveGainA[1][15:8]"
"0x122";2942;"RW";8;2f;"0~4095";
;;;"[7:0]";;"r_pCurveGainA[2][7:0]"
"0x123";2943;"RW";8;5;;
;;;"[7:0]";;"r_pCurveGainA[2][15:8]"
"0x124";2944;"RW";8;67;"0~4095";
;;;"[7:0]";;"r_pCurveGainA[3][7:0]"
"0x125";2945;"RW";8;6;;
;;;"[7:0]";;"r_pCurveGainA[3][15:8]"
"0x126";2946;"RW";8;71;"0~4095";
;;;"[7:0]";;"r_pCurveGainA[4][7:0]"
"0x127";2947;"RW";8;7;;
;;;"[7:0]";;"r_pCurveGainA[4][15:8]"
"0x128";2948;"RW";8;12;"0~4095";
;;;"[7:0]";;"r_pCurveGainA[5][7:0]"
"0x129";2949;"RW";8;8;;
;;;"[7:0]";;"r_pCurveGainA[5][15:8]"
"0x12a";294a;"RW";8;60;"0~4095";
;;;"[7:0]";;"r_pCurveGainA[6][7:0]"
"0x12b";294b;"RW";8;8;;
;;;"[7:0]";;"r_pCurveGainA[6][15:8]"
"0x12c";294c;"RW";8;76;"0~4095";
;;;"[7:0]";;"r_pCurveGainA[7][7:0]"
"0x12d";294d;"RW";8;8;;
;;;"[7:0]";;"r_pCurveGainA[7][15:8]"
"0x12e";294e;"RW";8;76;"0~4095";
;;;"[7:0]";;"r_pCurveGainA[8][7:0]"
"0x12f";294f;"RW";8;8;;
;;;"[7:0]";;"r_pCurveGainA[8][15:8]"
"0x130";2950;"RW";8;6d;"0~4095";
;;;"[7:0]";;"r_pCurveGainA[9][7:0]"
"0x131";2951;"RW";8;8;;
;;;"[7:0]";;"r_pCurveGainA[9][15:8]"
"0x132";2952;"RW";8;52;"0~4095";
;;;"[7:0]";;"r_pCurveGainA[10][7:0]"
"0x133";2953;"RW";8;8;;
;;;"[7:0]";;"r_pCurveGainA[10][15:8]"
"0x134";2954;"RW";8;1f;"0~4095";
;;;"[7:0]";;"r_pCurveGainA[11][7:0]"
"0x135";2955;"RW";8;8;;
;;;"[7:0]";;"r_pCurveGainA[11][15:8]"
"0x136";2956;"RW";8;db;"0~4095";
;;;"[7:0]";;"r_pCurveGainA[12][7:0]"
"0x137";2957;"RW";8;7;;
;;;"[7:0]";;"r_pCurveGainA[12][15:8]"
"0x138";2958;"RW";8;9f;"0~4095";
;;;"[7:0]";;"r_pCurveGainA[13][7:0]"
"0x139";2959;"RW";8;7;;
;;;"[7:0]";;"r_pCurveGainA[13][15:8]"
"0x13a";295a;"RW";8;5f;"0~4095";
;;;"[7:0]";;"r_pCurveGainA[14][7:0]"
"0x13b";295b;"RW";8;7;;
;;;"[7:0]";;"r_pCurveGainA[14][15:8]"
"0x13c";295c;"RW";8;1a;"0~4095";
;;;"[7:0]";;"r_pCurveGainA[15][7:0]"
"0x13d";295d;"RW";8;7;;
;;;"[7:0]";;"r_pCurveGainA[15][15:8]"
"0x13e";295e;"RW";8;c7;"0~4095";
;;;"[7:0]";;"r_pCurveGainA[16][7:0]"
"0x13f";295f;"RW";8;6;;
;;;"[7:0]";;"r_pCurveGainA[16][15:8]"
"0x140";2960;"RW";8;82;"0~4095";
;;;"[7:0]";;"r_pCurveGainA[17][7:0]"
"0x141";2961;"RW";8;6;;
;;;"[7:0]";;"r_pCurveGainA[17][15:8]"
"0x142";2962;"RW";8;42;"0~4095";
;;;"[7:0]";;"r_pCurveGainA[18][7:0]"
"0x143";2963;"RW";8;6;;
;;;"[7:0]";;"r_pCurveGainA[18][15:8]"
"0x144";2964;"RW";8;b;"0~4095";
;;;"[7:0]";;"r_pCurveGainA[19][7:0]"
"0x145";2965;"RW";8;6;;
;;;"[7:0]";;"r_pCurveGainA[19][15:8]"
"0x146";2966;"RW";8;d0;"0~4095";
;;;"[7:0]";;"r_pCurveGainA[20][7:0]"
"0x147";2967;"RW";8;5;;
;;;"[7:0]";;"r_pCurveGainA[20][15:8]"
"0x148";2968;"RW";8;9d;"0~4095";
;;;"[7:0]";;"r_pCurveGainA[21][7:0]"
"0x149";2969;"RW";8;5;;
;;;"[7:0]";;"r_pCurveGainA[21][15:8]"
"0x14a";296a;"RW";8;6b;"0~4095";
;;;"[7:0]";;"r_pCurveGainA[22][7:0]"
"0x14b";296b;"RW";8;5;;
;;;"[7:0]";;"r_pCurveGainA[22][15:8]"
"0x14c";296c;"RW";8;3d;"0~4095";
;;;"[7:0]";;"r_pCurveGainA[23][7:0]"
"0x14d";296d;"RW";8;5;;
;;;"[7:0]";;"r_pCurveGainA[23][15:8]"
"0x14e";296e;"RW";8;f;"0~4095";
;;;"[7:0]";;"r_pCurveGainA[24][7:0]"
"0x14f";296f;"RW";8;5;;
;;;"[7:0]";;"r_pCurveGainA[24][15:8]"
"0x150";2970;"RW";8;ea;"0~4095";
;;;"[7:0]";;"r_pCurveGainA[25][7:0]"
"0x151";2971;"RW";8;4;;
;;;"[7:0]";;"r_pCurveGainA[25][15:8]"
"0x152";2972;"RW";8;c1;"0~4095";
;;;"[7:0]";;"r_pCurveGainA[26][7:0]"
"0x153";2973;"RW";8;4;;
;;;"[7:0]";;"r_pCurveGainA[26][15:8]"
"0x154";2974;"RW";8;9c;"0~4095";
;;;"[7:0]";;"r_pCurveGainA[27][7:0]"
"0x155";2975;"RW";8;4;;
;;;"[7:0]";;"r_pCurveGainA[27][15:8]"
"0x156";2976;"RW";8;78;"0~4095";
;;;"[7:0]";;"r_pCurveGainA[28][7:0]"
"0x157";2977;"RW";8;4;;
;;;"[7:0]";;"r_pCurveGainA[28][15:8]"
"0x158";2978;"RW";8;57;"0~4095";
;;;"[7:0]";;"r_pCurveGainA[29][7:0]"
"0x159";2979;"RW";8;4;;
;;;"[7:0]";;"r_pCurveGainA[29][15:8]"
"0x15a";297a;"RW";8;3c;"0~4095";
;;;"[7:0]";;"r_pCurveGainA[30][7:0]"
"0x15b";297b;"RW";8;4;;
;;;"[7:0]";;"r_pCurveGainA[30][15:8]"
"0x15c";297c;"RW";8;20;"0~4095";
;;;"[7:0]";;"r_pCurveGainA[31][7:0]"
"0x15d";297d;"RW";8;4;;
;;;"[7:0]";;"r_pCurveGainA[31][15:8]"
"0x15e";297e;"RW";8;0;"0~4095";
;;;"[7:0]";;"r_pCurveGainA[32][7:0]"
"0x15f";297f;"RW";8;4;;
;;;"[7:0]";;"r_pCurveGainA[32][15:8]"
"0x160";2980;"RW";8;4e;"0~4095";
;;;"[7:0]";;"r_pCurveGainB[0][7:0]"
"0x161";2981;"RW";8;4;;
;;;"[7:0]";;"r_pCurveGainB[0][15:8]"
"0x162";2982;"RW";8;98;"0~4095";
;;;"[7:0]";;"r_pCurveGainB[1][7:0]"
"0x163";2983;"RW";8;4;;
;;;"[7:0]";;"r_pCurveGainB[1][15:8]"
"0x164";2984;"RW";8;14;"0~4095";
;;;"[7:0]";;"r_pCurveGainB[2][7:0]"
"0x165";2985;"RW";8;5;;
;;;"[7:0]";;"r_pCurveGainB[2][15:8]"
"0x166";2986;"RW";8;2b;"0~4095";
;;;"[7:0]";;"r_pCurveGainB[3][7:0]"
"0x167";2987;"RW";8;6;;
;;;"[7:0]";;"r_pCurveGainB[3][15:8]"
"0x168";2988;"RW";8;3a;"0~4095";
;;;"[7:0]";;"r_pCurveGainB[4][7:0]"
"0x169";2989;"RW";8;7;;
;;;"[7:0]";;"r_pCurveGainB[4][15:8]"
"0x16a";298a;"RW";8;d6;"0~4095";
;;;"[7:0]";;"r_pCurveGainB[5][7:0]"
"0x16b";298b;"RW";8;7;;
;;;"[7:0]";;"r_pCurveGainB[5][15:8]"
"0x16c";298c;"RW";8;1f;"0~4095";
;;;"[7:0]";;"r_pCurveGainB[6][7:0]"
"0x16d";298d;"RW";8;8;;
;;;"[7:0]";;"r_pCurveGainB[6][15:8]"
"0x16e";298e;"RW";8;3f;"0~4095";
;;;"[7:0]";;"r_pCurveGainB[7][7:0]"
"0x16f";298f;"RW";8;8;;
;;;"[7:0]";;"r_pCurveGainB[7][15:8]"
"0x170";2990;"RW";8;44;"0~4095";
;;;"[7:0]";;"r_pCurveGainB[8][7:0]"
"0x171";2991;"RW";8;8;;
;;;"[7:0]";;"r_pCurveGainB[8][15:8]"
"0x172";2992;"RW";8;36;"0~4095";
;;;"[7:0]";;"r_pCurveGainB[9][7:0]"
"0x173";2993;"RW";8;8;;
;;;"[7:0]";;"r_pCurveGainB[9][15:8]"
"0x174";2994;"RW";8;12;"0~4095";
;;;"[7:0]";;"r_pCurveGainB[10][7:0]"
"0x175";2995;"RW";8;8;;
;;;"[7:0]";;"r_pCurveGainB[10][15:8]"
"0x176";2996;"RW";8;e4;"0~4095";
;;;"[7:0]";;"r_pCurveGainB[11][7:0]"
"0x177";2997;"RW";8;7;;
;;;"[7:0]";;"r_pCurveGainB[11][15:8]"
"0x178";2998;"RW";8;9f;"0~4095";
;;;"[7:0]";;"r_pCurveGainB[12][7:0]"
"0x179";2999;"RW";8;7;;
;;;"[7:0]";;"r_pCurveGainB[12][15:8]"
"0x17a";299a;"RW";8;51;"0~4095";
;;;"[7:0]";;"r_pCurveGainB[13][7:0]"
"0x17b";299b;"RW";8;7;;
;;;"[7:0]";;"r_pCurveGainB[13][15:8]"
"0x17c";299c;"RW";8;f5;"0~4095";
;;;"[7:0]";;"r_pCurveGainB[14][7:0]"
"0x17d";299d;"RW";8;6;;
;;;"[7:0]";;"r_pCurveGainB[14][15:8]"
"0x17e";299e;"RW";8;9e;"0~4095";
;;;"[7:0]";;"r_pCurveGainB[15][7:0]"
"0x17f";299f;"RW";8;6;;
;;;"[7:0]";;"r_pCurveGainB[15][15:8]"
"0x180";29a0;"RW";8;4b;"0~4095";
;;;"[7:0]";;"r_pCurveGainB[16][7:0]"
"0x181";29a1;"RW";8;6;;
;;;"[7:0]";;"r_pCurveGainB[16][15:8]"
"0x182";29a2;"RW";8;14;"0~4095";
;;;"[7:0]";;"r_pCurveGainB[17][7:0]"
"0x183";29a3;"RW";8;6;;
;;;"[7:0]";;"r_pCurveGainB[17][15:8]"
"0x184";29a4;"RW";8;e7;"0~4095";
;;;"[7:0]";;"r_pCurveGainB[18][7:0]"
"0x185";29a5;"RW";8;5;;
;;;"[7:0]";;"r_pCurveGainB[18][15:8]"
"0x186";29a6;"RW";8;bd;"0~4095";
;;;"[7:0]";;"r_pCurveGainB[19][7:0]"
"0x187";29a7;"RW";8;5;;
;;;"[7:0]";;"r_pCurveGainB[19][15:8]"
"0x188";29a8;"RW";8;8b;"0~4095";
;;;"[7:0]";;"r_pCurveGainB[20][7:0]"
"0x189";29a9;"RW";8;5;;
;;;"[7:0]";;"r_pCurveGainB[20][15:8]"
"0x18a";29aa;"RW";8;5d;"0~4095";
;;;"[7:0]";;"r_pCurveGainB[21][7:0]"
"0x18b";29ab;"RW";8;5;;
;;;"[7:0]";;"r_pCurveGainB[21][15:8]"
"0x18c";29ac;"RW";8;26;"0~4095";
;;;"[7:0]";;"r_pCurveGainB[22][7:0]"
"0x18d";29ad;"RW";8;5;;
;;;"[7:0]";;"r_pCurveGainB[22][15:8]"
"0x18e";29ae;"RW";8;f3;"0~4095";
;;;"[7:0]";;"r_pCurveGainB[23][7:0]"
"0x18f";29af;"RW";8;4;;
;;;"[7:0]";;"r_pCurveGainB[23][15:8]"
"0x190";29b0;"RW";8;c1;"0~4095";
;;;"[7:0]";;"r_pCurveGainB[24][7:0]"
"0x191";29b1;"RW";8;4;;
;;;"[7:0]";;"r_pCurveGainB[24][15:8]"
"0x192";29b2;"RW";8;9c;"0~4095";
;;;"[7:0]";;"r_pCurveGainB[25][7:0]"
"0x193";29b3;"RW";8;4;;
;;;"[7:0]";;"r_pCurveGainB[25][15:8]"
"0x194";29b4;"RW";8;78;"0~4095";
;;;"[7:0]";;"r_pCurveGainB[26][7:0]"
"0x195";29b5;"RW";8;4;;
;;;"[7:0]";;"r_pCurveGainB[26][15:8]"
"0x196";29b6;"RW";8;4e;"0~4095";
;;;"[7:0]";;"r_pCurveGainB[27][7:0]"
"0x197";29b7;"RW";8;4;;
;;;"[7:0]";;"r_pCurveGainB[27][15:8]"
"0x198";29b8;"RW";8;25;"0~4095";
;;;"[7:0]";;"r_pCurveGainB[28][7:0]"
"0x199";29b9;"RW";8;4;;
;;;"[7:0]";;"r_pCurveGainB[28][15:8]"
"0x19a";29ba;"RW";8;5;"0~4095";
;;;"[7:0]";;"r_pCurveGainB[29][7:0]"
"0x19b";29bb;"RW";8;4;;
;;;"[7:0]";;"r_pCurveGainB[29][15:8]"
"0x19c";29bc;"RW";8;e9;"0~4095";
;;;"[7:0]";;"r_pCurveGainB[30][7:0]"
"0x19d";29bd;"RW";8;3;;
;;;"[7:0]";;"r_pCurveGainB[30][15:8]"
"0x19e";29be;"RW";8;d7;"0~4095";
;;;"[7:0]";;"r_pCurveGainB[31][7:0]"
"0x19f";29bf;"RW";8;3;;
;;;"[7:0]";;"r_pCurveGainB[31][15:8]"
"0x1a0";29c0;"RW";8;0;"0~4095";
;;;"[7:0]";;"r_pCurveGainB[32][7:0]"
"0x1a1";29c1;"RW";8;4;;
;;;"[7:0]";;"r_pCurveGainB[32][15:8]"
"0x1a5";29c5;"RW";8;0;"0~63";
;;;"[7:0]";;"r_nDarkUVSlope[7:0]"
"0x1a6";29c6;"RW";8;10;"0~63";
;;;"[7:0]";;"r_nDarkUVSlope2[7:0]"
"0x1a8";29c8;"RW";8;32;"0~255";
;;;"[7:0]";;"r_nOffsetLimit[7:0]"
"0x1a7";29c7;"RW";8;0;"0~255";
;;;"[7:0]";;"r_nManualOffset[7:0]"
"0x1aa";29ca;"RW";8;0;"0~255";
;;;"[7:0]";;"r_nSPoint[7:0]"
"0x1ab";29cb;"RW";8;2;;
;;;"[7:0]";;"r_nSPoint[15:8]"
"0x1ac";29cc;"RW";8;60;"0~127";
;;;"[7:0]";;"r_nIntensity[7:0]"
"0x1ad";29cd;"RW";8;1;"0~1";
;;;"[7:0]";;"r_bAdjustLuma[7:0]"
"0x1ae";29ce;"RW";8;0;"0~65535";
;;;"[7:0]";;"r_pStretchISOList[0][7:0]"
"0x1af";29cf;"RW";8;4;;
;;;"[7:0]";;"r_pStretchISOList[0][15:8]"
"0x1b0";29d0;"RW";8;0;"0~65535";
;;;"[7:0]";;"r_pStretchISOList[1][7:0]"
"0x1b1";29d1;"RW";8;4;;
;;;"[7:0]";;"r_pStretchISOList[1][15:8]"
"0x1b2";29d2;"RW";8;0;"0~65535";
;;;"[7:0]";;"r_pStretchISOList[2][7:0]"
"0x1b3";29d3;"RW";8;4;;
;;;"[7:0]";;"r_pStretchISOList[2][15:8]"
"0x1b4";29d4;"RW";8;0;"0~65535";
;;;"[7:0]";;"r_pStretchISOList[3][7:0]"
"0x1b5";29d5;"RW";8;4;;
;;;"[7:0]";;"r_pStretchISOList[3][15:8]"
"0x1b6";29d6;"RW";8;0;"0~65535";
;;;"[7:0]";;"r_pStretchISOList[4][7:0]"
"0x1b7";29d7;"RW";8;4;;
;;;"[7:0]";;"r_pStretchISOList[4][15:8]"
"0x1b8";29d8;"RW";8;0;"0~4095";
;;;"[7:0]";;"r_pLowLevelOffset[0][7:0]"
"0x1b9";29d9;"RW";8;0;;
;;;"[7:0]";;"r_pLowLevelOffset[0][15:8]"
"0x1ba";29da;"RW";8;0;"0~4095";
;;;"[7:0]";;"r_pLowLevelOffset[1][7:0]"
"0x1bb";29db;"RW";8;0;;
;;;"[7:0]";;"r_pLowLevelOffset[1][15:8]"
"0x1bc";29dc;"RW";8;0;"0~4095";
;;;"[7:0]";;"r_pLowLevelOffset[2][7:0]"
"0x1bd";29dd;"RW";8;0;;
;;;"[7:0]";;"r_pLowLevelOffset[2][15:8]"
"0x1be";29de;"RW";8;0;"0~4095";
;;;"[7:0]";;"r_pLowLevelOffset[3][7:0]"
"0x1bf";29df;"RW";8;0;;
;;;"[7:0]";;"r_pLowLevelOffset[3][15:8]"
"0x1c0";29e0;"RW";8;0;"0~4095";
;;;"[7:0]";;"r_pLowLevelOffset[4][7:0]"
"0x1c1";29e1;"RW";8;0;;
;;;"[7:0]";;"r_pLowLevelOffset[4][15:8]"
"0x1c2";29e2;"RW";8;0;"0~2047";
;;;"[7:0]";;"r_pStretchRat[0][7:0]"
"0x1c3";29e3;"RW";8;4;;
;;;"[7:0]";;"r_pStretchRat[0][15:8]"
"0x1c4";29e4;"RW";8;0;"0~2047";
;;;"[7:0]";;"r_pStretchRat[1][7:0]"
"0x1c5";29e5;"RW";8;4;;
;;;"[7:0]";;"r_pStretchRat[1][15:8]"
"0x1c6";29e6;"RW";8;0;"0~2047";
;;;"[7:0]";;"r_pStretchRat[2][7:0]"
"0x1c7";29e7;"RW";8;4;;
;;;"[7:0]";;"r_pStretchRat[2][15:8]"
"0x1c8";29e8;"RW";8;0;"0~2047";
;;;"[7:0]";;"r_pStretchRat[3][7:0]"
"0x1c9";29e9;"RW";8;4;;
;;;"[7:0]";;"r_pStretchRat[3][15:8]"
"0x1ca";29ea;"RW";8;0;"0~2047";
;;;"[7:0]";;"r_pStretchRat[4][7:0]"
"0x1cb";29eb;"RW";8;4;;
;;;"[7:0]";;"r_pStretchRat[4][15:8]"
"0x1cc";29ec;"RW";8;0;"0~1";
;;;"[7:0]";;"r_bAdjustStrengthTempeture[7:0]"
"0x1ce";29ee;"RW";8;1e;"-256~255";
;;;"[7:0]";;"r_pTemperature[0][7:0]"
"0x1cf";29ef;"RW";8;0;;
;;;"[7:0]";;"r_pTemperature[0][15:8]"
"0x1d0";29f0;"RW";8;1e;"-256~255";
;;;"[7:0]";;"r_pTemperature[1][7:0]"
"0x1d1";29f1;"RW";8;0;;
;;;"[7:0]";;"r_pTemperature[1][15:8]"
"0x1d2";29f2;"RW";8;1e;"-256~255";
;;;"[7:0]";;"r_pTemperature[2][7:0]"
"0x1d3";29f3;"RW";8;0;;
;;;"[7:0]";;"r_pTemperature[2][15:8]"
"0x1d4";29f4;"RW";8;1e;"-256~255";
;;;"[7:0]";;"r_pTemperature[3][7:0]"
"0x1d5";29f5;"RW";8;0;;
;;;"[7:0]";;"r_pTemperature[3][15:8]"
"0x1d6";29f6;"RW";8;40;"0~255";
;;;"[7:0]";;"r_pDecreaseRat[0][7:0]"
"0x1d7";29f7;"RW";8;40;"0~255";
;;;"[7:0]";;"r_pDecreaseRat[1][7:0]"
"0x1d8";29f8;"RW";8;40;"0~255";
;;;"[7:0]";;"r_pDecreaseRat[2][7:0]"
"0x1d9";29f9;"RW";8;40;"0~255";
;;;"[7:0]";;"r_pDecreaseRat[3][7:0]"
"end";;;;;
