"base_addr";0x30080920;"addr_bits";8;;
parameter;ACK_DLY=0;;;;
;;;;;
;;;;;
"module_name";"cam0_CIP_V";;;;
"sub_addr";"addr";"RW";"bits";"default (hex)";"description"
"0x00";0920;"RW";8;1;"0~1";
;;;"[7:0]";;"r_bDnsEnable[7:0]"
"0x01";0921;"RW";8;1;"0~1";
;;;"[7:0]";;"r_bGbalEnable[7:0]"
"0x02";0922;"RW";8;1;"0~1";
;;;"[7:0]";;"r_bCACEnable[7:0]"
"0x03";0923;"RW";8;1;"0~1";
;;;"[7:0]";;"r_bCACHueEnable[7:0]"
"0x04";0924;"RW";8;1;"0~1";
;;;"[7:0]";;"r_bCHpEnable[7:0]"
"0x05";0925;"RW";8;0;"0~1";
;;;"[7:0]";;"r_bMirrEnable[7:0]"
"0x06";0926;"RW";8;0;"0~1";
;;;"[7:0]";;"r_bFlipEnable[7:0]"
"0x07";0927;"RW";8;0;"0~1";
;;;"[7:0]";;"r_bMonoEnable[7:0]"
"0x08";0928;"RW";8;10;"0~4095";
;;;"[7:0]";;"r_nGainNode[0][7:0]"
"0x09";0929;"RW";8;0;;
;;;"[7:0]";;"r_nGainNode[0][15:8]"
"0x0a";092a;"RW";8;40;"0~4095";
;;;"[7:0]";;"r_nGainNode[1][7:0]"
"0x0b";092b;"RW";8;0;;
;;;"[7:0]";;"r_nGainNode[1][15:8]"
"0x0c";092c;"RW";8;0;"0~4095";
;;;"[7:0]";;"r_nGainNode[2][7:0]"
"0x0d";092d;"RW";8;1;;
;;;"[7:0]";;"r_nGainNode[2][15:8]"
"0x0e";092e;"RW";8;0;"0~4095";
;;;"[7:0]";;"r_nGainNode[3][7:0]"
"0x0f";092f;"RW";8;4;;
;;;"[7:0]";;"r_nGainNode[3][15:8]"
"0x10";0930;"RW";8;10;"0~4095";
;;;"[7:0]";;"r_nGainNode[4][7:0]"
"0x11";0931;"RW";8;0;;
;;;"[7:0]";;"r_nGainNode[4][15:8]"
"0x12";0932;"RW";8;40;"0~4095";
;;;"[7:0]";;"r_nGainNode[5][7:0]"
"0x13";0933;"RW";8;0;;
;;;"[7:0]";;"r_nGainNode[5][15:8]"
"0x14";0934;"RW";8;0;"0~4095";
;;;"[7:0]";;"r_nGainNode[6][7:0]"
"0x15";0935;"RW";8;1;;
;;;"[7:0]";;"r_nGainNode[6][15:8]"
"0x16";0936;"RW";8;0;"0~4095";
;;;"[7:0]";;"r_nGainNode[7][7:0]"
"0x17";0937;"RW";8;4;;
;;;"[7:0]";;"r_nGainNode[7][15:8]"
"0x18";0938;"RW";8;3;"0~255";
;;;"[7:0]";;"r_nEdgeCoe[0][7:0]"
"0x19";0939;"RW";8;9;"0~255";
;;;"[7:0]";;"r_nEdgeCoe[1][7:0]"
"0x1a";093a;"RW";8;18;"0~255";
;;;"[7:0]";;"r_nEdgeCoe[2][7:0]"
"0x1b";093b;"RW";8;3c;"0~255";
;;;"[7:0]";;"r_nEdgeCoe[3][7:0]"
"0x1c";093c;"RW";8;3;"0~255";
;;;"[7:0]";;"r_nEdgeCoe[4][7:0]"
"0x1d";093d;"RW";8;9;"0~255";
;;;"[7:0]";;"r_nEdgeCoe[5][7:0]"
"0x1e";093e;"RW";8;18;"0~255";
;;;"[7:0]";;"r_nEdgeCoe[6][7:0]"
"0x1f";093f;"RW";8;3c;"0~255";
;;;"[7:0]";;"r_nEdgeCoe[7][7:0]"
"0x20";0940;"RW";8;0;"0~255";
;;;"[7:0]";;"r_nEdgeInt[0][7:0]"
"0x21";0941;"RW";8;0;"0~255";
;;;"[7:0]";;"r_nEdgeInt[1][7:0]"
"0x22";0942;"RW";8;0;"0~255";
;;;"[7:0]";;"r_nEdgeInt[2][7:0]"
"0x23";0943;"RW";8;14;"0~255";
;;;"[7:0]";;"r_nEdgeInt[3][7:0]"
"0x24";0944;"RW";8;0;"0~255";
;;;"[7:0]";;"r_nEdgeInt[4][7:0]"
"0x25";0945;"RW";8;0;"0~255";
;;;"[7:0]";;"r_nEdgeInt[5][7:0]"
"0x26";0946;"RW";8;0;"0~255";
;;;"[7:0]";;"r_nEdgeInt[6][7:0]"
"0x27";0947;"RW";8;14;"0~255";
;;;"[7:0]";;"r_nEdgeInt[7][7:0]"
"0x28";0948;"RW";8;2;"0~15";
;;;"[7:0]";;"r_nEdgeRat[0][7:0]"
"0x29";0949;"RW";8;2;"0~15";
;;;"[7:0]";;"r_nEdgeRat[1][7:0]"
"0x2a";094a;"RW";8;2;"0~15";
;;;"[7:0]";;"r_nEdgeRat[2][7:0]"
"0x2b";094b;"RW";8;2;"0~15";
;;;"[7:0]";;"r_nEdgeRat[3][7:0]"
"0x2c";094c;"RW";8;2;"0~15";
;;;"[7:0]";;"r_nEdgeRat[4][7:0]"
"0x2d";094d;"RW";8;2;"0~15";
;;;"[7:0]";;"r_nEdgeRat[5][7:0]"
"0x2e";094e;"RW";8;2;"0~15";
;;;"[7:0]";;"r_nEdgeRat[6][7:0]"
"0x2f";094f;"RW";8;2;"0~15";
;;;"[7:0]";;"r_nEdgeRat[7][7:0]"
"0x30";0950;"RW";8;4;"0~255";
;;;"[7:0]";;"r_nGDnsFlatCoe[0][7:0]"
"0x31";0951;"RW";8;a;"0~255";
;;;"[7:0]";;"r_nGDnsFlatCoe[1][7:0]"
"0x32";0952;"RW";8;28;"0~255";
;;;"[7:0]";;"r_nGDnsFlatCoe[2][7:0]"
"0x33";0953;"RW";8;50;"0~255";
;;;"[7:0]";;"r_nGDnsFlatCoe[3][7:0]"
"0x34";0954;"RW";8;4;"0~255";
;;;"[7:0]";;"r_nGDnsFlatCoe[4][7:0]"
"0x35";0955;"RW";8;a;"0~255";
;;;"[7:0]";;"r_nGDnsFlatCoe[5][7:0]"
"0x36";0956;"RW";8;28;"0~255";
;;;"[7:0]";;"r_nGDnsFlatCoe[6][7:0]"
"0x37";0957;"RW";8;50;"0~255";
;;;"[7:0]";;"r_nGDnsFlatCoe[7][7:0]"
"0x38";0958;"RW";8;0;"0~255";
;;;"[7:0]";;"r_nGDnsFlatInt[0][7:0]"
"0x39";0959;"RW";8;0;"0~255";
;;;"[7:0]";;"r_nGDnsFlatInt[1][7:0]"
"0x3a";095a;"RW";8;0;"0~255";
;;;"[7:0]";;"r_nGDnsFlatInt[2][7:0]"
"0x3b";095b;"RW";8;8c;"0~255";
;;;"[7:0]";;"r_nGDnsFlatInt[3][7:0]"
"0x3c";095c;"RW";8;0;"0~255";
;;;"[7:0]";;"r_nGDnsFlatInt[4][7:0]"
"0x3d";095d;"RW";8;0;"0~255";
;;;"[7:0]";;"r_nGDnsFlatInt[5][7:0]"
"0x3e";095e;"RW";8;0;"0~255";
;;;"[7:0]";;"r_nGDnsFlatInt[6][7:0]"
"0x3f";095f;"RW";8;8c;"0~255";
;;;"[7:0]";;"r_nGDnsFlatInt[7][7:0]"
"0x40";0960;"RW";8;6;"0~255";
;;;"[7:0]";;"r_nGDnsEdgeCoe[0][7:0]"
"0x41";0961;"RW";8;f;"0~255";
;;;"[7:0]";;"r_nGDnsEdgeCoe[1][7:0]"
"0x42";0962;"RW";8;3c;"0~255";
;;;"[7:0]";;"r_nGDnsEdgeCoe[2][7:0]"
"0x43";0963;"RW";8;78;"0~255";
;;;"[7:0]";;"r_nGDnsEdgeCoe[3][7:0]"
"0x44";0964;"RW";8;6;"0~255";
;;;"[7:0]";;"r_nGDnsEdgeCoe[4][7:0]"
"0x45";0965;"RW";8;f;"0~255";
;;;"[7:0]";;"r_nGDnsEdgeCoe[5][7:0]"
"0x46";0966;"RW";8;3c;"0~255";
;;;"[7:0]";;"r_nGDnsEdgeCoe[6][7:0]"
"0x47";0967;"RW";8;78;"0~255";
;;;"[7:0]";;"r_nGDnsEdgeCoe[7][7:0]"
"0x48";0968;"RW";8;0;"0~255";
;;;"[7:0]";;"r_nGDnsEdgeInt[0][7:0]"
"0x49";0969;"RW";8;0;"0~255";
;;;"[7:0]";;"r_nGDnsEdgeInt[1][7:0]"
"0x4a";096a;"RW";8;0;"0~255";
;;;"[7:0]";;"r_nGDnsEdgeInt[2][7:0]"
"0x4b";096b;"RW";8;8c;"0~255";
;;;"[7:0]";;"r_nGDnsEdgeInt[3][7:0]"
"0x4c";096c;"RW";8;0;"0~255";
;;;"[7:0]";;"r_nGDnsEdgeInt[4][7:0]"
"0x4d";096d;"RW";8;0;"0~255";
;;;"[7:0]";;"r_nGDnsEdgeInt[5][7:0]"
"0x4e";096e;"RW";8;0;"0~255";
;;;"[7:0]";;"r_nGDnsEdgeInt[6][7:0]"
"0x4f";096f;"RW";8;8c;"0~255";
;;;"[7:0]";;"r_nGDnsEdgeInt[7][7:0]"
"0x50";0970;"RW";8;8;"0~255";
;;;"[7:0]";;"r_nCDnsFlatCoe[0][7:0]"
"0x51";0971;"RW";8;14;"0~255";
;;;"[7:0]";;"r_nCDnsFlatCoe[1][7:0]"
"0x52";0972;"RW";8;50;"0~255";
;;;"[7:0]";;"r_nCDnsFlatCoe[2][7:0]"
"0x53";0973;"RW";8;a0;"0~255";
;;;"[7:0]";;"r_nCDnsFlatCoe[3][7:0]"
"0x54";0974;"RW";8;8;"0~255";
;;;"[7:0]";;"r_nCDnsFlatCoe[4][7:0]"
"0x55";0975;"RW";8;14;"0~255";
;;;"[7:0]";;"r_nCDnsFlatCoe[5][7:0]"
"0x56";0976;"RW";8;50;"0~255";
;;;"[7:0]";;"r_nCDnsFlatCoe[6][7:0]"
"0x57";0977;"RW";8;a0;"0~255";
;;;"[7:0]";;"r_nCDnsFlatCoe[7][7:0]"
"0x58";0978;"RW";8;0;"0~255";
;;;"[7:0]";;"r_nCDnsFlatInt[0][7:0]"
"0x59";0979;"RW";8;0;"0~255";
;;;"[7:0]";;"r_nCDnsFlatInt[1][7:0]"
"0x5a";097a;"RW";8;0;"0~255";
;;;"[7:0]";;"r_nCDnsFlatInt[2][7:0]"
"0x5b";097b;"RW";8;8c;"0~255";
;;;"[7:0]";;"r_nCDnsFlatInt[3][7:0]"
"0x5c";097c;"RW";8;0;"0~255";
;;;"[7:0]";;"r_nCDnsFlatInt[4][7:0]"
"0x5d";097d;"RW";8;0;"0~255";
;;;"[7:0]";;"r_nCDnsFlatInt[5][7:0]"
"0x5e";097e;"RW";8;0;"0~255";
;;;"[7:0]";;"r_nCDnsFlatInt[6][7:0]"
"0x5f";097f;"RW";8;8c;"0~255";
;;;"[7:0]";;"r_nCDnsFlatInt[7][7:0]"
"0x60";0980;"RW";8;c;"0~255";
;;;"[7:0]";;"r_nCDnsEdgeCoe[0][7:0]"
"0x61";0981;"RW";8;1e;"0~255";
;;;"[7:0]";;"r_nCDnsEdgeCoe[1][7:0]"
"0x62";0982;"RW";8;78;"0~255";
;;;"[7:0]";;"r_nCDnsEdgeCoe[2][7:0]"
"0x63";0983;"RW";8;f0;"0~255";
;;;"[7:0]";;"r_nCDnsEdgeCoe[3][7:0]"
"0x64";0984;"RW";8;c;"0~255";
;;;"[7:0]";;"r_nCDnsEdgeCoe[4][7:0]"
"0x65";0985;"RW";8;1e;"0~255";
;;;"[7:0]";;"r_nCDnsEdgeCoe[5][7:0]"
"0x66";0986;"RW";8;78;"0~255";
;;;"[7:0]";;"r_nCDnsEdgeCoe[6][7:0]"
"0x67";0987;"RW";8;f0;"0~255";
;;;"[7:0]";;"r_nCDnsEdgeCoe[7][7:0]"
"0x68";0988;"RW";8;0;"0~255";
;;;"[7:0]";;"r_nCDnsEdgeInt[0][7:0]"
"0x69";0989;"RW";8;0;"0~255";
;;;"[7:0]";;"r_nCDnsEdgeInt[1][7:0]"
"0x6a";098a;"RW";8;0;"0~255";
;;;"[7:0]";;"r_nCDnsEdgeInt[2][7:0]"
"0x6b";098b;"RW";8;8c;"0~255";
;;;"[7:0]";;"r_nCDnsEdgeInt[3][7:0]"
"0x6c";098c;"RW";8;0;"0~255";
;;;"[7:0]";;"r_nCDnsEdgeInt[4][7:0]"
"0x6d";098d;"RW";8;0;"0~255";
;;;"[7:0]";;"r_nCDnsEdgeInt[5][7:0]"
"0x6e";098e;"RW";8;0;"0~255";
;;;"[7:0]";;"r_nCDnsEdgeInt[6][7:0]"
"0x6f";098f;"RW";8;8c;"0~255";
;;;"[7:0]";;"r_nCDnsEdgeInt[7][7:0]"
"0x70";0990;"RW";8;10;"0~63";
;;;"[7:0]";;"r_nDnsSid[0][7:0]"
"0x71";0991;"RW";8;10;"0~63";
;;;"[7:0]";;"r_nDnsSid[1][7:0]"
"0x72";0992;"RW";8;10;"0~63";
;;;"[7:0]";;"r_nDnsSid[2][7:0]"
"0x73";0993;"RW";8;10;"0~63";
;;;"[7:0]";;"r_nDnsSid[3][7:0]"
"0x74";0994;"RW";8;10;"0~63";
;;;"[7:0]";;"r_nDnsSid[4][7:0]"
"0x75";0995;"RW";8;10;"0~63";
;;;"[7:0]";;"r_nDnsSid[5][7:0]"
"0x76";0996;"RW";8;10;"0~63";
;;;"[7:0]";;"r_nDnsSid[6][7:0]"
"0x77";0997;"RW";8;10;"0~63";
;;;"[7:0]";;"r_nDnsSid[7][7:0]"
"0x78";0998;"RW";8;1c;"0~63";
;;;"[7:0]";;"r_nDnsGbal[0][7:0]"
"0x79";0999;"RW";8;1c;"0~63";
;;;"[7:0]";;"r_nDnsGbal[1][7:0]"
"0x7a";099a;"RW";8;1c;"0~63";
;;;"[7:0]";;"r_nDnsGbal[2][7:0]"
"0x7b";099b;"RW";8;1c;"0~63";
;;;"[7:0]";;"r_nDnsGbal[3][7:0]"
"0x7c";099c;"RW";8;1c;"0~63";
;;;"[7:0]";;"r_nDnsGbal[4][7:0]"
"0x7d";099d;"RW";8;1c;"0~63";
;;;"[7:0]";;"r_nDnsGbal[5][7:0]"
"0x7e";099e;"RW";8;1c;"0~63";
;;;"[7:0]";;"r_nDnsGbal[6][7:0]"
"0x7f";099f;"RW";8;1c;"0~63";
;;;"[7:0]";;"r_nDnsGbal[7][7:0]"
"0x80";09a0;"RW";8;4;"0~16";
;;;"[7:0]";;"r_nDnsBack[0][7:0]"
"0x81";09a1;"RW";8;6;"0~16";
;;;"[7:0]";;"r_nDnsBack[1][7:0]"
"0x82";09a2;"RW";8;8;"0~16";
;;;"[7:0]";;"r_nDnsBack[2][7:0]"
"0x83";09a3;"RW";8;c;"0~16";
;;;"[7:0]";;"r_nDnsBack[3][7:0]"
"0x84";09a4;"RW";8;4;"0~16";
;;;"[7:0]";;"r_nDnsBack[4][7:0]"
"0x85";09a5;"RW";8;6;"0~16";
;;;"[7:0]";;"r_nDnsBack[5][7:0]"
"0x86";09a6;"RW";8;8;"0~16";
;;;"[7:0]";;"r_nDnsBack[6][7:0]"
"0x87";09a7;"RW";8;c;"0~16";
;;;"[7:0]";;"r_nDnsBack[7][7:0]"
"0x88";09a8;"RW";8;3c;"0~255";
;;;"[7:0]";;"r_nGBalCoe[0][7:0]"
"0x89";09a9;"RW";8;3c;"0~255";
;;;"[7:0]";;"r_nGBalCoe[1][7:0]"
"0x8a";09aa;"RW";8;3c;"0~255";
;;;"[7:0]";;"r_nGBalCoe[2][7:0]"
"0x8b";09ab;"RW";8;3c;"0~255";
;;;"[7:0]";;"r_nGBalCoe[3][7:0]"
"0x8c";09ac;"RW";8;3c;"0~255";
;;;"[7:0]";;"r_nGBalCoe[4][7:0]"
"0x8d";09ad;"RW";8;3c;"0~255";
;;;"[7:0]";;"r_nGBalCoe[5][7:0]"
"0x8e";09ae;"RW";8;3c;"0~255";
;;;"[7:0]";;"r_nGBalCoe[6][7:0]"
"0x8f";09af;"RW";8;3c;"0~255";
;;;"[7:0]";;"r_nGBalCoe[7][7:0]"
"0x90";09b0;"RW";8;0;"0~255";
;;;"[7:0]";;"r_nGBalInt[0][7:0]"
"0x91";09b1;"RW";8;0;"0~255";
;;;"[7:0]";;"r_nGBalInt[1][7:0]"
"0x92";09b2;"RW";8;0;"0~255";
;;;"[7:0]";;"r_nGBalInt[2][7:0]"
"0x93";09b3;"RW";8;0;"0~255";
;;;"[7:0]";;"r_nGBalInt[3][7:0]"
"0x94";09b4;"RW";8;0;"0~255";
;;;"[7:0]";;"r_nGBalInt[4][7:0]"
"0x95";09b5;"RW";8;0;"0~255";
;;;"[7:0]";;"r_nGBalInt[5][7:0]"
"0x96";09b6;"RW";8;0;"0~255";
;;;"[7:0]";;"r_nGBalInt[6][7:0]"
"0x97";09b7;"RW";8;0;"0~255";
;;;"[7:0]";;"r_nGBalInt[7][7:0]"
"0x98";09b8;"RW";8;28;"0~255";
;;;"[7:0]";;"r_nContrastCoe[0][7:0]"
"0x99";09b9;"RW";8;28;"0~255";
;;;"[7:0]";;"r_nContrastCoe[1][7:0]"
"0x9a";09ba;"RW";8;28;"0~255";
;;;"[7:0]";;"r_nContrastCoe[2][7:0]"
"0x9b";09bb;"RW";8;28;"0~255";
;;;"[7:0]";;"r_nContrastCoe[3][7:0]"
"0x9c";09bc;"RW";8;28;"0~255";
;;;"[7:0]";;"r_nContrastCoe[4][7:0]"
"0x9d";09bd;"RW";8;28;"0~255";
;;;"[7:0]";;"r_nContrastCoe[5][7:0]"
"0x9e";09be;"RW";8;28;"0~255";
;;;"[7:0]";;"r_nContrastCoe[6][7:0]"
"0x9f";09bf;"RW";8;28;"0~255";
;;;"[7:0]";;"r_nContrastCoe[7][7:0]"
"0xa0";09c0;"RW";8;50;"0~255";
;;;"[7:0]";;"r_nContrastInt[0][7:0]"
"0xa1";09c1;"RW";8;50;"0~255";
;;;"[7:0]";;"r_nContrastInt[1][7:0]"
"0xa2";09c2;"RW";8;50;"0~255";
;;;"[7:0]";;"r_nContrastInt[2][7:0]"
"0xa3";09c3;"RW";8;50;"0~255";
;;;"[7:0]";;"r_nContrastInt[3][7:0]"
"0xa4";09c4;"RW";8;50;"0~255";
;;;"[7:0]";;"r_nContrastInt[4][7:0]"
"0xa5";09c5;"RW";8;50;"0~255";
;;;"[7:0]";;"r_nContrastInt[5][7:0]"
"0xa6";09c6;"RW";8;50;"0~255";
;;;"[7:0]";;"r_nContrastInt[6][7:0]"
"0xa7";09c7;"RW";8;50;"0~255";
;;;"[7:0]";;"r_nContrastInt[7][7:0]"
"0xa8";09c8;"RW";8;1;"0~15";
;;;"[7:0]";;"r_nContrastRat[0][7:0]"
"0xa9";09c9;"RW";8;1;"0~15";
;;;"[7:0]";;"r_nContrastRat[1][7:0]"
"0xaa";09ca;"RW";8;1;"0~15";
;;;"[7:0]";;"r_nContrastRat[2][7:0]"
"0xab";09cb;"RW";8;1;"0~15";
;;;"[7:0]";;"r_nContrastRat[3][7:0]"
"0xac";09cc;"RW";8;1;"0~15";
;;;"[7:0]";;"r_nContrastRat[4][7:0]"
"0xad";09cd;"RW";8;1;"0~15";
;;;"[7:0]";;"r_nContrastRat[5][7:0]"
"0xae";09ce;"RW";8;1;"0~15";
;;;"[7:0]";;"r_nContrastRat[6][7:0]"
"0xaf";09cf;"RW";8;1;"0~15";
;;;"[7:0]";;"r_nContrastRat[7][7:0]"
"0xb0";09d0;"RW";8;0;"0~1";
;;;"[7:0]";;"r_bAdjustStrengthTempeture[7:0]"
"0xb2";09d2;"RW";8;1e;"-256~255";
;;;"[7:0]";;"r_pTemperature[0][7:0]"
"0xb3";09d3;"RW";8;0;;
;;;"[7:0]";;"r_pTemperature[0][15:8]"
"0xb4";09d4;"RW";8;1e;"-256~255";
;;;"[7:0]";;"r_pTemperature[1][7:0]"
"0xb5";09d5;"RW";8;0;;
;;;"[7:0]";;"r_pTemperature[1][15:8]"
"0xb6";09d6;"RW";8;1e;"-256~255";
;;;"[7:0]";;"r_pTemperature[2][7:0]"
"0xb7";09d7;"RW";8;0;;
;;;"[7:0]";;"r_pTemperature[2][15:8]"
"0xb8";09d8;"RW";8;1e;"-256~255";
;;;"[7:0]";;"r_pTemperature[3][7:0]"
"0xb9";09d9;"RW";8;0;;
;;;"[7:0]";;"r_pTemperature[3][15:8]"
"0xba";09da;"RW";8;40;"0~255";
;;;"[7:0]";;"r_pIncreaseRat[0][7:0]"
"0xbb";09db;"RW";8;40;"0~255";
;;;"[7:0]";;"r_pIncreaseRat[1][7:0]"
"0xbc";09dc;"RW";8;40;"0~255";
;;;"[7:0]";;"r_pIncreaseRat[2][7:0]"
"0xbd";09dd;"RW";8;40;"0~255";
;;;"[7:0]";;"r_pIncreaseRat[3][7:0]"
"0xbe";09de;"RW";8;40;"0~255";
;;;"[7:0]";;"r_pDecreaseRat[0][7:0]"
"0xbf";09df;"RW";8;40;"0~255";
;;;"[7:0]";;"r_pDecreaseRat[1][7:0]"
"0xc0";09e0;"RW";8;40;"0~255";
;;;"[7:0]";;"r_pDecreaseRat[2][7:0]"
"0xc1";09e1;"RW";8;40;"0~255";
;;;"[7:0]";;"r_pDecreaseRat[3][7:0]"
"end";;;;;
