"base_addr";0x30080840;"addr_bits";8;;
parameter;ACK_DLY=0;;;;
;;;;;
;;;;;
"module_name";"cam0_CIP_S";;;;
"sub_addr";"addr";"RW";"bits";"default (hex)";"description"
"0x00";0840;"RW";8;1;"0~1";
;;;"[7:0]";;"r_bDnsEnable[7:0]"
"0x01";0841;"RW";8;1;"0~1";
;;;"[7:0]";;"r_bGbalEnable[7:0]"
"0x02";0842;"RW";8;1;"0~1";
;;;"[7:0]";;"r_bCACEnable[7:0]"
"0x03";0843;"RW";8;1;"0~1";
;;;"[7:0]";;"r_bCACHueEnable[7:0]"
"0x04";0844;"RW";8;1;"0~1";
;;;"[7:0]";;"r_bCHpEnable[7:0]"
"0x05";0845;"RW";8;0;"0~1";
;;;"[7:0]";;"r_bMirrEnable[7:0]"
"0x06";0846;"RW";8;0;"0~1";
;;;"[7:0]";;"r_bFlipEnable[7:0]"
"0x07";0847;"RW";8;0;"0~1";
;;;"[7:0]";;"r_bMonoEnable[7:0]"
"0x08";0848;"RW";8;10;"0~4095";
;;;"[7:0]";;"r_nGainNode[0][7:0]"
"0x09";0849;"RW";8;0;;
;;;"[7:0]";;"r_nGainNode[0][15:8]"
"0x0a";084a;"RW";8;40;"0~4095";
;;;"[7:0]";;"r_nGainNode[1][7:0]"
"0x0b";084b;"RW";8;0;;
;;;"[7:0]";;"r_nGainNode[1][15:8]"
"0x0c";084c;"RW";8;0;"0~4095";
;;;"[7:0]";;"r_nGainNode[2][7:0]"
"0x0d";084d;"RW";8;1;;
;;;"[7:0]";;"r_nGainNode[2][15:8]"
"0x0e";084e;"RW";8;0;"0~4095";
;;;"[7:0]";;"r_nGainNode[3][7:0]"
"0x0f";084f;"RW";8;4;;
;;;"[7:0]";;"r_nGainNode[3][15:8]"
"0x10";0850;"RW";8;10;"0~4095";
;;;"[7:0]";;"r_nGainNode[4][7:0]"
"0x11";0851;"RW";8;0;;
;;;"[7:0]";;"r_nGainNode[4][15:8]"
"0x12";0852;"RW";8;40;"0~4095";
;;;"[7:0]";;"r_nGainNode[5][7:0]"
"0x13";0853;"RW";8;0;;
;;;"[7:0]";;"r_nGainNode[5][15:8]"
"0x14";0854;"RW";8;0;"0~4095";
;;;"[7:0]";;"r_nGainNode[6][7:0]"
"0x15";0855;"RW";8;1;;
;;;"[7:0]";;"r_nGainNode[6][15:8]"
"0x16";0856;"RW";8;0;"0~4095";
;;;"[7:0]";;"r_nGainNode[7][7:0]"
"0x17";0857;"RW";8;4;;
;;;"[7:0]";;"r_nGainNode[7][15:8]"
"0x18";0858;"RW";8;3;"0~255";
;;;"[7:0]";;"r_nEdgeCoe[0][7:0]"
"0x19";0859;"RW";8;9;"0~255";
;;;"[7:0]";;"r_nEdgeCoe[1][7:0]"
"0x1a";085a;"RW";8;18;"0~255";
;;;"[7:0]";;"r_nEdgeCoe[2][7:0]"
"0x1b";085b;"RW";8;3c;"0~255";
;;;"[7:0]";;"r_nEdgeCoe[3][7:0]"
"0x1c";085c;"RW";8;3;"0~255";
;;;"[7:0]";;"r_nEdgeCoe[4][7:0]"
"0x1d";085d;"RW";8;9;"0~255";
;;;"[7:0]";;"r_nEdgeCoe[5][7:0]"
"0x1e";085e;"RW";8;18;"0~255";
;;;"[7:0]";;"r_nEdgeCoe[6][7:0]"
"0x1f";085f;"RW";8;3c;"0~255";
;;;"[7:0]";;"r_nEdgeCoe[7][7:0]"
"0x20";0860;"RW";8;0;"0~255";
;;;"[7:0]";;"r_nEdgeInt[0][7:0]"
"0x21";0861;"RW";8;0;"0~255";
;;;"[7:0]";;"r_nEdgeInt[1][7:0]"
"0x22";0862;"RW";8;0;"0~255";
;;;"[7:0]";;"r_nEdgeInt[2][7:0]"
"0x23";0863;"RW";8;14;"0~255";
;;;"[7:0]";;"r_nEdgeInt[3][7:0]"
"0x24";0864;"RW";8;0;"0~255";
;;;"[7:0]";;"r_nEdgeInt[4][7:0]"
"0x25";0865;"RW";8;0;"0~255";
;;;"[7:0]";;"r_nEdgeInt[5][7:0]"
"0x26";0866;"RW";8;0;"0~255";
;;;"[7:0]";;"r_nEdgeInt[6][7:0]"
"0x27";0867;"RW";8;14;"0~255";
;;;"[7:0]";;"r_nEdgeInt[7][7:0]"
"0x28";0868;"RW";8;2;"0~15";
;;;"[7:0]";;"r_nEdgeRat[0][7:0]"
"0x29";0869;"RW";8;2;"0~15";
;;;"[7:0]";;"r_nEdgeRat[1][7:0]"
"0x2a";086a;"RW";8;2;"0~15";
;;;"[7:0]";;"r_nEdgeRat[2][7:0]"
"0x2b";086b;"RW";8;2;"0~15";
;;;"[7:0]";;"r_nEdgeRat[3][7:0]"
"0x2c";086c;"RW";8;2;"0~15";
;;;"[7:0]";;"r_nEdgeRat[4][7:0]"
"0x2d";086d;"RW";8;2;"0~15";
;;;"[7:0]";;"r_nEdgeRat[5][7:0]"
"0x2e";086e;"RW";8;2;"0~15";
;;;"[7:0]";;"r_nEdgeRat[6][7:0]"
"0x2f";086f;"RW";8;2;"0~15";
;;;"[7:0]";;"r_nEdgeRat[7][7:0]"
"0x30";0870;"RW";8;4;"0~255";
;;;"[7:0]";;"r_nGDnsFlatCoe[0][7:0]"
"0x31";0871;"RW";8;a;"0~255";
;;;"[7:0]";;"r_nGDnsFlatCoe[1][7:0]"
"0x32";0872;"RW";8;28;"0~255";
;;;"[7:0]";;"r_nGDnsFlatCoe[2][7:0]"
"0x33";0873;"RW";8;50;"0~255";
;;;"[7:0]";;"r_nGDnsFlatCoe[3][7:0]"
"0x34";0874;"RW";8;4;"0~255";
;;;"[7:0]";;"r_nGDnsFlatCoe[4][7:0]"
"0x35";0875;"RW";8;a;"0~255";
;;;"[7:0]";;"r_nGDnsFlatCoe[5][7:0]"
"0x36";0876;"RW";8;28;"0~255";
;;;"[7:0]";;"r_nGDnsFlatCoe[6][7:0]"
"0x37";0877;"RW";8;50;"0~255";
;;;"[7:0]";;"r_nGDnsFlatCoe[7][7:0]"
"0x38";0878;"RW";8;0;"0~255";
;;;"[7:0]";;"r_nGDnsFlatInt[0][7:0]"
"0x39";0879;"RW";8;0;"0~255";
;;;"[7:0]";;"r_nGDnsFlatInt[1][7:0]"
"0x3a";087a;"RW";8;0;"0~255";
;;;"[7:0]";;"r_nGDnsFlatInt[2][7:0]"
"0x3b";087b;"RW";8;8c;"0~255";
;;;"[7:0]";;"r_nGDnsFlatInt[3][7:0]"
"0x3c";087c;"RW";8;0;"0~255";
;;;"[7:0]";;"r_nGDnsFlatInt[4][7:0]"
"0x3d";087d;"RW";8;0;"0~255";
;;;"[7:0]";;"r_nGDnsFlatInt[5][7:0]"
"0x3e";087e;"RW";8;0;"0~255";
;;;"[7:0]";;"r_nGDnsFlatInt[6][7:0]"
"0x3f";087f;"RW";8;8c;"0~255";
;;;"[7:0]";;"r_nGDnsFlatInt[7][7:0]"
"0x40";0880;"RW";8;6;"0~255";
;;;"[7:0]";;"r_nGDnsEdgeCoe[0][7:0]"
"0x41";0881;"RW";8;f;"0~255";
;;;"[7:0]";;"r_nGDnsEdgeCoe[1][7:0]"
"0x42";0882;"RW";8;3c;"0~255";
;;;"[7:0]";;"r_nGDnsEdgeCoe[2][7:0]"
"0x43";0883;"RW";8;78;"0~255";
;;;"[7:0]";;"r_nGDnsEdgeCoe[3][7:0]"
"0x44";0884;"RW";8;6;"0~255";
;;;"[7:0]";;"r_nGDnsEdgeCoe[4][7:0]"
"0x45";0885;"RW";8;f;"0~255";
;;;"[7:0]";;"r_nGDnsEdgeCoe[5][7:0]"
"0x46";0886;"RW";8;3c;"0~255";
;;;"[7:0]";;"r_nGDnsEdgeCoe[6][7:0]"
"0x47";0887;"RW";8;78;"0~255";
;;;"[7:0]";;"r_nGDnsEdgeCoe[7][7:0]"
"0x48";0888;"RW";8;0;"0~255";
;;;"[7:0]";;"r_nGDnsEdgeInt[0][7:0]"
"0x49";0889;"RW";8;0;"0~255";
;;;"[7:0]";;"r_nGDnsEdgeInt[1][7:0]"
"0x4a";088a;"RW";8;0;"0~255";
;;;"[7:0]";;"r_nGDnsEdgeInt[2][7:0]"
"0x4b";088b;"RW";8;8c;"0~255";
;;;"[7:0]";;"r_nGDnsEdgeInt[3][7:0]"
"0x4c";088c;"RW";8;0;"0~255";
;;;"[7:0]";;"r_nGDnsEdgeInt[4][7:0]"
"0x4d";088d;"RW";8;0;"0~255";
;;;"[7:0]";;"r_nGDnsEdgeInt[5][7:0]"
"0x4e";088e;"RW";8;0;"0~255";
;;;"[7:0]";;"r_nGDnsEdgeInt[6][7:0]"
"0x4f";088f;"RW";8;8c;"0~255";
;;;"[7:0]";;"r_nGDnsEdgeInt[7][7:0]"
"0x50";0890;"RW";8;8;"0~255";
;;;"[7:0]";;"r_nCDnsFlatCoe[0][7:0]"
"0x51";0891;"RW";8;14;"0~255";
;;;"[7:0]";;"r_nCDnsFlatCoe[1][7:0]"
"0x52";0892;"RW";8;50;"0~255";
;;;"[7:0]";;"r_nCDnsFlatCoe[2][7:0]"
"0x53";0893;"RW";8;a0;"0~255";
;;;"[7:0]";;"r_nCDnsFlatCoe[3][7:0]"
"0x54";0894;"RW";8;8;"0~255";
;;;"[7:0]";;"r_nCDnsFlatCoe[4][7:0]"
"0x55";0895;"RW";8;14;"0~255";
;;;"[7:0]";;"r_nCDnsFlatCoe[5][7:0]"
"0x56";0896;"RW";8;50;"0~255";
;;;"[7:0]";;"r_nCDnsFlatCoe[6][7:0]"
"0x57";0897;"RW";8;a0;"0~255";
;;;"[7:0]";;"r_nCDnsFlatCoe[7][7:0]"
"0x58";0898;"RW";8;0;"0~255";
;;;"[7:0]";;"r_nCDnsFlatInt[0][7:0]"
"0x59";0899;"RW";8;0;"0~255";
;;;"[7:0]";;"r_nCDnsFlatInt[1][7:0]"
"0x5a";089a;"RW";8;0;"0~255";
;;;"[7:0]";;"r_nCDnsFlatInt[2][7:0]"
"0x5b";089b;"RW";8;8c;"0~255";
;;;"[7:0]";;"r_nCDnsFlatInt[3][7:0]"
"0x5c";089c;"RW";8;0;"0~255";
;;;"[7:0]";;"r_nCDnsFlatInt[4][7:0]"
"0x5d";089d;"RW";8;0;"0~255";
;;;"[7:0]";;"r_nCDnsFlatInt[5][7:0]"
"0x5e";089e;"RW";8;0;"0~255";
;;;"[7:0]";;"r_nCDnsFlatInt[6][7:0]"
"0x5f";089f;"RW";8;8c;"0~255";
;;;"[7:0]";;"r_nCDnsFlatInt[7][7:0]"
"0x60";08a0;"RW";8;c;"0~255";
;;;"[7:0]";;"r_nCDnsEdgeCoe[0][7:0]"
"0x61";08a1;"RW";8;1e;"0~255";
;;;"[7:0]";;"r_nCDnsEdgeCoe[1][7:0]"
"0x62";08a2;"RW";8;78;"0~255";
;;;"[7:0]";;"r_nCDnsEdgeCoe[2][7:0]"
"0x63";08a3;"RW";8;f0;"0~255";
;;;"[7:0]";;"r_nCDnsEdgeCoe[3][7:0]"
"0x64";08a4;"RW";8;c;"0~255";
;;;"[7:0]";;"r_nCDnsEdgeCoe[4][7:0]"
"0x65";08a5;"RW";8;1e;"0~255";
;;;"[7:0]";;"r_nCDnsEdgeCoe[5][7:0]"
"0x66";08a6;"RW";8;78;"0~255";
;;;"[7:0]";;"r_nCDnsEdgeCoe[6][7:0]"
"0x67";08a7;"RW";8;f0;"0~255";
;;;"[7:0]";;"r_nCDnsEdgeCoe[7][7:0]"
"0x68";08a8;"RW";8;0;"0~255";
;;;"[7:0]";;"r_nCDnsEdgeInt[0][7:0]"
"0x69";08a9;"RW";8;0;"0~255";
;;;"[7:0]";;"r_nCDnsEdgeInt[1][7:0]"
"0x6a";08aa;"RW";8;0;"0~255";
;;;"[7:0]";;"r_nCDnsEdgeInt[2][7:0]"
"0x6b";08ab;"RW";8;8c;"0~255";
;;;"[7:0]";;"r_nCDnsEdgeInt[3][7:0]"
"0x6c";08ac;"RW";8;0;"0~255";
;;;"[7:0]";;"r_nCDnsEdgeInt[4][7:0]"
"0x6d";08ad;"RW";8;0;"0~255";
;;;"[7:0]";;"r_nCDnsEdgeInt[5][7:0]"
"0x6e";08ae;"RW";8;0;"0~255";
;;;"[7:0]";;"r_nCDnsEdgeInt[6][7:0]"
"0x6f";08af;"RW";8;8c;"0~255";
;;;"[7:0]";;"r_nCDnsEdgeInt[7][7:0]"
"0x70";08b0;"RW";8;10;"0~63";
;;;"[7:0]";;"r_nDnsSid[0][7:0]"
"0x71";08b1;"RW";8;10;"0~63";
;;;"[7:0]";;"r_nDnsSid[1][7:0]"
"0x72";08b2;"RW";8;10;"0~63";
;;;"[7:0]";;"r_nDnsSid[2][7:0]"
"0x73";08b3;"RW";8;10;"0~63";
;;;"[7:0]";;"r_nDnsSid[3][7:0]"
"0x74";08b4;"RW";8;10;"0~63";
;;;"[7:0]";;"r_nDnsSid[4][7:0]"
"0x75";08b5;"RW";8;10;"0~63";
;;;"[7:0]";;"r_nDnsSid[5][7:0]"
"0x76";08b6;"RW";8;10;"0~63";
;;;"[7:0]";;"r_nDnsSid[6][7:0]"
"0x77";08b7;"RW";8;10;"0~63";
;;;"[7:0]";;"r_nDnsSid[7][7:0]"
"0x78";08b8;"RW";8;1c;"0~63";
;;;"[7:0]";;"r_nDnsGbal[0][7:0]"
"0x79";08b9;"RW";8;1c;"0~63";
;;;"[7:0]";;"r_nDnsGbal[1][7:0]"
"0x7a";08ba;"RW";8;1c;"0~63";
;;;"[7:0]";;"r_nDnsGbal[2][7:0]"
"0x7b";08bb;"RW";8;1c;"0~63";
;;;"[7:0]";;"r_nDnsGbal[3][7:0]"
"0x7c";08bc;"RW";8;1c;"0~63";
;;;"[7:0]";;"r_nDnsGbal[4][7:0]"
"0x7d";08bd;"RW";8;1c;"0~63";
;;;"[7:0]";;"r_nDnsGbal[5][7:0]"
"0x7e";08be;"RW";8;1c;"0~63";
;;;"[7:0]";;"r_nDnsGbal[6][7:0]"
"0x7f";08bf;"RW";8;1c;"0~63";
;;;"[7:0]";;"r_nDnsGbal[7][7:0]"
"0x80";08c0;"RW";8;4;"0~16";
;;;"[7:0]";;"r_nDnsBack[0][7:0]"
"0x81";08c1;"RW";8;6;"0~16";
;;;"[7:0]";;"r_nDnsBack[1][7:0]"
"0x82";08c2;"RW";8;8;"0~16";
;;;"[7:0]";;"r_nDnsBack[2][7:0]"
"0x83";08c3;"RW";8;c;"0~16";
;;;"[7:0]";;"r_nDnsBack[3][7:0]"
"0x84";08c4;"RW";8;4;"0~16";
;;;"[7:0]";;"r_nDnsBack[4][7:0]"
"0x85";08c5;"RW";8;6;"0~16";
;;;"[7:0]";;"r_nDnsBack[5][7:0]"
"0x86";08c6;"RW";8;8;"0~16";
;;;"[7:0]";;"r_nDnsBack[6][7:0]"
"0x87";08c7;"RW";8;c;"0~16";
;;;"[7:0]";;"r_nDnsBack[7][7:0]"
"0x88";08c8;"RW";8;3c;"0~255";
;;;"[7:0]";;"r_nGBalCoe[0][7:0]"
"0x89";08c9;"RW";8;3c;"0~255";
;;;"[7:0]";;"r_nGBalCoe[1][7:0]"
"0x8a";08ca;"RW";8;3c;"0~255";
;;;"[7:0]";;"r_nGBalCoe[2][7:0]"
"0x8b";08cb;"RW";8;3c;"0~255";
;;;"[7:0]";;"r_nGBalCoe[3][7:0]"
"0x8c";08cc;"RW";8;3c;"0~255";
;;;"[7:0]";;"r_nGBalCoe[4][7:0]"
"0x8d";08cd;"RW";8;3c;"0~255";
;;;"[7:0]";;"r_nGBalCoe[5][7:0]"
"0x8e";08ce;"RW";8;3c;"0~255";
;;;"[7:0]";;"r_nGBalCoe[6][7:0]"
"0x8f";08cf;"RW";8;3c;"0~255";
;;;"[7:0]";;"r_nGBalCoe[7][7:0]"
"0x90";08d0;"RW";8;0;"0~255";
;;;"[7:0]";;"r_nGBalInt[0][7:0]"
"0x91";08d1;"RW";8;0;"0~255";
;;;"[7:0]";;"r_nGBalInt[1][7:0]"
"0x92";08d2;"RW";8;0;"0~255";
;;;"[7:0]";;"r_nGBalInt[2][7:0]"
"0x93";08d3;"RW";8;0;"0~255";
;;;"[7:0]";;"r_nGBalInt[3][7:0]"
"0x94";08d4;"RW";8;0;"0~255";
;;;"[7:0]";;"r_nGBalInt[4][7:0]"
"0x95";08d5;"RW";8;0;"0~255";
;;;"[7:0]";;"r_nGBalInt[5][7:0]"
"0x96";08d6;"RW";8;0;"0~255";
;;;"[7:0]";;"r_nGBalInt[6][7:0]"
"0x97";08d7;"RW";8;0;"0~255";
;;;"[7:0]";;"r_nGBalInt[7][7:0]"
"0x98";08d8;"RW";8;28;"0~255";
;;;"[7:0]";;"r_nContrastCoe[0][7:0]"
"0x99";08d9;"RW";8;28;"0~255";
;;;"[7:0]";;"r_nContrastCoe[1][7:0]"
"0x9a";08da;"RW";8;28;"0~255";
;;;"[7:0]";;"r_nContrastCoe[2][7:0]"
"0x9b";08db;"RW";8;28;"0~255";
;;;"[7:0]";;"r_nContrastCoe[3][7:0]"
"0x9c";08dc;"RW";8;28;"0~255";
;;;"[7:0]";;"r_nContrastCoe[4][7:0]"
"0x9d";08dd;"RW";8;28;"0~255";
;;;"[7:0]";;"r_nContrastCoe[5][7:0]"
"0x9e";08de;"RW";8;28;"0~255";
;;;"[7:0]";;"r_nContrastCoe[6][7:0]"
"0x9f";08df;"RW";8;28;"0~255";
;;;"[7:0]";;"r_nContrastCoe[7][7:0]"
"0xa0";08e0;"RW";8;50;"0~255";
;;;"[7:0]";;"r_nContrastInt[0][7:0]"
"0xa1";08e1;"RW";8;50;"0~255";
;;;"[7:0]";;"r_nContrastInt[1][7:0]"
"0xa2";08e2;"RW";8;50;"0~255";
;;;"[7:0]";;"r_nContrastInt[2][7:0]"
"0xa3";08e3;"RW";8;50;"0~255";
;;;"[7:0]";;"r_nContrastInt[3][7:0]"
"0xa4";08e4;"RW";8;50;"0~255";
;;;"[7:0]";;"r_nContrastInt[4][7:0]"
"0xa5";08e5;"RW";8;50;"0~255";
;;;"[7:0]";;"r_nContrastInt[5][7:0]"
"0xa6";08e6;"RW";8;50;"0~255";
;;;"[7:0]";;"r_nContrastInt[6][7:0]"
"0xa7";08e7;"RW";8;50;"0~255";
;;;"[7:0]";;"r_nContrastInt[7][7:0]"
"0xa8";08e8;"RW";8;1;"0~15";
;;;"[7:0]";;"r_nContrastRat[0][7:0]"
"0xa9";08e9;"RW";8;1;"0~15";
;;;"[7:0]";;"r_nContrastRat[1][7:0]"
"0xaa";08ea;"RW";8;1;"0~15";
;;;"[7:0]";;"r_nContrastRat[2][7:0]"
"0xab";08eb;"RW";8;1;"0~15";
;;;"[7:0]";;"r_nContrastRat[3][7:0]"
"0xac";08ec;"RW";8;1;"0~15";
;;;"[7:0]";;"r_nContrastRat[4][7:0]"
"0xad";08ed;"RW";8;1;"0~15";
;;;"[7:0]";;"r_nContrastRat[5][7:0]"
"0xae";08ee;"RW";8;1;"0~15";
;;;"[7:0]";;"r_nContrastRat[6][7:0]"
"0xaf";08ef;"RW";8;1;"0~15";
;;;"[7:0]";;"r_nContrastRat[7][7:0]"
"0xb0";08f0;"RW";8;0;"0~1";
;;;"[7:0]";;"r_bAdjustStrengthTempeture[7:0]"
"0xb2";08f2;"RW";8;1e;"-256~255";
;;;"[7:0]";;"r_pTemperature[0][7:0]"
"0xb3";08f3;"RW";8;0;;
;;;"[7:0]";;"r_pTemperature[0][15:8]"
"0xb4";08f4;"RW";8;1e;"-256~255";
;;;"[7:0]";;"r_pTemperature[1][7:0]"
"0xb5";08f5;"RW";8;0;;
;;;"[7:0]";;"r_pTemperature[1][15:8]"
"0xb6";08f6;"RW";8;1e;"-256~255";
;;;"[7:0]";;"r_pTemperature[2][7:0]"
"0xb7";08f7;"RW";8;0;;
;;;"[7:0]";;"r_pTemperature[2][15:8]"
"0xb8";08f8;"RW";8;1e;"-256~255";
;;;"[7:0]";;"r_pTemperature[3][7:0]"
"0xb9";08f9;"RW";8;0;;
;;;"[7:0]";;"r_pTemperature[3][15:8]"
"0xba";08fa;"RW";8;40;"0~255";
;;;"[7:0]";;"r_pIncreaseRat[0][7:0]"
"0xbb";08fb;"RW";8;40;"0~255";
;;;"[7:0]";;"r_pIncreaseRat[1][7:0]"
"0xbc";08fc;"RW";8;40;"0~255";
;;;"[7:0]";;"r_pIncreaseRat[2][7:0]"
"0xbd";08fd;"RW";8;40;"0~255";
;;;"[7:0]";;"r_pIncreaseRat[3][7:0]"
"0xbe";08fe;"RW";8;40;"0~255";
;;;"[7:0]";;"r_pDecreaseRat[0][7:0]"
"0xbf";08ff;"RW";8;40;"0~255";
;;;"[7:0]";;"r_pDecreaseRat[1][7:0]"
"0xc0";0900;"RW";8;40;"0~255";
;;;"[7:0]";;"r_pDecreaseRat[2][7:0]"
"0xc1";0901;"RW";8;40;"0~255";
;;;"[7:0]";;"r_pDecreaseRat[3][7:0]"
"end";;;;;
