"base_addr";0x30080a00;"addr_bits";8;;
parameter;ACK_DLY=0;;;;
;;;;;
;;;;;
"module_name";"cam0_PRECCM_S";;;;
"sub_addr";"addr";"RW";"bits";"default (hex)";"description"
"0x00";0a00;"RW";8;55;"0~1023";
;;;"[7:0]";;"r_pCT[0][7:0]"
"0x01";0a01;"RW";8;1;;
;;;"[7:0]";;"r_pCT[0][15:8]"
"0x02";0a02;"RW";8;49;"0~1023";
;;;"[7:0]";;"r_pCT[1][7:0]"
"0x03";0a03;"RW";8;2;;
;;;"[7:0]";;"r_pCT[1][15:8]"
"0x04";0a04;"RW";8;67;"0~1023";
;;;"[7:0]";;"r_pCT[2][7:0]"
"0x05";0a05;"RW";8;2;;
;;;"[7:0]";;"r_pCT[2][15:8]"
"0x06";0a06;"RW";8;a5;"0~1023";
;;;"[7:0]";;"r_pCT[3][7:0]"
"0x07";0a07;"RW";8;2;;
;;;"[7:0]";;"r_pCT[3][15:8]"
"0x08";0a08;"RW";8;61;"-1024~1023";
;;;"[7:0]";;"r_pCCMatrixA[0][7:0]"
"0x09";0a09;"RW";8;ff;;
;;;"[7:0]";;"r_pCCMatrixA[0][15:8]"
"0x0a";0a0a;"RW";8;7b;"-1024~1023";
;;;"[7:0]";;"r_pCCMatrixA[1][7:0]"
"0x0b";0a0b;"RW";8;0;;
;;;"[7:0]";;"r_pCCMatrixA[1][15:8]"
"0x0c";0a0c;"RW";8;92;"-1024~1023";
;;;"[7:0]";;"r_pCCMatrixA[2][7:0]"
"0x0d";0a0d;"RW";8;ff;;
;;;"[7:0]";;"r_pCCMatrixA[2][15:8]"
"0x0e";0a0e;"RW";8;48;"-1024~1023";
;;;"[7:0]";;"r_pCCMatrixA[3][7:0]"
"0x0f";0a0f;"RW";8;0;;
;;;"[7:0]";;"r_pCCMatrixA[3][15:8]"
"0x10";0a10;"RW";8;4a;"-1024~1023";
;;;"[7:0]";;"r_pCCMatrixA[4][7:0]"
"0x11";0a11;"RW";8;ff;;
;;;"[7:0]";;"r_pCCMatrixA[4][15:8]"
"0x12";0a12;"RW";8;78;"-1024~1023";
;;;"[7:0]";;"r_pCCMatrixA[5][7:0]"
"0x13";0a13;"RW";8;ff;;
;;;"[7:0]";;"r_pCCMatrixA[5][15:8]"
"0x14";0a14;"RW";8;29;"-1024~1023";
;;;"[7:0]";;"r_pCCMatrixB[0][7:0]"
"0x15";0a15;"RW";8;ff;;
;;;"[7:0]";;"r_pCCMatrixB[0][15:8]"
"0x16";0a16;"RW";8;b6;"-1024~1023";
;;;"[7:0]";;"r_pCCMatrixB[1][7:0]"
"0x17";0a17;"RW";8;0;;
;;;"[7:0]";;"r_pCCMatrixB[1][15:8]"
"0x18";0a18;"RW";8;a4;"-1024~1023";
;;;"[7:0]";;"r_pCCMatrixB[2][7:0]"
"0x19";0a19;"RW";8;ff;;
;;;"[7:0]";;"r_pCCMatrixB[2][15:8]"
"0x1a";0a1a;"RW";8;40;"-1024~1023";
;;;"[7:0]";;"r_pCCMatrixB[3][7:0]"
"0x1b";0a1b;"RW";8;0;;
;;;"[7:0]";;"r_pCCMatrixB[3][15:8]"
"0x1c";0a1c;"RW";8;3b;"-1024~1023";
;;;"[7:0]";;"r_pCCMatrixB[4][7:0]"
"0x1d";0a1d;"RW";8;ff;;
;;;"[7:0]";;"r_pCCMatrixB[4][15:8]"
"0x1e";0a1e;"RW";8;bb;"-1024~1023";
;;;"[7:0]";;"r_pCCMatrixB[5][7:0]"
"0x1f";0a1f;"RW";8;ff;;
;;;"[7:0]";;"r_pCCMatrixB[5][15:8]"
"0x20";0a20;"RW";8;17;"-1024~1023";
;;;"[7:0]";;"r_pCCMatrixC[0][7:0]"
"0x21";0a21;"RW";8;ff;;
;;;"[7:0]";;"r_pCCMatrixC[0][15:8]"
"0x22";0a22;"RW";8;cd;"-1024~1023";
;;;"[7:0]";;"r_pCCMatrixC[1][7:0]"
"0x23";0a23;"RW";8;0;;
;;;"[7:0]";;"r_pCCMatrixC[1][15:8]"
"0x24";0a24;"RW";8;43;"-1024~1023";
;;;"[7:0]";;"r_pCCMatrixC[2][7:0]"
"0x25";0a25;"RW";8;0;;
;;;"[7:0]";;"r_pCCMatrixC[2][15:8]"
"0x26";0a26;"RW";8;31;"-1024~1023";
;;;"[7:0]";;"r_pCCMatrixC[3][7:0]"
"0x27";0a27;"RW";8;0;;
;;;"[7:0]";;"r_pCCMatrixC[3][15:8]"
"0x28";0a28;"RW";8;29;"-1024~1023";
;;;"[7:0]";;"r_pCCMatrixC[4][7:0]"
"0x29";0a29;"RW";8;ff;;
;;;"[7:0]";;"r_pCCMatrixC[4][15:8]"
"0x2a";0a2a;"RW";8;d8;"-1024~1023";
;;;"[7:0]";;"r_pCCMatrixC[5][7:0]"
"0x2b";0a2b;"RW";8;ff;;
;;;"[7:0]";;"r_pCCMatrixC[5][15:8]"
"end";;;;;
