"base_addr";0x300824f0;"addr_bits";8;;
parameter;ACK_DLY=0;;;;
;;;;;
;;;;;
"module_name";"cam1_YUVDNS";;;;
"sub_addr";"addr";"RW";"bits";"default (hex)";"description"
"0x00";24f0;"RW";8;1;"0~1";
;;;"[7:0]";;"r_bDpcEnable[7:0]"
"0x01";24f1;"RW";8;1;"0~1";
;;;"[7:0]";;"r_bDnsEnable[7:0]"
"0x02";24f2;"RW";8;1;"0~1";
;;;"[7:0]";;"r_bShpEnable[7:0]"
"0x03";24f3;"RW";8;0;"0~1";
;;;"[7:0]";;"r_bLocUVEnable[7:0]"
"0x04";24f4;"RW";8;0;"0~1";
;;;"[7:0]";;"r_bGloUVEnable[7:0]"
"0x05";24f5;"RW";8;0;"0~1";
;;;"[7:0]";;"r_bSatAdjEnable[7:0]"
"0x06";24f6;"RW";8;0;"0~1";
;;;"[7:0]";;"r_bHoriFlag[7:0]"
"0x07";24f7;"RW";8;1;"0~1";
;;;"[7:0]";;"r_bColorDNSEnable[7:0]"
"0x08";24f8;"RW";8;0;"0~1";
;;;"[7:0]";;"r_bMonoEnable[7:0]"
"0x0a";24fa;"RW";8;10;"0~4095";
;;;"[7:0]";;"r_nGainNode_0[7:0]"
"0x0b";24fb;"RW";8;0;;
;;;"[7:0]";;"r_nGainNode_0[15:8]"
"0x0c";24fc;"RW";8;0;"0~63";
;;;"[7:0]";;"r_nDpcBlkCoe_0[7:0]"
"0x0d";24fd;"RW";8;0;"0~63";
;;;"[7:0]";;"r_nDpcBlkInt_0[7:0]"
"0x0e";24fe;"RW";8;0;"0~63";
;;;"[7:0]";;"r_nDpcWhtCoe_0[7:0]"
"0x0f";24ff;"RW";8;0;"0~63";
;;;"[7:0]";;"r_nDpcWhtInt_0[7:0]"
"0x10";2500;"RW";8;1;"0~128";
;;;"[7:0]";;"r_nNoise0_0[7:0]"
"0x11";2501;"RW";8;1;"0~128";
;;;"[7:0]";;"r_nNoise8_0[7:0]"
"0x12";2502;"RW";8;1;"0~128";
;;;"[7:0]";;"r_nNoise16_0[7:0]"
"0x13";2503;"RW";8;1;"0~128";
;;;"[7:0]";;"r_nNoise24_0[7:0]"
"0x14";2504;"RW";8;1;"0~128";
;;;"[7:0]";;"r_nNoise32_0[7:0]"
"0x15";2505;"RW";8;1;"0~128";
;;;"[7:0]";;"r_nNoise48_0[7:0]"
"0x16";2506;"RW";8;1;"0~128";
;;;"[7:0]";;"r_nNoise64_0[7:0]"
"0x17";2507;"RW";8;1;"0~128";
;;;"[7:0]";;"r_nNoise80_0[7:0]"
"0x18";2508;"RW";8;1;"0~128";
;;;"[7:0]";;"r_nNoise96_0[7:0]"
"0x19";2509;"RW";8;1;"0~128";
;;;"[7:0]";;"r_nNoise128_0[7:0]"
"0x1a";250a;"RW";8;1;"0~128";
;;;"[7:0]";;"r_nNoise160_0[7:0]"
"0x1b";250b;"RW";8;1;"0~128";
;;;"[7:0]";;"r_nNoise192_0[7:0]"
"0x1c";250c;"RW";8;1;"0~128";
;;;"[7:0]";;"r_nNoise224_0[7:0]"
"0x1d";250d;"RW";8;1;"0~128";
;;;"[7:0]";;"r_nNoise256_0[7:0]"
"0x1e";250e;"RW";8;2;"0~15";
;;;"[7:0]";;"r_nEdgeRat_0[7:0]"
"0x1f";250f;"RW";8;2;"0~255";
;;;"[7:0]";;"r_nDnsFlatCoeY_0[7:0]"
"0x20";2510;"RW";8;1;"0~255";
;;;"[7:0]";;"r_nDnsFlatIntY_0[7:0]"
"0x21";2511;"RW";8;10;"0~32";
;;;"[7:0]";;"r_nDnsFlatBackY_0[7:0]"
"0x22";2512;"RW";8;2;"0~255";
;;;"[7:0]";;"r_nDnsEdgeCoeY_0[7:0]"
"0x23";2513;"RW";8;1;"0~255";
;;;"[7:0]";;"r_nDnsEdgeIntY_0[7:0]"
"0x24";2514;"RW";8;10;"0~32";
;;;"[7:0]";;"r_nDnsEdgeBackY_0[7:0]"
"0x25";2515;"RW";8;8;"0~16";
;;;"[7:0]";;"r_nDnsEdgeSideAdjustY_0[7:0]"
"0x26";2516;"RW";8;4;"0~255";
;;;"[7:0]";;"r_nDnsFlatCoeUV_0[7:0]"
"0x27";2517;"RW";8;2;"0~255";
;;;"[7:0]";;"r_nDnsFlatIntUV_0[7:0]"
"0x28";2518;"RW";8;8;"0~32";
;;;"[7:0]";;"r_nDnsFlatBackUV_0[7:0]"
"0x29";2519;"RW";8;4;"0~255";
;;;"[7:0]";;"r_nDnsEdgeCoeUV_0[7:0]"
"0x2a";251a;"RW";8;2;"0~255";
;;;"[7:0]";;"r_nDnsEdgeIntUV_0[7:0]"
"0x2b";251b;"RW";8;8;"0~32";
;;;"[7:0]";;"r_nDnsEdgeBackUV_0[7:0]"
"0x2c";251c;"RW";8;20;"0~127";
;;;"[7:0]";;"r_nFilterH1_0[7:0]"
"0x2d";251d;"RW";8;8;"0~127";
;;;"[7:0]";;"r_nFilterM1_0[7:0]"
"0x2e";251e;"RW";8;24;"0~127";
;;;"[7:0]";;"r_nFilterM2_0[7:0]"
"0x2f";251f;"RW";8;19;"0~127";
;;;"[7:0]";;"r_nFilterL1_0[7:0]"
"0x30";2520;"RW";8;1a;"0~127";
;;;"[7:0]";;"r_nFilterL2_0[7:0]"
"0x31";2521;"RW";8;14;"0~128";
;;;"[7:0]";;"r_nHpWeiInt_0[7:0]"
"0x32";2522;"RW";8;2;"0~15";
;;;"[7:0]";;"r_nHpWeiRat_0[7:0]"
"0x33";2523;"RW";8;28;"0~255";
;;;"[7:0]";;"r_nShpHpAdjust_0[7:0]"
"0x34";2524;"RW";8;14;"0~255";
;;;"[7:0]";;"r_nShpWhtBoost_0[7:0]"
"0x35";2525;"RW";8;14;"0~255";
;;;"[7:0]";;"r_nShpBlkBoost_0[7:0]"
"0x36";2526;"RW";8;8;"0~32";
;;;"[7:0]";;"r_nShpBack_0[7:0]"
"0x37";2527;"RW";8;0;"0~255";
;;;"[7:0]";;"r_nSatLTH_0[7:0]"
"0x38";2528;"RW";8;ff;"0~255";
;;;"[7:0]";;"r_nSatHTH_0[7:0]"
"0x39";2529;"RW";8;20;"0~255";
;;;"[7:0]";;"r_nSatLTar_0[7:0]"
"0x3a";252a;"RW";8;20;"0~255";
;;;"[7:0]";;"r_nSatHTar_0[7:0]"
"0x3b";252b;"RW";8;3;"0~15";
;;;"[7:0]";;"r_nSatRate_0[7:0]"
"0x3c";252c;"RW";8;1e;"0~128";
;;;"[7:0]";;"r_nUNoise0_0[7:0]"
"0x3d";252d;"RW";8;1c;"0~128";
;;;"[7:0]";;"r_nUNoise8_0[7:0]"
"0x3e";252e;"RW";8;1b;"0~128";
;;;"[7:0]";;"r_nUNoise16_0[7:0]"
"0x3f";252f;"RW";8;1a;"0~128";
;;;"[7:0]";;"r_nUNoise24_0[7:0]"
"0x40";2530;"RW";8;19;"0~128";
;;;"[7:0]";;"r_nUNoise32_0[7:0]"
"0x41";2531;"RW";8;17;"0~128";
;;;"[7:0]";;"r_nUNoise48_0[7:0]"
"0x42";2532;"RW";8;16;"0~128";
;;;"[7:0]";;"r_nUNoise64_0[7:0]"
"0x43";2533;"RW";8;15;"0~128";
;;;"[7:0]";;"r_nUNoise80_0[7:0]"
"0x44";2534;"RW";8;14;"0~128";
;;;"[7:0]";;"r_nUNoise96_0[7:0]"
"0x45";2535;"RW";8;12;"0~128";
;;;"[7:0]";;"r_nUNoise128_0[7:0]"
"0x46";2536;"RW";8;12;"0~128";
;;;"[7:0]";;"r_nUNoise160_0[7:0]"
"0x47";2537;"RW";8;10;"0~128";
;;;"[7:0]";;"r_nUNoise192_0[7:0]"
"0x48";2538;"RW";8;f;"0~128";
;;;"[7:0]";;"r_nUNoise224_0[7:0]"
"0x49";2539;"RW";8;12;"0~128";
;;;"[7:0]";;"r_nUNoise256_0[7:0]"
"0x4a";253a;"RW";8;40;"0~4095";
;;;"[7:0]";;"r_nGainNode_1[7:0]"
"0x4b";253b;"RW";8;0;;
;;;"[7:0]";;"r_nGainNode_1[15:8]"
"0x4c";253c;"RW";8;0;"0~63";
;;;"[7:0]";;"r_nDpcBlkCoe_1[7:0]"
"0x4d";253d;"RW";8;0;"0~63";
;;;"[7:0]";;"r_nDpcBlkInt_1[7:0]"
"0x4e";253e;"RW";8;0;"0~63";
;;;"[7:0]";;"r_nDpcWhtCoe_1[7:0]"
"0x4f";253f;"RW";8;0;"0~63";
;;;"[7:0]";;"r_nDpcWhtInt_1[7:0]"
"0x50";2540;"RW";8;2;"0~128";
;;;"[7:0]";;"r_nNoise0_1[7:0]"
"0x51";2541;"RW";8;2;"0~128";
;;;"[7:0]";;"r_nNoise8_1[7:0]"
"0x52";2542;"RW";8;2;"0~128";
;;;"[7:0]";;"r_nNoise16_1[7:0]"
"0x53";2543;"RW";8;2;"0~128";
;;;"[7:0]";;"r_nNoise24_1[7:0]"
"0x54";2544;"RW";8;2;"0~128";
;;;"[7:0]";;"r_nNoise32_1[7:0]"
"0x55";2545;"RW";8;2;"0~128";
;;;"[7:0]";;"r_nNoise48_1[7:0]"
"0x56";2546;"RW";8;2;"0~128";
;;;"[7:0]";;"r_nNoise64_1[7:0]"
"0x57";2547;"RW";8;2;"0~128";
;;;"[7:0]";;"r_nNoise80_1[7:0]"
"0x58";2548;"RW";8;2;"0~128";
;;;"[7:0]";;"r_nNoise96_1[7:0]"
"0x59";2549;"RW";8;2;"0~128";
;;;"[7:0]";;"r_nNoise128_1[7:0]"
"0x5a";254a;"RW";8;2;"0~128";
;;;"[7:0]";;"r_nNoise160_1[7:0]"
"0x5b";254b;"RW";8;2;"0~128";
;;;"[7:0]";;"r_nNoise192_1[7:0]"
"0x5c";254c;"RW";8;2;"0~128";
;;;"[7:0]";;"r_nNoise224_1[7:0]"
"0x5d";254d;"RW";8;2;"0~128";
;;;"[7:0]";;"r_nNoise256_1[7:0]"
"0x5e";254e;"RW";8;3;"0~15";
;;;"[7:0]";;"r_nEdgeRat_1[7:0]"
"0x5f";254f;"RW";8;6;"0~255";
;;;"[7:0]";;"r_nDnsFlatCoeY_1[7:0]"
"0x60";2550;"RW";8;2;"0~255";
;;;"[7:0]";;"r_nDnsFlatIntY_1[7:0]"
"0x61";2551;"RW";8;8;"0~32";
;;;"[7:0]";;"r_nDnsFlatBackY_1[7:0]"
"0x62";2552;"RW";8;6;"0~255";
;;;"[7:0]";;"r_nDnsEdgeCoeY_1[7:0]"
"0x63";2553;"RW";8;2;"0~255";
;;;"[7:0]";;"r_nDnsEdgeIntY_1[7:0]"
"0x64";2554;"RW";8;8;"0~32";
;;;"[7:0]";;"r_nDnsEdgeBackY_1[7:0]"
"0x65";2555;"RW";8;8;"0~16";
;;;"[7:0]";;"r_nDnsEdgeSideAdjustY_1[7:0]"
"0x66";2556;"RW";8;c;"0~255";
;;;"[7:0]";;"r_nDnsFlatCoeUV_1[7:0]"
"0x67";2557;"RW";8;4;"0~255";
;;;"[7:0]";;"r_nDnsFlatIntUV_1[7:0]"
"0x68";2558;"RW";8;8;"0~32";
;;;"[7:0]";;"r_nDnsFlatBackUV_1[7:0]"
"0x69";2559;"RW";8;c;"0~255";
;;;"[7:0]";;"r_nDnsEdgeCoeUV_1[7:0]"
"0x6a";255a;"RW";8;4;"0~255";
;;;"[7:0]";;"r_nDnsEdgeIntUV_1[7:0]"
"0x6b";255b;"RW";8;8;"0~32";
;;;"[7:0]";;"r_nDnsEdgeBackUV_1[7:0]"
"0x6c";255c;"RW";8;20;"0~127";
;;;"[7:0]";;"r_nFilterH1_1[7:0]"
"0x6d";255d;"RW";8;8;"0~127";
;;;"[7:0]";;"r_nFilterM1_1[7:0]"
"0x6e";255e;"RW";8;24;"0~127";
;;;"[7:0]";;"r_nFilterM2_1[7:0]"
"0x6f";255f;"RW";8;19;"0~127";
;;;"[7:0]";;"r_nFilterL1_1[7:0]"
"0x70";2560;"RW";8;1a;"0~127";
;;;"[7:0]";;"r_nFilterL2_1[7:0]"
"0x71";2561;"RW";8;14;"0~128";
;;;"[7:0]";;"r_nHpWeiInt_1[7:0]"
"0x72";2562;"RW";8;2;"0~15";
;;;"[7:0]";;"r_nHpWeiRat_1[7:0]"
"0x73";2563;"RW";8;28;"0~255";
;;;"[7:0]";;"r_nShpHpAdjust_1[7:0]"
"0x74";2564;"RW";8;14;"0~255";
;;;"[7:0]";;"r_nShpWhtBoost_1[7:0]"
"0x75";2565;"RW";8;14;"0~255";
;;;"[7:0]";;"r_nShpBlkBoost_1[7:0]"
"0x76";2566;"RW";8;c;"0~32";
;;;"[7:0]";;"r_nShpBack_1[7:0]"
"0x77";2567;"RW";8;0;"0~255";
;;;"[7:0]";;"r_nSatLTH_1[7:0]"
"0x78";2568;"RW";8;ff;"0~255";
;;;"[7:0]";;"r_nSatHTH_1[7:0]"
"0x79";2569;"RW";8;20;"0~255";
;;;"[7:0]";;"r_nSatLTar_1[7:0]"
"0x7a";256a;"RW";8;20;"0~255";
;;;"[7:0]";;"r_nSatHTar_1[7:0]"
"0x7b";256b;"RW";8;3;"0~15";
;;;"[7:0]";;"r_nSatRate_1[7:0]"
"0x7c";256c;"RW";8;28;"0~128";
;;;"[7:0]";;"r_nUNoise0_1[7:0]"
"0x7d";256d;"RW";8;26;"0~128";
;;;"[7:0]";;"r_nUNoise8_1[7:0]"
"0x7e";256e;"RW";8;25;"0~128";
;;;"[7:0]";;"r_nUNoise16_1[7:0]"
"0x7f";256f;"RW";8;24;"0~128";
;;;"[7:0]";;"r_nUNoise24_1[7:0]"
"0x80";2570;"RW";8;23;"0~128";
;;;"[7:0]";;"r_nUNoise32_1[7:0]"
"0x81";2571;"RW";8;21;"0~128";
;;;"[7:0]";;"r_nUNoise48_1[7:0]"
"0x82";2572;"RW";8;20;"0~128";
;;;"[7:0]";;"r_nUNoise64_1[7:0]"
"0x83";2573;"RW";8;1f;"0~128";
;;;"[7:0]";;"r_nUNoise80_1[7:0]"
"0x84";2574;"RW";8;1e;"0~128";
;;;"[7:0]";;"r_nUNoise96_1[7:0]"
"0x85";2575;"RW";8;1c;"0~128";
;;;"[7:0]";;"r_nUNoise128_1[7:0]"
"0x86";2576;"RW";8;1c;"0~128";
;;;"[7:0]";;"r_nUNoise160_1[7:0]"
"0x87";2577;"RW";8;1a;"0~128";
;;;"[7:0]";;"r_nUNoise192_1[7:0]"
"0x88";2578;"RW";8;19;"0~128";
;;;"[7:0]";;"r_nUNoise224_1[7:0]"
"0x89";2579;"RW";8;1c;"0~128";
;;;"[7:0]";;"r_nUNoise256_1[7:0]"
"0x8a";257a;"RW";8;0;"0~4095";
;;;"[7:0]";;"r_nGainNode_2[7:0]"
"0x8b";257b;"RW";8;1;;
;;;"[7:0]";;"r_nGainNode_2[15:8]"
"0x8c";257c;"RW";8;0;"0~63";
;;;"[7:0]";;"r_nDpcBlkCoe_2[7:0]"
"0x8d";257d;"RW";8;0;"0~63";
;;;"[7:0]";;"r_nDpcBlkInt_2[7:0]"
"0x8e";257e;"RW";8;0;"0~63";
;;;"[7:0]";;"r_nDpcWhtCoe_2[7:0]"
"0x8f";257f;"RW";8;0;"0~63";
;;;"[7:0]";;"r_nDpcWhtInt_2[7:0]"
"0x90";2580;"RW";8;4;"0~128";
;;;"[7:0]";;"r_nNoise0_2[7:0]"
"0x91";2581;"RW";8;4;"0~128";
;;;"[7:0]";;"r_nNoise8_2[7:0]"
"0x92";2582;"RW";8;4;"0~128";
;;;"[7:0]";;"r_nNoise16_2[7:0]"
"0x93";2583;"RW";8;4;"0~128";
;;;"[7:0]";;"r_nNoise24_2[7:0]"
"0x94";2584;"RW";8;4;"0~128";
;;;"[7:0]";;"r_nNoise32_2[7:0]"
"0x95";2585;"RW";8;6;"0~128";
;;;"[7:0]";;"r_nNoise48_2[7:0]"
"0x96";2586;"RW";8;8;"0~128";
;;;"[7:0]";;"r_nNoise64_2[7:0]"
"0x97";2587;"RW";8;e;"0~128";
;;;"[7:0]";;"r_nNoise80_2[7:0]"
"0x98";2588;"RW";8;14;"0~128";
;;;"[7:0]";;"r_nNoise96_2[7:0]"
"0x99";2589;"RW";8;1a;"0~128";
;;;"[7:0]";;"r_nNoise128_2[7:0]"
"0x9a";258a;"RW";8;14;"0~128";
;;;"[7:0]";;"r_nNoise160_2[7:0]"
"0x9b";258b;"RW";8;e;"0~128";
;;;"[7:0]";;"r_nNoise192_2[7:0]"
"0x9c";258c;"RW";8;a;"0~128";
;;;"[7:0]";;"r_nNoise224_2[7:0]"
"0x9d";258d;"RW";8;8;"0~128";
;;;"[7:0]";;"r_nNoise256_2[7:0]"
"0x9e";258e;"RW";8;3;"0~15";
;;;"[7:0]";;"r_nEdgeRat_2[7:0]"
"0x9f";258f;"RW";8;a;"0~255";
;;;"[7:0]";;"r_nDnsFlatCoeY_2[7:0]"
"0xa0";2590;"RW";8;4;"0~255";
;;;"[7:0]";;"r_nDnsFlatIntY_2[7:0]"
"0xa1";2591;"RW";8;8;"0~32";
;;;"[7:0]";;"r_nDnsFlatBackY_2[7:0]"
"0xa2";2592;"RW";8;a;"0~255";
;;;"[7:0]";;"r_nDnsEdgeCoeY_2[7:0]"
"0xa3";2593;"RW";8;4;"0~255";
;;;"[7:0]";;"r_nDnsEdgeIntY_2[7:0]"
"0xa4";2594;"RW";8;8;"0~32";
;;;"[7:0]";;"r_nDnsEdgeBackY_2[7:0]"
"0xa5";2595;"RW";8;8;"0~16";
;;;"[7:0]";;"r_nDnsEdgeSideAdjustY_2[7:0]"
"0xa6";2596;"RW";8;14;"0~255";
;;;"[7:0]";;"r_nDnsFlatCoeUV_2[7:0]"
"0xa7";2597;"RW";8;8;"0~255";
;;;"[7:0]";;"r_nDnsFlatIntUV_2[7:0]"
"0xa8";2598;"RW";8;8;"0~32";
;;;"[7:0]";;"r_nDnsFlatBackUV_2[7:0]"
"0xa9";2599;"RW";8;14;"0~255";
;;;"[7:0]";;"r_nDnsEdgeCoeUV_2[7:0]"
"0xaa";259a;"RW";8;8;"0~255";
;;;"[7:0]";;"r_nDnsEdgeIntUV_2[7:0]"
"0xab";259b;"RW";8;8;"0~32";
;;;"[7:0]";;"r_nDnsEdgeBackUV_2[7:0]"
"0xac";259c;"RW";8;20;"0~127";
;;;"[7:0]";;"r_nFilterH1_2[7:0]"
"0xad";259d;"RW";8;8;"0~127";
;;;"[7:0]";;"r_nFilterM1_2[7:0]"
"0xae";259e;"RW";8;24;"0~127";
;;;"[7:0]";;"r_nFilterM2_2[7:0]"
"0xaf";259f;"RW";8;19;"0~127";
;;;"[7:0]";;"r_nFilterL1_2[7:0]"
"0xb0";25a0;"RW";8;1a;"0~127";
;;;"[7:0]";;"r_nFilterL2_2[7:0]"
"0xb1";25a1;"RW";8;14;"0~128";
;;;"[7:0]";;"r_nHpWeiInt_2[7:0]"
"0xb2";25a2;"RW";8;2;"0~15";
;;;"[7:0]";;"r_nHpWeiRat_2[7:0]"
"0xb3";25a3;"RW";8;24;"0~255";
;;;"[7:0]";;"r_nShpHpAdjust_2[7:0]"
"0xb4";25a4;"RW";8;12;"0~255";
;;;"[7:0]";;"r_nShpWhtBoost_2[7:0]"
"0xb5";25a5;"RW";8;12;"0~255";
;;;"[7:0]";;"r_nShpBlkBoost_2[7:0]"
"0xb6";25a6;"RW";8;10;"0~32";
;;;"[7:0]";;"r_nShpBack_2[7:0]"
"0xb7";25a7;"RW";8;0;"0~255";
;;;"[7:0]";;"r_nSatLTH_2[7:0]"
"0xb8";25a8;"RW";8;ff;"0~255";
;;;"[7:0]";;"r_nSatHTH_2[7:0]"
"0xb9";25a9;"RW";8;20;"0~255";
;;;"[7:0]";;"r_nSatLTar_2[7:0]"
"0xba";25aa;"RW";8;20;"0~255";
;;;"[7:0]";;"r_nSatHTar_2[7:0]"
"0xbb";25ab;"RW";8;3;"0~15";
;;;"[7:0]";;"r_nSatRate_2[7:0]"
"0xbc";25ac;"RW";8;28;"0~128";
;;;"[7:0]";;"r_nUNoise0_2[7:0]"
"0xbd";25ad;"RW";8;26;"0~128";
;;;"[7:0]";;"r_nUNoise8_2[7:0]"
"0xbe";25ae;"RW";8;25;"0~128";
;;;"[7:0]";;"r_nUNoise16_2[7:0]"
"0xbf";25af;"RW";8;24;"0~128";
;;;"[7:0]";;"r_nUNoise24_2[7:0]"
"0xc0";25b0;"RW";8;23;"0~128";
;;;"[7:0]";;"r_nUNoise32_2[7:0]"
"0xc1";25b1;"RW";8;21;"0~128";
;;;"[7:0]";;"r_nUNoise48_2[7:0]"
"0xc2";25b2;"RW";8;20;"0~128";
;;;"[7:0]";;"r_nUNoise64_2[7:0]"
"0xc3";25b3;"RW";8;1f;"0~128";
;;;"[7:0]";;"r_nUNoise80_2[7:0]"
"0xc4";25b4;"RW";8;1e;"0~128";
;;;"[7:0]";;"r_nUNoise96_2[7:0]"
"0xc5";25b5;"RW";8;1c;"0~128";
;;;"[7:0]";;"r_nUNoise128_2[7:0]"
"0xc6";25b6;"RW";8;1c;"0~128";
;;;"[7:0]";;"r_nUNoise160_2[7:0]"
"0xc7";25b7;"RW";8;1a;"0~128";
;;;"[7:0]";;"r_nUNoise192_2[7:0]"
"0xc8";25b8;"RW";8;19;"0~128";
;;;"[7:0]";;"r_nUNoise224_2[7:0]"
"0xc9";25b9;"RW";8;1c;"0~128";
;;;"[7:0]";;"r_nUNoise256_2[7:0]"
"0xca";25ba;"RW";8;0;"0~4095";
;;;"[7:0]";;"r_nGainNode_3[7:0]"
"0xcb";25bb;"RW";8;4;;
;;;"[7:0]";;"r_nGainNode_3[15:8]"
"0xcc";25bc;"RW";8;0;"0~63";
;;;"[7:0]";;"r_nDpcBlkCoe_3[7:0]"
"0xcd";25bd;"RW";8;0;"0~63";
;;;"[7:0]";;"r_nDpcBlkInt_3[7:0]"
"0xce";25be;"RW";8;0;"0~63";
;;;"[7:0]";;"r_nDpcWhtCoe_3[7:0]"
"0xcf";25bf;"RW";8;0;"0~63";
;;;"[7:0]";;"r_nDpcWhtInt_3[7:0]"
"0xd0";25c0;"RW";8;3c;"0~128";
;;;"[7:0]";;"r_nNoise0_3[7:0]"
"0xd1";25c1;"RW";8;3c;"0~128";
;;;"[7:0]";;"r_nNoise8_3[7:0]"
"0xd2";25c2;"RW";8;3c;"0~128";
;;;"[7:0]";;"r_nNoise16_3[7:0]"
"0xd3";25c3;"RW";8;3c;"0~128";
;;;"[7:0]";;"r_nNoise24_3[7:0]"
"0xd4";25c4;"RW";8;46;"0~128";
;;;"[7:0]";;"r_nNoise32_3[7:0]"
"0xd5";25c5;"RW";8;50;"0~128";
;;;"[7:0]";;"r_nNoise48_3[7:0]"
"0xd6";25c6;"RW";8;5a;"0~128";
;;;"[7:0]";;"r_nNoise64_3[7:0]"
"0xd7";25c7;"RW";8;64;"0~128";
;;;"[7:0]";;"r_nNoise80_3[7:0]"
"0xd8";25c8;"RW";8;6e;"0~128";
;;;"[7:0]";;"r_nNoise96_3[7:0]"
"0xd9";25c9;"RW";8;64;"0~128";
;;;"[7:0]";;"r_nNoise128_3[7:0]"
"0xda";25ca;"RW";8;55;"0~128";
;;;"[7:0]";;"r_nNoise160_3[7:0]"
"0xdb";25cb;"RW";8;37;"0~128";
;;;"[7:0]";;"r_nNoise192_3[7:0]"
"0xdc";25cc;"RW";8;28;"0~128";
;;;"[7:0]";;"r_nNoise224_3[7:0]"
"0xdd";25cd;"RW";8;1e;"0~128";
;;;"[7:0]";;"r_nNoise256_3[7:0]"
"0xde";25ce;"RW";8;3;"0~15";
;;;"[7:0]";;"r_nEdgeRat_3[7:0]"
"0xdf";25cf;"RW";8;e;"0~255";
;;;"[7:0]";;"r_nDnsFlatCoeY_3[7:0]"
"0xe0";25d0;"RW";8;8;"0~255";
;;;"[7:0]";;"r_nDnsFlatIntY_3[7:0]"
"0xe1";25d1;"RW";8;10;"0~32";
;;;"[7:0]";;"r_nDnsFlatBackY_3[7:0]"
"0xe2";25d2;"RW";8;e;"0~255";
;;;"[7:0]";;"r_nDnsEdgeCoeY_3[7:0]"
"0xe3";25d3;"RW";8;8;"0~255";
;;;"[7:0]";;"r_nDnsEdgeIntY_3[7:0]"
"0xe4";25d4;"RW";8;10;"0~32";
;;;"[7:0]";;"r_nDnsEdgeBackY_3[7:0]"
"0xe5";25d5;"RW";8;8;"0~16";
;;;"[7:0]";;"r_nDnsEdgeSideAdjustY_3[7:0]"
"0xe6";25d6;"RW";8;1c;"0~255";
;;;"[7:0]";;"r_nDnsFlatCoeUV_3[7:0]"
"0xe7";25d7;"RW";8;10;"0~255";
;;;"[7:0]";;"r_nDnsFlatIntUV_3[7:0]"
"0xe8";25d8;"RW";8;8;"0~32";
;;;"[7:0]";;"r_nDnsFlatBackUV_3[7:0]"
"0xe9";25d9;"RW";8;1c;"0~255";
;;;"[7:0]";;"r_nDnsEdgeCoeUV_3[7:0]"
"0xea";25da;"RW";8;10;"0~255";
;;;"[7:0]";;"r_nDnsEdgeIntUV_3[7:0]"
"0xeb";25db;"RW";8;8;"0~32";
;;;"[7:0]";;"r_nDnsEdgeBackUV_3[7:0]"
"0xec";25dc;"RW";8;20;"0~127";
;;;"[7:0]";;"r_nFilterH1_3[7:0]"
"0xed";25dd;"RW";8;8;"0~127";
;;;"[7:0]";;"r_nFilterM1_3[7:0]"
"0xee";25de;"RW";8;24;"0~127";
;;;"[7:0]";;"r_nFilterM2_3[7:0]"
"0xef";25df;"RW";8;19;"0~127";
;;;"[7:0]";;"r_nFilterL1_3[7:0]"
"0xf0";25e0;"RW";8;1a;"0~127";
;;;"[7:0]";;"r_nFilterL2_3[7:0]"
"0xf1";25e1;"RW";8;14;"0~128";
;;;"[7:0]";;"r_nHpWeiInt_3[7:0]"
"0xf2";25e2;"RW";8;2;"0~15";
;;;"[7:0]";;"r_nHpWeiRat_3[7:0]"
"0xf3";25e3;"RW";8;14;"0~255";
;;;"[7:0]";;"r_nShpHpAdjust_3[7:0]"
"0xf4";25e4;"RW";8;10;"0~255";
;;;"[7:0]";;"r_nShpWhtBoost_3[7:0]"
"0xf5";25e5;"RW";8;10;"0~255";
;;;"[7:0]";;"r_nShpBlkBoost_3[7:0]"
"0xf6";25e6;"RW";8;14;"0~32";
;;;"[7:0]";;"r_nShpBack_3[7:0]"
"0xf7";25e7;"RW";8;0;"0~255";
;;;"[7:0]";;"r_nSatLTH_3[7:0]"
"0xf8";25e8;"RW";8;ff;"0~255";
;;;"[7:0]";;"r_nSatHTH_3[7:0]"
"0xf9";25e9;"RW";8;20;"0~255";
;;;"[7:0]";;"r_nSatLTar_3[7:0]"
"0xfa";25ea;"RW";8;20;"0~255";
;;;"[7:0]";;"r_nSatHTar_3[7:0]"
"0xfb";25eb;"RW";8;3;"0~15";
;;;"[7:0]";;"r_nSatRate_3[7:0]"
"0xfc";25ec;"RW";8;28;"0~128";
;;;"[7:0]";;"r_nUNoise0_3[7:0]"
"0xfd";25ed;"RW";8;26;"0~128";
;;;"[7:0]";;"r_nUNoise8_3[7:0]"
"0xfe";25ee;"RW";8;25;"0~128";
;;;"[7:0]";;"r_nUNoise16_3[7:0]"
"0xff";25ef;"RW";8;24;"0~128";
;;;"[7:0]";;"r_nUNoise24_3[7:0]"
"0x100";25f0;"RW";8;23;"0~128";
;;;"[7:0]";;"r_nUNoise32_3[7:0]"
"0x101";25f1;"RW";8;21;"0~128";
;;;"[7:0]";;"r_nUNoise48_3[7:0]"
"0x102";25f2;"RW";8;20;"0~128";
;;;"[7:0]";;"r_nUNoise64_3[7:0]"
"0x103";25f3;"RW";8;1f;"0~128";
;;;"[7:0]";;"r_nUNoise80_3[7:0]"
"0x104";25f4;"RW";8;1e;"0~128";
;;;"[7:0]";;"r_nUNoise96_3[7:0]"
"0x105";25f5;"RW";8;1c;"0~128";
;;;"[7:0]";;"r_nUNoise128_3[7:0]"
"0x106";25f6;"RW";8;1c;"0~128";
;;;"[7:0]";;"r_nUNoise160_3[7:0]"
"0x107";25f7;"RW";8;1a;"0~128";
;;;"[7:0]";;"r_nUNoise192_3[7:0]"
"0x108";25f8;"RW";8;19;"0~128";
;;;"[7:0]";;"r_nUNoise224_3[7:0]"
"0x109";25f9;"RW";8;1c;"0~128";
;;;"[7:0]";;"r_nUNoise256_3[7:0]"
"0x10a";25fa;"RW";8;10;"0~4095";
;;;"[7:0]";;"r_nGainNode_4[7:0]"
"0x10b";25fb;"RW";8;0;;
;;;"[7:0]";;"r_nGainNode_4[15:8]"
"0x10c";25fc;"RW";8;0;"0~63";
;;;"[7:0]";;"r_nDpcBlkCoe_4[7:0]"
"0x10d";25fd;"RW";8;0;"0~63";
;;;"[7:0]";;"r_nDpcBlkInt_4[7:0]"
"0x10e";25fe;"RW";8;0;"0~63";
;;;"[7:0]";;"r_nDpcWhtCoe_4[7:0]"
"0x10f";25ff;"RW";8;0;"0~63";
;;;"[7:0]";;"r_nDpcWhtInt_4[7:0]"
"0x110";2600;"RW";8;1;"0~128";
;;;"[7:0]";;"r_nNoise0_4[7:0]"
"0x111";2601;"RW";8;1;"0~128";
;;;"[7:0]";;"r_nNoise8_4[7:0]"
"0x112";2602;"RW";8;1;"0~128";
;;;"[7:0]";;"r_nNoise16_4[7:0]"
"0x113";2603;"RW";8;1;"0~128";
;;;"[7:0]";;"r_nNoise24_4[7:0]"
"0x114";2604;"RW";8;1;"0~128";
;;;"[7:0]";;"r_nNoise32_4[7:0]"
"0x115";2605;"RW";8;1;"0~128";
;;;"[7:0]";;"r_nNoise48_4[7:0]"
"0x116";2606;"RW";8;1;"0~128";
;;;"[7:0]";;"r_nNoise64_4[7:0]"
"0x117";2607;"RW";8;1;"0~128";
;;;"[7:0]";;"r_nNoise80_4[7:0]"
"0x118";2608;"RW";8;1;"0~128";
;;;"[7:0]";;"r_nNoise96_4[7:0]"
"0x119";2609;"RW";8;1;"0~128";
;;;"[7:0]";;"r_nNoise128_4[7:0]"
"0x11a";260a;"RW";8;1;"0~128";
;;;"[7:0]";;"r_nNoise160_4[7:0]"
"0x11b";260b;"RW";8;1;"0~128";
;;;"[7:0]";;"r_nNoise192_4[7:0]"
"0x11c";260c;"RW";8;1;"0~128";
;;;"[7:0]";;"r_nNoise224_4[7:0]"
"0x11d";260d;"RW";8;1;"0~128";
;;;"[7:0]";;"r_nNoise256_4[7:0]"
"0x11e";260e;"RW";8;2;"0~15";
;;;"[7:0]";;"r_nEdgeRat_4[7:0]"
"0x11f";260f;"RW";8;2;"0~255";
;;;"[7:0]";;"r_nDnsFlatCoeY_4[7:0]"
"0x120";2610;"RW";8;1;"0~255";
;;;"[7:0]";;"r_nDnsFlatIntY_4[7:0]"
"0x121";2611;"RW";8;10;"0~32";
;;;"[7:0]";;"r_nDnsFlatBackY_4[7:0]"
"0x122";2612;"RW";8;2;"0~255";
;;;"[7:0]";;"r_nDnsEdgeCoeY_4[7:0]"
"0x123";2613;"RW";8;1;"0~255";
;;;"[7:0]";;"r_nDnsEdgeIntY_4[7:0]"
"0x124";2614;"RW";8;10;"0~32";
;;;"[7:0]";;"r_nDnsEdgeBackY_4[7:0]"
"0x125";2615;"RW";8;8;"0~16";
;;;"[7:0]";;"r_nDnsEdgeSideAdjustY_4[7:0]"
"0x126";2616;"RW";8;4;"0~255";
;;;"[7:0]";;"r_nDnsFlatCoeUV_4[7:0]"
"0x127";2617;"RW";8;2;"0~255";
;;;"[7:0]";;"r_nDnsFlatIntUV_4[7:0]"
"0x128";2618;"RW";8;8;"0~32";
;;;"[7:0]";;"r_nDnsFlatBackUV_4[7:0]"
"0x129";2619;"RW";8;4;"0~255";
;;;"[7:0]";;"r_nDnsEdgeCoeUV_4[7:0]"
"0x12a";261a;"RW";8;2;"0~255";
;;;"[7:0]";;"r_nDnsEdgeIntUV_4[7:0]"
"0x12b";261b;"RW";8;8;"0~32";
;;;"[7:0]";;"r_nDnsEdgeBackUV_4[7:0]"
"0x12c";261c;"RW";8;20;"0~127";
;;;"[7:0]";;"r_nFilterH1_4[7:0]"
"0x12d";261d;"RW";8;8;"0~127";
;;;"[7:0]";;"r_nFilterM1_4[7:0]"
"0x12e";261e;"RW";8;24;"0~127";
;;;"[7:0]";;"r_nFilterM2_4[7:0]"
"0x12f";261f;"RW";8;19;"0~127";
;;;"[7:0]";;"r_nFilterL1_4[7:0]"
"0x130";2620;"RW";8;1a;"0~127";
;;;"[7:0]";;"r_nFilterL2_4[7:0]"
"0x131";2621;"RW";8;14;"0~128";
;;;"[7:0]";;"r_nHpWeiInt_4[7:0]"
"0x132";2622;"RW";8;2;"0~15";
;;;"[7:0]";;"r_nHpWeiRat_4[7:0]"
"0x133";2623;"RW";8;28;"0~255";
;;;"[7:0]";;"r_nShpHpAdjust_4[7:0]"
"0x134";2624;"RW";8;14;"0~255";
;;;"[7:0]";;"r_nShpWhtBoost_4[7:0]"
"0x135";2625;"RW";8;14;"0~255";
;;;"[7:0]";;"r_nShpBlkBoost_4[7:0]"
"0x136";2626;"RW";8;8;"0~32";
;;;"[7:0]";;"r_nShpBack_4[7:0]"
"0x137";2627;"RW";8;0;"0~255";
;;;"[7:0]";;"r_nSatLTH_4[7:0]"
"0x138";2628;"RW";8;ff;"0~255";
;;;"[7:0]";;"r_nSatHTH_4[7:0]"
"0x139";2629;"RW";8;20;"0~255";
;;;"[7:0]";;"r_nSatLTar_4[7:0]"
"0x13a";262a;"RW";8;20;"0~255";
;;;"[7:0]";;"r_nSatHTar_4[7:0]"
"0x13b";262b;"RW";8;3;"0~15";
;;;"[7:0]";;"r_nSatRate_4[7:0]"
"0x13c";262c;"RW";8;1e;"0~128";
;;;"[7:0]";;"r_nUNoise0_4[7:0]"
"0x13d";262d;"RW";8;1c;"0~128";
;;;"[7:0]";;"r_nUNoise8_4[7:0]"
"0x13e";262e;"RW";8;1b;"0~128";
;;;"[7:0]";;"r_nUNoise16_4[7:0]"
"0x13f";262f;"RW";8;1a;"0~128";
;;;"[7:0]";;"r_nUNoise24_4[7:0]"
"0x140";2630;"RW";8;19;"0~128";
;;;"[7:0]";;"r_nUNoise32_4[7:0]"
"0x141";2631;"RW";8;17;"0~128";
;;;"[7:0]";;"r_nUNoise48_4[7:0]"
"0x142";2632;"RW";8;16;"0~128";
;;;"[7:0]";;"r_nUNoise64_4[7:0]"
"0x143";2633;"RW";8;15;"0~128";
;;;"[7:0]";;"r_nUNoise80_4[7:0]"
"0x144";2634;"RW";8;14;"0~128";
;;;"[7:0]";;"r_nUNoise96_4[7:0]"
"0x145";2635;"RW";8;12;"0~128";
;;;"[7:0]";;"r_nUNoise128_4[7:0]"
"0x146";2636;"RW";8;12;"0~128";
;;;"[7:0]";;"r_nUNoise160_4[7:0]"
"0x147";2637;"RW";8;10;"0~128";
;;;"[7:0]";;"r_nUNoise192_4[7:0]"
"0x148";2638;"RW";8;f;"0~128";
;;;"[7:0]";;"r_nUNoise224_4[7:0]"
"0x149";2639;"RW";8;12;"0~128";
;;;"[7:0]";;"r_nUNoise256_4[7:0]"
"0x14a";263a;"RW";8;40;"0~4095";
;;;"[7:0]";;"r_nGainNode_5[7:0]"
"0x14b";263b;"RW";8;0;;
;;;"[7:0]";;"r_nGainNode_5[15:8]"
"0x14c";263c;"RW";8;0;"0~63";
;;;"[7:0]";;"r_nDpcBlkCoe_5[7:0]"
"0x14d";263d;"RW";8;0;"0~63";
;;;"[7:0]";;"r_nDpcBlkInt_5[7:0]"
"0x14e";263e;"RW";8;0;"0~63";
;;;"[7:0]";;"r_nDpcWhtCoe_5[7:0]"
"0x14f";263f;"RW";8;0;"0~63";
;;;"[7:0]";;"r_nDpcWhtInt_5[7:0]"
"0x150";2640;"RW";8;2;"0~128";
;;;"[7:0]";;"r_nNoise0_5[7:0]"
"0x151";2641;"RW";8;2;"0~128";
;;;"[7:0]";;"r_nNoise8_5[7:0]"
"0x152";2642;"RW";8;2;"0~128";
;;;"[7:0]";;"r_nNoise16_5[7:0]"
"0x153";2643;"RW";8;2;"0~128";
;;;"[7:0]";;"r_nNoise24_5[7:0]"
"0x154";2644;"RW";8;2;"0~128";
;;;"[7:0]";;"r_nNoise32_5[7:0]"
"0x155";2645;"RW";8;2;"0~128";
;;;"[7:0]";;"r_nNoise48_5[7:0]"
"0x156";2646;"RW";8;2;"0~128";
;;;"[7:0]";;"r_nNoise64_5[7:0]"
"0x157";2647;"RW";8;2;"0~128";
;;;"[7:0]";;"r_nNoise80_5[7:0]"
"0x158";2648;"RW";8;2;"0~128";
;;;"[7:0]";;"r_nNoise96_5[7:0]"
"0x159";2649;"RW";8;2;"0~128";
;;;"[7:0]";;"r_nNoise128_5[7:0]"
"0x15a";264a;"RW";8;2;"0~128";
;;;"[7:0]";;"r_nNoise160_5[7:0]"
"0x15b";264b;"RW";8;2;"0~128";
;;;"[7:0]";;"r_nNoise192_5[7:0]"
"0x15c";264c;"RW";8;2;"0~128";
;;;"[7:0]";;"r_nNoise224_5[7:0]"
"0x15d";264d;"RW";8;2;"0~128";
;;;"[7:0]";;"r_nNoise256_5[7:0]"
"0x15e";264e;"RW";8;3;"0~15";
;;;"[7:0]";;"r_nEdgeRat_5[7:0]"
"0x15f";264f;"RW";8;8;"0~255";
;;;"[7:0]";;"r_nDnsFlatCoeY_5[7:0]"
"0x160";2650;"RW";8;4;"0~255";
;;;"[7:0]";;"r_nDnsFlatIntY_5[7:0]"
"0x161";2651;"RW";8;8;"0~32";
;;;"[7:0]";;"r_nDnsFlatBackY_5[7:0]"
"0x162";2652;"RW";8;8;"0~255";
;;;"[7:0]";;"r_nDnsEdgeCoeY_5[7:0]"
"0x163";2653;"RW";8;4;"0~255";
;;;"[7:0]";;"r_nDnsEdgeIntY_5[7:0]"
"0x164";2654;"RW";8;8;"0~32";
;;;"[7:0]";;"r_nDnsEdgeBackY_5[7:0]"
"0x165";2655;"RW";8;8;"0~16";
;;;"[7:0]";;"r_nDnsEdgeSideAdjustY_5[7:0]"
"0x166";2656;"RW";8;10;"0~255";
;;;"[7:0]";;"r_nDnsFlatCoeUV_5[7:0]"
"0x167";2657;"RW";8;8;"0~255";
;;;"[7:0]";;"r_nDnsFlatIntUV_5[7:0]"
"0x168";2658;"RW";8;8;"0~32";
;;;"[7:0]";;"r_nDnsFlatBackUV_5[7:0]"
"0x169";2659;"RW";8;10;"0~255";
;;;"[7:0]";;"r_nDnsEdgeCoeUV_5[7:0]"
"0x16a";265a;"RW";8;8;"0~255";
;;;"[7:0]";;"r_nDnsEdgeIntUV_5[7:0]"
"0x16b";265b;"RW";8;8;"0~32";
;;;"[7:0]";;"r_nDnsEdgeBackUV_5[7:0]"
"0x16c";265c;"RW";8;20;"0~127";
;;;"[7:0]";;"r_nFilterH1_5[7:0]"
"0x16d";265d;"RW";8;8;"0~127";
;;;"[7:0]";;"r_nFilterM1_5[7:0]"
"0x16e";265e;"RW";8;24;"0~127";
;;;"[7:0]";;"r_nFilterM2_5[7:0]"
"0x16f";265f;"RW";8;19;"0~127";
;;;"[7:0]";;"r_nFilterL1_5[7:0]"
"0x170";2660;"RW";8;1a;"0~127";
;;;"[7:0]";;"r_nFilterL2_5[7:0]"
"0x171";2661;"RW";8;14;"0~128";
;;;"[7:0]";;"r_nHpWeiInt_5[7:0]"
"0x172";2662;"RW";8;2;"0~15";
;;;"[7:0]";;"r_nHpWeiRat_5[7:0]"
"0x173";2663;"RW";8;28;"0~255";
;;;"[7:0]";;"r_nShpHpAdjust_5[7:0]"
"0x174";2664;"RW";8;14;"0~255";
;;;"[7:0]";;"r_nShpWhtBoost_5[7:0]"
"0x175";2665;"RW";8;14;"0~255";
;;;"[7:0]";;"r_nShpBlkBoost_5[7:0]"
"0x176";2666;"RW";8;c;"0~32";
;;;"[7:0]";;"r_nShpBack_5[7:0]"
"0x177";2667;"RW";8;0;"0~255";
;;;"[7:0]";;"r_nSatLTH_5[7:0]"
"0x178";2668;"RW";8;ff;"0~255";
;;;"[7:0]";;"r_nSatHTH_5[7:0]"
"0x179";2669;"RW";8;20;"0~255";
;;;"[7:0]";;"r_nSatLTar_5[7:0]"
"0x17a";266a;"RW";8;20;"0~255";
;;;"[7:0]";;"r_nSatHTar_5[7:0]"
"0x17b";266b;"RW";8;3;"0~15";
;;;"[7:0]";;"r_nSatRate_5[7:0]"
"0x17c";266c;"RW";8;28;"0~128";
;;;"[7:0]";;"r_nUNoise0_5[7:0]"
"0x17d";266d;"RW";8;26;"0~128";
;;;"[7:0]";;"r_nUNoise8_5[7:0]"
"0x17e";266e;"RW";8;25;"0~128";
;;;"[7:0]";;"r_nUNoise16_5[7:0]"
"0x17f";266f;"RW";8;24;"0~128";
;;;"[7:0]";;"r_nUNoise24_5[7:0]"
"0x180";2670;"RW";8;23;"0~128";
;;;"[7:0]";;"r_nUNoise32_5[7:0]"
"0x181";2671;"RW";8;21;"0~128";
;;;"[7:0]";;"r_nUNoise48_5[7:0]"
"0x182";2672;"RW";8;20;"0~128";
;;;"[7:0]";;"r_nUNoise64_5[7:0]"
"0x183";2673;"RW";8;1f;"0~128";
;;;"[7:0]";;"r_nUNoise80_5[7:0]"
"0x184";2674;"RW";8;1e;"0~128";
;;;"[7:0]";;"r_nUNoise96_5[7:0]"
"0x185";2675;"RW";8;1c;"0~128";
;;;"[7:0]";;"r_nUNoise128_5[7:0]"
"0x186";2676;"RW";8;1c;"0~128";
;;;"[7:0]";;"r_nUNoise160_5[7:0]"
"0x187";2677;"RW";8;1a;"0~128";
;;;"[7:0]";;"r_nUNoise192_5[7:0]"
"0x188";2678;"RW";8;19;"0~128";
;;;"[7:0]";;"r_nUNoise224_5[7:0]"
"0x189";2679;"RW";8;1c;"0~128";
;;;"[7:0]";;"r_nUNoise256_5[7:0]"
"0x18a";267a;"RW";8;0;"0~4095";
;;;"[7:0]";;"r_nGainNode_6[7:0]"
"0x18b";267b;"RW";8;1;;
;;;"[7:0]";;"r_nGainNode_6[15:8]"
"0x18c";267c;"RW";8;0;"0~63";
;;;"[7:0]";;"r_nDpcBlkCoe_6[7:0]"
"0x18d";267d;"RW";8;0;"0~63";
;;;"[7:0]";;"r_nDpcBlkInt_6[7:0]"
"0x18e";267e;"RW";8;0;"0~63";
;;;"[7:0]";;"r_nDpcWhtCoe_6[7:0]"
"0x18f";267f;"RW";8;0;"0~63";
;;;"[7:0]";;"r_nDpcWhtInt_6[7:0]"
"0x190";2680;"RW";8;6;"0~128";
;;;"[7:0]";;"r_nNoise0_6[7:0]"
"0x191";2681;"RW";8;6;"0~128";
;;;"[7:0]";;"r_nNoise8_6[7:0]"
"0x192";2682;"RW";8;6;"0~128";
;;;"[7:0]";;"r_nNoise16_6[7:0]"
"0x193";2683;"RW";8;8;"0~128";
;;;"[7:0]";;"r_nNoise24_6[7:0]"
"0x194";2684;"RW";8;a;"0~128";
;;;"[7:0]";;"r_nNoise32_6[7:0]"
"0x195";2685;"RW";8;10;"0~128";
;;;"[7:0]";;"r_nNoise48_6[7:0]"
"0x196";2686;"RW";8;16;"0~128";
;;;"[7:0]";;"r_nNoise64_6[7:0]"
"0x197";2687;"RW";8;1e;"0~128";
;;;"[7:0]";;"r_nNoise80_6[7:0]"
"0x198";2688;"RW";8;26;"0~128";
;;;"[7:0]";;"r_nNoise96_6[7:0]"
"0x199";2689;"RW";8;30;"0~128";
;;;"[7:0]";;"r_nNoise128_6[7:0]"
"0x19a";268a;"RW";8;20;"0~128";
;;;"[7:0]";;"r_nNoise160_6[7:0]"
"0x19b";268b;"RW";8;10;"0~128";
;;;"[7:0]";;"r_nNoise192_6[7:0]"
"0x19c";268c;"RW";8;a;"0~128";
;;;"[7:0]";;"r_nNoise224_6[7:0]"
"0x19d";268d;"RW";8;8;"0~128";
;;;"[7:0]";;"r_nNoise256_6[7:0]"
"0x19e";268e;"RW";8;3;"0~15";
;;;"[7:0]";;"r_nEdgeRat_6[7:0]"
"0x19f";268f;"RW";8;a;"0~255";
;;;"[7:0]";;"r_nDnsFlatCoeY_6[7:0]"
"0x1a0";2690;"RW";8;4;"0~255";
;;;"[7:0]";;"r_nDnsFlatIntY_6[7:0]"
"0x1a1";2691;"RW";8;8;"0~32";
;;;"[7:0]";;"r_nDnsFlatBackY_6[7:0]"
"0x1a2";2692;"RW";8;a;"0~255";
;;;"[7:0]";;"r_nDnsEdgeCoeY_6[7:0]"
"0x1a3";2693;"RW";8;4;"0~255";
;;;"[7:0]";;"r_nDnsEdgeIntY_6[7:0]"
"0x1a4";2694;"RW";8;8;"0~32";
;;;"[7:0]";;"r_nDnsEdgeBackY_6[7:0]"
"0x1a5";2695;"RW";8;8;"0~16";
;;;"[7:0]";;"r_nDnsEdgeSideAdjustY_6[7:0]"
"0x1a6";2696;"RW";8;14;"0~255";
;;;"[7:0]";;"r_nDnsFlatCoeUV_6[7:0]"
"0x1a7";2697;"RW";8;8;"0~255";
;;;"[7:0]";;"r_nDnsFlatIntUV_6[7:0]"
"0x1a8";2698;"RW";8;8;"0~32";
;;;"[7:0]";;"r_nDnsFlatBackUV_6[7:0]"
"0x1a9";2699;"RW";8;14;"0~255";
;;;"[7:0]";;"r_nDnsEdgeCoeUV_6[7:0]"
"0x1aa";269a;"RW";8;8;"0~255";
;;;"[7:0]";;"r_nDnsEdgeIntUV_6[7:0]"
"0x1ab";269b;"RW";8;8;"0~32";
;;;"[7:0]";;"r_nDnsEdgeBackUV_6[7:0]"
"0x1ac";269c;"RW";8;20;"0~127";
;;;"[7:0]";;"r_nFilterH1_6[7:0]"
"0x1ad";269d;"RW";8;8;"0~127";
;;;"[7:0]";;"r_nFilterM1_6[7:0]"
"0x1ae";269e;"RW";8;24;"0~127";
;;;"[7:0]";;"r_nFilterM2_6[7:0]"
"0x1af";269f;"RW";8;19;"0~127";
;;;"[7:0]";;"r_nFilterL1_6[7:0]"
"0x1b0";26a0;"RW";8;1a;"0~127";
;;;"[7:0]";;"r_nFilterL2_6[7:0]"
"0x1b1";26a1;"RW";8;14;"0~128";
;;;"[7:0]";;"r_nHpWeiInt_6[7:0]"
"0x1b2";26a2;"RW";8;2;"0~15";
;;;"[7:0]";;"r_nHpWeiRat_6[7:0]"
"0x1b3";26a3;"RW";8;24;"0~255";
;;;"[7:0]";;"r_nShpHpAdjust_6[7:0]"
"0x1b4";26a4;"RW";8;12;"0~255";
;;;"[7:0]";;"r_nShpWhtBoost_6[7:0]"
"0x1b5";26a5;"RW";8;12;"0~255";
;;;"[7:0]";;"r_nShpBlkBoost_6[7:0]"
"0x1b6";26a6;"RW";8;10;"0~32";
;;;"[7:0]";;"r_nShpBack_6[7:0]"
"0x1b7";26a7;"RW";8;0;"0~255";
;;;"[7:0]";;"r_nSatLTH_6[7:0]"
"0x1b8";26a8;"RW";8;ff;"0~255";
;;;"[7:0]";;"r_nSatHTH_6[7:0]"
"0x1b9";26a9;"RW";8;20;"0~255";
;;;"[7:0]";;"r_nSatLTar_6[7:0]"
"0x1ba";26aa;"RW";8;20;"0~255";
;;;"[7:0]";;"r_nSatHTar_6[7:0]"
"0x1bb";26ab;"RW";8;3;"0~15";
;;;"[7:0]";;"r_nSatRate_6[7:0]"
"0x1bc";26ac;"RW";8;28;"0~128";
;;;"[7:0]";;"r_nUNoise0_6[7:0]"
"0x1bd";26ad;"RW";8;26;"0~128";
;;;"[7:0]";;"r_nUNoise8_6[7:0]"
"0x1be";26ae;"RW";8;25;"0~128";
;;;"[7:0]";;"r_nUNoise16_6[7:0]"
"0x1bf";26af;"RW";8;24;"0~128";
;;;"[7:0]";;"r_nUNoise24_6[7:0]"
"0x1c0";26b0;"RW";8;23;"0~128";
;;;"[7:0]";;"r_nUNoise32_6[7:0]"
"0x1c1";26b1;"RW";8;21;"0~128";
;;;"[7:0]";;"r_nUNoise48_6[7:0]"
"0x1c2";26b2;"RW";8;20;"0~128";
;;;"[7:0]";;"r_nUNoise64_6[7:0]"
"0x1c3";26b3;"RW";8;1f;"0~128";
;;;"[7:0]";;"r_nUNoise80_6[7:0]"
"0x1c4";26b4;"RW";8;1e;"0~128";
;;;"[7:0]";;"r_nUNoise96_6[7:0]"
"0x1c5";26b5;"RW";8;1c;"0~128";
;;;"[7:0]";;"r_nUNoise128_6[7:0]"
"0x1c6";26b6;"RW";8;1c;"0~128";
;;;"[7:0]";;"r_nUNoise160_6[7:0]"
"0x1c7";26b7;"RW";8;1a;"0~128";
;;;"[7:0]";;"r_nUNoise192_6[7:0]"
"0x1c8";26b8;"RW";8;19;"0~128";
;;;"[7:0]";;"r_nUNoise224_6[7:0]"
"0x1c9";26b9;"RW";8;1c;"0~128";
;;;"[7:0]";;"r_nUNoise256_6[7:0]"
"0x1ca";26ba;"RW";8;0;"0~4095";
;;;"[7:0]";;"r_nGainNode_7[7:0]"
"0x1cb";26bb;"RW";8;4;;
;;;"[7:0]";;"r_nGainNode_7[15:8]"
"0x1cc";26bc;"RW";8;0;"0~63";
;;;"[7:0]";;"r_nDpcBlkCoe_7[7:0]"
"0x1cd";26bd;"RW";8;0;"0~63";
;;;"[7:0]";;"r_nDpcBlkInt_7[7:0]"
"0x1ce";26be;"RW";8;0;"0~63";
;;;"[7:0]";;"r_nDpcWhtCoe_7[7:0]"
"0x1cf";26bf;"RW";8;0;"0~63";
;;;"[7:0]";;"r_nDpcWhtInt_7[7:0]"
"0x1d0";26c0;"RW";8;3c;"0~128";
;;;"[7:0]";;"r_nNoise0_7[7:0]"
"0x1d1";26c1;"RW";8;3c;"0~128";
;;;"[7:0]";;"r_nNoise8_7[7:0]"
"0x1d2";26c2;"RW";8;3c;"0~128";
;;;"[7:0]";;"r_nNoise16_7[7:0]"
"0x1d3";26c3;"RW";8;3c;"0~128";
;;;"[7:0]";;"r_nNoise24_7[7:0]"
"0x1d4";26c4;"RW";8;46;"0~128";
;;;"[7:0]";;"r_nNoise32_7[7:0]"
"0x1d5";26c5;"RW";8;50;"0~128";
;;;"[7:0]";;"r_nNoise48_7[7:0]"
"0x1d6";26c6;"RW";8;5a;"0~128";
;;;"[7:0]";;"r_nNoise64_7[7:0]"
"0x1d7";26c7;"RW";8;64;"0~128";
;;;"[7:0]";;"r_nNoise80_7[7:0]"
"0x1d8";26c8;"RW";8;6e;"0~128";
;;;"[7:0]";;"r_nNoise96_7[7:0]"
"0x1d9";26c9;"RW";8;64;"0~128";
;;;"[7:0]";;"r_nNoise128_7[7:0]"
"0x1da";26ca;"RW";8;55;"0~128";
;;;"[7:0]";;"r_nNoise160_7[7:0]"
"0x1db";26cb;"RW";8;37;"0~128";
;;;"[7:0]";;"r_nNoise192_7[7:0]"
"0x1dc";26cc;"RW";8;28;"0~128";
;;;"[7:0]";;"r_nNoise224_7[7:0]"
"0x1dd";26cd;"RW";8;1e;"0~128";
;;;"[7:0]";;"r_nNoise256_7[7:0]"
"0x1de";26ce;"RW";8;3;"0~15";
;;;"[7:0]";;"r_nEdgeRat_7[7:0]"
"0x1df";26cf;"RW";8;e;"0~255";
;;;"[7:0]";;"r_nDnsFlatCoeY_7[7:0]"
"0x1e0";26d0;"RW";8;8;"0~255";
;;;"[7:0]";;"r_nDnsFlatIntY_7[7:0]"
"0x1e1";26d1;"RW";8;10;"0~32";
;;;"[7:0]";;"r_nDnsFlatBackY_7[7:0]"
"0x1e2";26d2;"RW";8;e;"0~255";
;;;"[7:0]";;"r_nDnsEdgeCoeY_7[7:0]"
"0x1e3";26d3;"RW";8;8;"0~255";
;;;"[7:0]";;"r_nDnsEdgeIntY_7[7:0]"
"0x1e4";26d4;"RW";8;10;"0~32";
;;;"[7:0]";;"r_nDnsEdgeBackY_7[7:0]"
"0x1e5";26d5;"RW";8;8;"0~16";
;;;"[7:0]";;"r_nDnsEdgeSideAdjustY_7[7:0]"
"0x1e6";26d6;"RW";8;1c;"0~255";
;;;"[7:0]";;"r_nDnsFlatCoeUV_7[7:0]"
"0x1e7";26d7;"RW";8;10;"0~255";
;;;"[7:0]";;"r_nDnsFlatIntUV_7[7:0]"
"0x1e8";26d8;"RW";8;8;"0~32";
;;;"[7:0]";;"r_nDnsFlatBackUV_7[7:0]"
"0x1e9";26d9;"RW";8;1c;"0~255";
;;;"[7:0]";;"r_nDnsEdgeCoeUV_7[7:0]"
"0x1ea";26da;"RW";8;10;"0~255";
;;;"[7:0]";;"r_nDnsEdgeIntUV_7[7:0]"
"0x1eb";26db;"RW";8;8;"0~32";
;;;"[7:0]";;"r_nDnsEdgeBackUV_7[7:0]"
"0x1ec";26dc;"RW";8;20;"0~127";
;;;"[7:0]";;"r_nFilterH1_7[7:0]"
"0x1ed";26dd;"RW";8;8;"0~127";
;;;"[7:0]";;"r_nFilterM1_7[7:0]"
"0x1ee";26de;"RW";8;24;"0~127";
;;;"[7:0]";;"r_nFilterM2_7[7:0]"
"0x1ef";26df;"RW";8;19;"0~127";
;;;"[7:0]";;"r_nFilterL1_7[7:0]"
"0x1f0";26e0;"RW";8;1a;"0~127";
;;;"[7:0]";;"r_nFilterL2_7[7:0]"
"0x1f1";26e1;"RW";8;14;"0~128";
;;;"[7:0]";;"r_nHpWeiInt_7[7:0]"
"0x1f2";26e2;"RW";8;2;"0~15";
;;;"[7:0]";;"r_nHpWeiRat_7[7:0]"
"0x1f3";26e3;"RW";8;14;"0~255";
;;;"[7:0]";;"r_nShpHpAdjust_7[7:0]"
"0x1f4";26e4;"RW";8;10;"0~255";
;;;"[7:0]";;"r_nShpWhtBoost_7[7:0]"
"0x1f5";26e5;"RW";8;10;"0~255";
;;;"[7:0]";;"r_nShpBlkBoost_7[7:0]"
"0x1f6";26e6;"RW";8;14;"0~32";
;;;"[7:0]";;"r_nShpBack_7[7:0]"
"0x1f7";26e7;"RW";8;0;"0~255";
;;;"[7:0]";;"r_nSatLTH_7[7:0]"
"0x1f8";26e8;"RW";8;ff;"0~255";
;;;"[7:0]";;"r_nSatHTH_7[7:0]"
"0x1f9";26e9;"RW";8;20;"0~255";
;;;"[7:0]";;"r_nSatLTar_7[7:0]"
"0x1fa";26ea;"RW";8;20;"0~255";
;;;"[7:0]";;"r_nSatHTar_7[7:0]"
"0x1fb";26eb;"RW";8;3;"0~15";
;;;"[7:0]";;"r_nSatRate_7[7:0]"
"0x1fc";26ec;"RW";8;28;"0~128";
;;;"[7:0]";;"r_nUNoise0_7[7:0]"
"0x1fd";26ed;"RW";8;26;"0~128";
;;;"[7:0]";;"r_nUNoise8_7[7:0]"
"0x1fe";26ee;"RW";8;25;"0~128";
;;;"[7:0]";;"r_nUNoise16_7[7:0]"
"0x1ff";26ef;"RW";8;24;"0~128";
;;;"[7:0]";;"r_nUNoise24_7[7:0]"
"0x200";26f0;"RW";8;23;"0~128";
;;;"[7:0]";;"r_nUNoise32_7[7:0]"
"0x201";26f1;"RW";8;21;"0~128";
;;;"[7:0]";;"r_nUNoise48_7[7:0]"
"0x202";26f2;"RW";8;20;"0~128";
;;;"[7:0]";;"r_nUNoise64_7[7:0]"
"0x203";26f3;"RW";8;1f;"0~128";
;;;"[7:0]";;"r_nUNoise80_7[7:0]"
"0x204";26f4;"RW";8;1e;"0~128";
;;;"[7:0]";;"r_nUNoise96_7[7:0]"
"0x205";26f5;"RW";8;1c;"0~128";
;;;"[7:0]";;"r_nUNoise128_7[7:0]"
"0x206";26f6;"RW";8;1c;"0~128";
;;;"[7:0]";;"r_nUNoise160_7[7:0]"
"0x207";26f7;"RW";8;1a;"0~128";
;;;"[7:0]";;"r_nUNoise192_7[7:0]"
"0x208";26f8;"RW";8;19;"0~128";
;;;"[7:0]";;"r_nUNoise224_7[7:0]"
"0x209";26f9;"RW";8;1c;"0~128";
;;;"[7:0]";;"r_nUNoise256_7[7:0]"
"0x20a";26fa;"RW";8;5;"0~16";
;;;"[7:0]";;"r_pColorSaturSegPower[0][7:0]"
"0x20b";26fb;"RW";8;6;"0~16";
;;;"[7:0]";;"r_pColorSaturSegPower[1][7:0]"
"0x20c";26fc;"RW";8;6;"0~16";
;;;"[7:0]";;"r_pColorSaturSegPower[2][7:0]"
"0x20d";26fd;"RW";8;0;"0~1";
;;;"[7:0]";;"r_bAdjustStrengthTempeture[7:0]"
"0x20e";26fe;"RW";8;1e;"-128~127";
;;;"[7:0]";;"r_pTemperature[0][7:0]"
"0x20f";26ff;"RW";8;1e;"-128~127";
;;;"[7:0]";;"r_pTemperature[1][7:0]"
"0x210";2700;"RW";8;1e;"-128~127";
;;;"[7:0]";;"r_pTemperature[2][7:0]"
"0x211";2701;"RW";8;1e;"-128~127";
;;;"[7:0]";;"r_pTemperature[3][7:0]"
"0x212";2702;"RW";8;40;"0~255";
;;;"[7:0]";;"r_pIncreaseRat[0][7:0]"
"0x213";2703;"RW";8;40;"0~255";
;;;"[7:0]";;"r_pIncreaseRat[1][7:0]"
"0x214";2704;"RW";8;40;"0~255";
;;;"[7:0]";;"r_pIncreaseRat[2][7:0]"
"0x215";2705;"RW";8;40;"0~255";
;;;"[7:0]";;"r_pIncreaseRat[3][7:0]"
"0x216";2706;"RW";8;40;"0~255";
;;;"[7:0]";;"r_pDecreaseRat[0][7:0]"
"0x217";2707;"RW";8;40;"0~255";
;;;"[7:0]";;"r_pDecreaseRat[1][7:0]"
"0x218";2708;"RW";8;40;"0~255";
;;;"[7:0]";;"r_pDecreaseRat[2][7:0]"
"0x219";2709;"RW";8;40;"0~255";
;;;"[7:0]";;"r_pDecreaseRat[3][7:0]"
"end";;;;;
